:020000022000DC
:1060000040DD002001B603002B100500EDB50300B4
:10601000EDB50300EDB50300EDB503000000000091
:10602000000000000000000000000000DDB60300DA
:10603000EDB5030000000000D1B80300EDB503008A
:1060400049B90300CB33050049B9030049B903003E
:1060500049B9030049B9030049B9030049B903002C
:10606000E133050049B9030049B90300F7330500DE
:1060700049B9030049B9030049B9030049B903000C
:1060800049B9030049B9030049B9030049B90300FC
:1060900049B9030049B9030049B9030049B90300EC
:1060A00049B9030049B9030049B9030049B90300DC
:1060B00049B9030049B9030049B9030049B90300CC
:1060C00049B9030049B9030049B9030049B90300BC
:1060D00049B9030049B9030049B9030049B90300AC
:1060E00049B9030049B9030049B9030049B903009C
:1060F00049B9030049B9030049B9030049B903008C
:1061000080EA101404F0F01480EA0410604081EA80
:10611000111404F0F01481EA0411614082EA1214AF
:1061200004F0F01482EA0412624083EA131404F0CB
:10613000F01483EA0413634080EA102404F47F44DB
:1061400080EA0420604081EA112404F47F4481EA5B
:106150000421614082EA122404F47F4482EA04228A
:10616000624083EA132404F47F4483EA04236340F7
:1061700081EA500404F0553480EA4400614083EA27
:10618000520404F0553482EA4402634082EA9004E7
:1061900004F0333480EA8400624083EA910404F01E
:1061A000333481EA84016340704700BF82EA90047F
:1061B00004F0333480EA8400624083EA910404F0FE
:1061C000333481EA8401634081EA500404F0553499
:1061D00080EA4400614083EA520404F0553482EAC4
:1061E0004402634080EA102404F47F4480EA0420DF
:1061F000604081EA112404F47F4481EA0421614073
:1062000082EA122404F47F4482EA0422624083EA90
:10621000132404F47F4483EA0423634080EA1014C7
:1062200004F0F01480EA0410604081EA111404F0D4
:10623000F01481EA0411614082EA121404F0F014AF
:1062400082EA0412624083EA131404F0F01483EA31
:1062500004136340704700BF2DE9F14F94464FEAA5
:10626000930B8A68CB6808684968FFF749FF0BF110
:10627000060E33E083EA134480EA134582EA1347AB
:1062800046BA96EA3444604000F00F1684EA0634B9
:1062900020F00F1684EA161054BA94EA01067240F0
:1062A00002F00F1486EA043622F00F1486EA141264
:1062B0004CBA6540694001F00F1485EA043521F0BD
:1062C0000F1485EA14115CBA67407B4003F00F1489
:1062D00087EA043723F00F1487EA1413BCE8F000B0
:1062E0006040694072407B4000F0E03400F01035BF
:1062F00000F00F3040EA540040EAC50080EA900404
:1063000004F0332480EA8400604001F0E03401F0BE
:10631000103501F00F3141EA540141EAC50181EA2B
:10632000910404F0332481EA8401614002F0E034F6
:1063300002F0103502F00F3242EA540242EAC5027E
:1063400082EA920404F0332482EA8402624003F079
:10635000E03403F0103503F00F3343EA540343EA0B
:10636000C50383EA930404F0332483EA840363407F
:1063700081EA324787EA134581EA354690EA060406
:1063800084EA034B82EA1B4280EA044484EA05441F
:1063900083EA144A85EA14448BEA044B84EA3744BE
:1063A00081EA0B4181EA164104EA0A00454082EA8B
:1063B00004082BEA080041408AEA0B0602EA0600BC
:1063C00084EA34438AEA3A4603EA060778404540BD
:1063D000414088EA38478BEA3B4007EA000985EAF2
:1063E000090583EA0709464006EA0906714085EA7D
:1063F000010005EA3546464006EA314181EA30416E
:1064000081EA364606EA304686EA3546344008EAEE
:10641000010886EA01052A4086EA364003405A40D0
:1064200081EA31431F407C4080EA030709EA0709FB
:1064300088EA0908544088EA020806EA0A0601EADE
:106440000B018AEA0B0215408AEA3A4210404540A5
:106450008BEA3B4003405E404240174079404D404C
:106460004E40E443F64386EA18435D4085EA054022
:1064700083EA134386EA034183EA384284EA1143FC
:1064800083EA04435FEA3343BEF1010E3FF6F2AE06
:106490001ED4BCE8F0006040694072407B4020BCE4
:1064A000FFF784FE28606960AA60EB60BDE8F08FAA
:1064B0002DE9E0414FF2F00280EA1031114080EA0C
:1064C0000130484041088208C3084FF0000E4FE7F2
:1064D00000F0113001F0113102F0113203F01133EC
:1064E00040EA410040EA820040EAC3004FF2F00275
:1064F00080EA1031114080EA01304840BDE8E08177
:106500002DE9F04F02F11C050646074600EB850811
:1065100051F8040B043A46F8040BF9D14FF0010C82
:10652000FFF7C6FF5FEA302080EA0C001ECF414033
:106530004A4053405C401EC62000464517D04FEAF3
:106540004C0C1CF4807F18BFACF1E50C2C2DE7D06F
:106550003C2D06D1FFF7ACFF06CF41404A4006C6AE
:10656000100006CF41404A4006C61000D8E736E981
:106570000F00FFF7C5FD043D86E80F00F7D1BDE829
:10658000F08F00BF2DE9F14F03F11C0402EB840CE6
:106590004FEA930B8A68CB6808684968FFF7B0FD3B
:1065A0003CE9F0006040694072407B400BF1060E10
:1065B0004EE083EA134480EA134582EA134746BA61
:1065C00096EA3444604000F00F1684EA063420F066
:1065D0000F1684EA161054BA94EA0106724002F0CB
:1065E0000F1486EA043622F00F1486EA14124CBA0D
:1065F0006540694001F00F1485EA043521F00F145D
:1066000085EA14115CBA67407B4003F00F1487EAF7
:10661000043723F00F1487EA141344BA44404DBAE8
:106620004D4056BA56405FBA5F4087EA174886EA3F
:10663000174B84EA17464FEA38488BEA1B4485EA31
:106640001B4788EA1B4580EA3440694072407B4022
:1066500000F0703400F0803500F00F3040EA440064
:1066600040EAD50080EA900404F0332480EA8400F4
:10667000604001F0703401F0803501F00F3141EAE3
:10668000440141EAD50181EA910404F0332481EA0E
:106690008401614002F0703402F0803502F00F3264
:1066A00042EA440242EAD50282EA920404F0332428
:1066B00082EA8402624003F0703403F0803503F014
:1066C0000F3343EA440343EAD50383EA930404F017
:1066D000332483EA84036340C943DB4381EA000433
:1066E00083EA044686EA020183EA014382EA3345EB
:1066F00083EA14435C4084EA00077FEA040A8AEADA
:10670000024A8AEA010B87EA11488AEA374A80EA94
:10671000060181EA1A418AEA030A04EA0A004540AE
:1067200088EA040707EA0B0041408AEA0B0608EAF8
:10673000060084EA34428AEA3A4602EA06035840EE
:106740004540414087EA37438BEA3B4003EA000972
:1067500085EA090582EA0309464006EA090671400E
:1067600085EA010005EA3546464006EA314181EAFC
:10677000304181EA364606EA304686EA35463440FC
:106780000F4086EA010508EA050886EA364002401D
:1067900088EA020881EA314213405C4080EA020341
:1067A00009EA030987EA0907674088EA040806EA54
:1067B0000A0601EA0B018AEA0B0425408AEA3A44F8
:1067C000204045408BEA3B4B02EA0B02564084EAEC
:1067D0000B04234059406E40694087EA364080EA06
:1067E000384080EA060380EA104481EA134585EACE
:1067F000344585EA17427D4082EA354180EA05400A
:106800003CE9F0006040694072407B40BEF1010EFF
:106810003FF6CFAE20BCFFF7C9FC28606960AA60D4
:10682000EB60BDE8F08F00BFFFF76ABE30B44FF0F9
:10683000000310F8014B11F8015B013A84EA0504EA
:1068400043EA0403F5D1A3F101034FEAD37030BC4E
:10685000704700BF4FF0000310F8012B013943EAE5
:106860000203F9D1A3F101034FEAD370704700BFCF
:1068700030B411F8014B12F8015B6C4000F8014B89
:10688000013BF6D130BC7047064B074A5B7802608B
:106890004FF426728280C371082200238271037232
:1068A000704700BF800D0020CF3E0300064B074A13
:1068B0005B7A02604FF49C728280C3710822FF23CE
:1068C00082710372704700BF800D0020FD39030004
:1068D000F8B5C41D002824F00704054614BF20465F
:1068E000002000F053FA071E02DA6FF00B00F8BD2B
:1068F000254EB1887088F379B2790331033089B2BB
:1069000080B20BF018F80028EFDB737831783C4444
:1069100003341944002D24F0030400FB01F114BFDB
:106920002046002000F0B8FB23180DB9002BDCDB5B
:10693000717A184679B10333002D23F0030414BF94
:1069400020460020728900F019FC0028CDDB20448D
:106950000DB90028C9DB317A91B1737A83B1C41DB6
:10696000002D24F0070414BF2046002002F034FF5D
:106970000028BADB0DB10020B9E72018B7D5B4E77D
:10698000002DF8D1B3E700BF800D00201FB572B60F
:10699000194BDD68EDB9BFF34F8F1849184BCA6822
:1069A00002F4E0621343CB60BFF34F8F00BFFDE7FB
:1069B0002346B2FBF6F25C1C002AF9D104AEDCB22D
:1069C00056FA83F303F80C2C0A2234B901A8A8471D
:1069D000E1E7024600230A26EDE7631E04AEDCB2BF
:1069E00056FA83F3B0FBF2F602FB1600303003F8E0
:1069F0000C0C3046E9E700BF800D002000ED00E000
:106A00000400FA0507B50A4BDA88ADF8002068469D
:106A10009A885B88ADF80420ADF8023001F0FAFCEA
:106A200018B1FA219C20FFF7B1FF03B05DF804FB19
:106A3000800D002010B5044628B309F023F810B9E2
:106A40004FF0FF3010BD06F03BFEB0F5FA7FF7D8EF
:106A50000E4B00221A744FF480721A801B225A8047
:106A60009A8040F20322DA804FF484721A811F2246
:106A7000DC605A81EFF3108472B600F0DDFB04B9DC
:106A800062B60020DEE76FF01500DBE7800D002026
:106A900010B5002840D1234C237C032B39D059B1A9
:106AA000002A3CD00239052936D8DFE801F003126C
:106AB00027352A2D137863700020FFF709FF00287F
:106AC000B7BF0123022323746FF00B00A8BF237408
:106AD00010BD13791BB353790BB31188FB291ED852
:106AE00053881B3B9BB2E02B19D81A2917D913687E
:106AF000C4F802300C4B92889A80DDE713786372F9
:106B0000DAE713886381D7E71388FF2B07D823724E
:106B1000D2E74FF0FF30DBE76FF02C00D8E76FF0E3
:106B20001500D5E7800D0020820D0020F8B50D4638
:106B3000064620B319B311F0070420D1114F3B7C56
:106B4000012B02D16FF00B00F8BD032B02D14FF0E7
:106B5000FF30F9E700F0ACFB0028F8D02846FFF73B
:106B6000B7FE0028EEDB0DF009FA3046214601F0B1
:106B7000D3FCFFF747FF03233B742046E4E76FF0A5
:106B80001500E1E7800D002010B5064C237C032B97
:106B900003D101F0D7FC02F0C3F80AF0D6FF0020C1
:106BA000207410BD800D002008B501F081FCBDE807
:106BB00008400249012000F0E1B800BFAD680200C2
:106BC00008B501F089FCBDE808400249002000F04A
:106BD000D5B800BF89680200074B4FF0FF3141F67E
:106BE000FF72C3E9001205490022C1E900221F21FA
:106BF000C3E90212704700BFC0040020940D0020BA
:106C00003F280CD801380B4BC0F3421200F01F0094
:106C100053F8223023FA00F000F001007047FF28FB
:106C200006D04038C0F34212034B00F01F00EFE7DC
:106C300001207047C0040020940D00200146074B3E
:106C4000006849681A4603C240F48C221A6041F079
:106C5000107242F4FF625A6000207047C0040020A6
:106C60000246034B0068516803C30020704700BF11
:106C7000940D00200246034B0068516803C30020B6
:106C8000704700BFC80400200138064BC0F3421211
:106C900003EB820300F01F009B6823FA00F000F072
:106CA00001007047C0040020F0B50C88C37C028846
:106CB000A5B2C4F30E0404F118060233865B1A442D
:106CC000334497B213FA82F3013B4288B3FBF7F3E4
:106CD00013FB07439BB29A42044A93BF22EA05037F
:106CE0002A4013439BB20B80F0BD00BF0080FFFF22
:106CF0004A1E062A08B50346084604D84FF4D17147
:106D00001520FFF743FE094A914202D940F2A31130
:106D1000F6E711B903B1196008BD2BB11B68002259
:106D2000C3E901211A1D1A600430F5E7FAFFFF7F5D
:106D300010B5114B00EB41041A786389B3FBF2F3F1
:106D400003FB0223013A1A44B2F5706F027980788E
:106D500028BF00231A440B18B2FBF0F100FB1121ED
:106D60005B1AB3FBF0F100FB113313446FEA4343AA
:106D70006FEA5343638110BD9C0D0020024B03EB6F
:106D800080035960704700BF9C0D00202DE9F04F33
:106D900010F0070A85B0054604D040F26F111720A5
:106DA000FFF7F4FD534F07F10C06B1460446B04619
:106DB00057F8043B8DF80BA03BB101A898479DF80C
:106DC0000A30082B01D9F521E9E79DF80B1041BBEA
:106DD00005B131604F4506F10406E9D1002D70D0B0
:106DE000DFF81491002289F800209646022758F80F
:106DF00027A0013FBAF1000F56D09AF804609AF824
:106E000002C0FF2E61D039460023481C39D19C4472
:106E1000BCF1FF0F40D90AB189F800E04FF49A7134
:106E2000BDE79DF80AC06046022838BF02204B1D0E
:106E30005A0004EB4303441E2344BDF80840644455
:106E4000013CCCF1000C04EA0C044042B4F5803F54
:106E500003EA000302D340F20511A0E775B19A1AC4
:106E60000120326091701480D0709DF80C00107178
:106E7000019810814FEA104CA2F806C004FB0134BF
:106E8000A8E758F8210028B190F804B0B34504BF32
:106E900080781B180139B8E7DBB2E6458AF8043080
:106EA0003CBF5FFA8CFE01227B1CA0D10AB189F89D
:106EB00000E0022640F6FF6A58F82670B7B9013E96
:106EC000FAD2601B05B0BDE8F08F0023E5E707EBC1
:106ED00041033846A3F80AA0FFF72AFF09F1010988
:106EE000BB785FFA89F18B42F1D8E8E74FF00009EF
:106EF000F6E700BFA00D00209C0D002038B54FF62E
:106F0000FF730380184B03EB810302461869A8B195
:106F100084780379B3FBF4F104FB1133DBB2194637
:106F200000EB4105B5F90A50002D0EDB0131B1FB34
:106F3000F4F504FB1511C9B28B42F1D1002038BD24
:106F40006381BDE838400AF0D2BC00EB410463899C
:106F5000C3F30E031380C278002AF1D14FF4E57118
:106F60001720FFF713FD00BF9C0D00201C4B03EB07
:106F7000810370B51C69054644B3030404D54FF47E
:106F8000EC711720FFF702FD014620460AF091FC44
:106F9000FF28014604D02046BDE870400AF0A7BC97
:106FA000A078B5FBF0F300FB1353DBB219460A1DC2
:106FB00004EB4206B6F90260002E09DB0131B1FB99
:106FC000F0F200FB1211C9B28B42F0D1002070BD6B
:106FD0008B4201D00023E37004EB42025580DAE7D4
:106FE0009C0D0020094B03EB810310B51C69014681
:106FF00020460AF05EFCFF28014604D02046BDE88A
:1070000010400AF074BC002010BD00BF9C0D002091
:10701000F8B5104B03EB810307461C690146204677
:107020000AF047FCFF28054611D0E288238953EA7D
:10703000024606D0014620460AF059FC0146384671
:10704000B04720462946FFF773FE0020F8BD052013
:10705000FCE700BF9C0D002038B50E4B827903EB96
:1070600082030446186908B9052038BD8278E179A1
:107070009142F9D24B1CE37100EB41035D89B3F9F6
:107080000A30002BF3DBA5800AF031FC20600020E1
:10709000EBE700BF9C0D002070B5044610F0030024
:1070A0000E4603D04E211820FFF770FCFFF720FE9C
:1070B000054624B1034831460460FFF719FE28460F
:1070C00070BD00BFB80D00202DE9F14FDFF870B0A2
:1070D0009DF828A09DF82C901E46DBF8003007464E
:1070E0000D4690461BB960211820FFF74FFC524611
:1070F000092140460AF062FA4A4684B20921304624
:107100000AF05CFA14FA80F1DBF800000AF0A5FB43
:10711000386018B9286001B0BDE8F08F04442C60D5
:1071200038685346414609220AF00BFA28684B4654
:107130000922314601B0BDE8F04F0AF002BA00BFA3
:10714000B80D002070B50E4604460AF04AFA05460E
:1071500030460AF046FA044B2A1821461868BDE862
:1071600070400AF09FBB00BFB80D0020024B1868AA
:1071700008B10AF066BB7047B80D00201F2AF8B5A9
:10718000044626D804200323134D12FB003254B1C9
:10719000A30703D068210920FFF7F8FB22F00303BF
:1071A00029706C602B8122F003022823120403FB58
:1071B00001F001276B68120C0025EEB2B14200D835
:1071C000F8BD14B126181F705E60104401352833D5
:1071D000F3E74FF0FF30F3E7BC0D002070B5154A20
:1071E000157853680021C8B2854203D8BA21092016
:1071F000FFF7CCFB1C46184614F8286B01310EB97A
:107200002346F0E700219970128999610124D96120
:1072100059685C70920803F11E0403F1260524F8F6
:10722000022FAC4243F8041F1144F8D100234361FC
:10723000037070BDBC0D0020134B012200214FF0E4
:10724000FF309A60C3F80012C3F80803C3F80015B2
:10725000C3F804259A60C3F80803C3F80015C3F8FF
:1072600004250A490A4A03F580334FF40040C3F865
:107270000825C1F88000BFF34F8FBFF36F8FC1F8AF
:107280008001C3F80825704700F0004000E100E0ED
:107290000000F63F024B02681A600020704700BFF2
:1072A000C80D0020014B1B68184700BFC80D002007
:1072B000024B1868003818BF01207047C80D002025
:1072C0000A468F2302F8033B0448C368C1F8033021
:1072D0000369536043699360704700BFCC0D002081
:1072E000024B5A8C02435A845B6A1847CC0D00202B
:1072F000014B00215B6A1847CC0D002010B5154CDE
:1073000005F030FA05F02CFC208DFFF7F1FF237E0D
:1073100063B12246104952F80C3BE3606368536046
:1073200004F11900A36893600BF0AAFC218DE06AB8
:1073300002F086FAE36AB3F8AA0002F003FA636B7C
:1073400094F8301094F831009847002384F83830CE
:1073500010BD00BFCC0D0020C1720200034B93F89A
:1073600038300BB1FFF7CABF704700BFCC0D00200B
:1073700070B5184CE66AE36CE3634FF4817305461D
:10738000A4F8403094F85000337D96F8151100EBC6
:1073900083002DB9FF2803D196F814318B4201D018
:1073A00004F058FF337D73B1606D05F031F9616D04
:1073B000E06B05F0B1FB15B9284605F07DF9022315
:1073C00084F8383070BDE06B05F022F905F0C8FB99
:1073D000F1E700BFCC0D0020F0B590F86D40134AE6
:1073E0000B46012CD1E91E6792F8502087B001F1BD
:1073F000800103F190034FF0010006D0022C13D05E
:1074000040F225410620FFF7C1FA00240025CDE90E
:10741000013205900090CDE9034532463B460120FC
:1074200005F0D8FA07B0F0BD0446EFE7CC0D002018
:1074300008B5094B93F83820022A04D040F257319E
:107440002720FFF7A3FADA7A42F00102DA72BDE8E8
:107450000840FFF753BF00BFCC0D002070B50F4DA3
:10746000AE6D3478C90001F0080104F0F304920015
:107470000C4302F0040214431B0103F0100304F058
:10748000EC041C4300F0030004433470B5F864308E
:1074900073700223A5F85C3070BD00BFCC0D0020D6
:1074A000F7B5184CA56E06460DB1636C23B940F6CE
:1074B000C4012720FFF76AFAB4F848306B702B78C4
:1074C0002F4601F0030123F003030B4307F8033BAE
:1074D000B4F84820616C384608F07AFD0DF10202DC
:1074E00001A9E06EE56367640AF0A1F901980AF06A
:1074F0008CF9B4F8481030600122E06E0AF034F9DB
:1075000003B0F0BDCC0D00202DE9F0412C4C94F8D7
:107510003830012B06460F465FFA83F804D040F658
:107520000C112720FFF732FAE56A2B7933B10021DD
:1075300029710420FFF7D4FE85F805802B7A052BEE
:107540000AD120490220FFF7CBFE236E1B78991E3B
:107550004B424B4184F870301EB1BDE8F041FFF75B
:10756000CDBE002FF9D0636F304698470028F4D085
:1075700094F83030002BF0D1638C9A0716D594F82C
:107580007030002BE9D02B7DE46A23B1294604F149
:10759000A800FFF721FF94F81521012096210CF097
:1075A00061FDBDE8F0410020FFF7E2BE002BD4D121
:1075B00094F87830002BE6D194F87930E1E700BFF9
:1075C000CC0D00202C0E00202DE9F04F964EF46AD1
:1075D00091B004F1A8030A930023CDE90D3396F886
:1075E00038300790022B09915FFA83FA04D040F6F5
:1075F000AD112720FFF7CAF9F36B03221D785978E4
:10760000A6F8481013447364079BA6F8402005F0C1
:107610000308002B00F0F48019B1F06E0AF084F832
:107620000146627A338DB1660132D2B282EA9507A1
:1076300043F4007317F00107338546D1237A23B34F
:10764000032B62720AD8012B1FD0D6F880000DA937
:107650000AF013F890B940F2D471CAE7053B012B48
:1076600002D940F2B371C4E701F00EF810B940F24C
:10767000DE71BEE739460820FFF732FED4E91C323E
:10768000013342F10002C4E91C3263790021217206
:107690001BB161711020FFF723FE338D43F40063AB
:1076A000338500230893237DC5F3C007CBB1B6F81B
:1076B0004830B3B105F06CFA0328FBD0022806D19C
:1076C000FFF71CFE11B0BDE8F08F079BEAE740B959
:1076D000A37A03F001039F4203D1012386F83130DE
:1076E000EEE7A27A02F001039F4240D04FF0000B78
:1076F000B36E002B40F09680B6F84830B3FA83F3AF
:107700005B0903EA151386F87930099B002B40F0DA
:107710008F80728C96F88630110704D596F8702009
:10772000002A40F08580012B00F28280736F0120D7
:10773000984700287CD096F83050002D78D1E37C13
:10774000002B00F0D78094F81461012ED4E91C239B
:1077500004F1800104F190074FF0010000F0BF80B8
:10776000022E00F0F18040F22541062042E7B6F8F3
:107770004830E3B108F1FF31012918D8318D41F4C7
:107780008051318596F88410994206D296F83030AF
:1077900043F0100386F83030A8E7B16E0029A5D079
:1077A00096F8851019B12020FFF7A2FD9EE701325F
:1077B000B8F1030FA27219D008F1FF32012A0BD8D9
:1077C000002B93D0D4E91E32013342F10002C4E908
:1077D0001E32DDF81CB08BE7002B87D0D4E91E32B7
:1077E000013342F10002C4E91E327FE7338D0F49B5
:1077F000012043F4805320713385FFF771FDEDE7DD
:10780000237D0BB105F000FA96F88630013386F837
:107810008630338D4FF0000B43F480633385CDF811
:1078200020B065E701236CE7CC0D0020100E00208E
:1078300004F098FFBBF1000F4CD101230993A54D33
:107840002B8D5A0606D44020FFF752FD2B8D43F0B6
:1078500040032B85089B63B1B5F80720B5F80530C8
:107860001343E28813431EBFB5F809300133A5F86E
:107870000930079B002B00F02681B5F80530013355
:10788000A5F80530002385F88630934801F048FFBD
:107890000D9830B109F0B9FF002202720A9901F087
:1078A00047FB0E9B33B100221A720C220A990E98E4
:1078B00001F00CFB099B002B7FF402AF2B8D1B0604
:1078C0003FF500AF8020FFF713FD2B8D43F08003C1
:1078D0002B85F7E641460EA8FFF7E2FDADE72E4601
:1078E00005900020CDE90360FB26CDE901760090EC
:1078F00005F070F8774F94F81421962100200CF0D1
:10790000B1FBD7F82C9097F8503099F8142099F8DB
:10791000141103EB8203FF2B03D199F815318B422D
:1079200002D0FF2004F096FCFE6A00238DF831306F
:10793000ADF83230337A062B00F2B280DFE803F084
:10794000068E9191B0A3A3000646C9E797F8873049
:10795000A6F804310DF132010FA8ADF8323000F075
:1079600085FE30B10F9820B105233372BDF8323057
:1079700014E0FB6A93F85130002B6AD1D7F88000ED
:107980000DF131020DF1320109F052FE002860D0F4
:10799000BDF83230002B4BD101223272B865A7F806
:1079A000643003B1C31C3B66B27A96F809A0367AFC
:1079B0000B92022E07D0053E012E74D81B78022BA5
:1079C0004FF003060CD0D7F8800009F08CFE002899
:1079D0006BD1032E04D000F063FE80F00105EDB200
:1079E0003C4F05F0010387F8783099F81330002BED
:1079F0005DD0B7F86430002B59D051460B9A2B4616
:107A00003046FFF72BFD786D04F002FED7E9150133
:107A100005F048F8012387F8883087F83830BBF143
:107A2000000F3FF40CAF41460EA8FFF739FD06E703
:107A30009DF831201AB902808270032395E70278FD
:107A400002F00302012A08BF4FF0030A86F808A0DB
:107A5000A4E70023ADF83230012333721F4800231E
:107A60009CE7B6F80431D7F88000ADF832300DF15C
:107A700031020DF1320109F0DBFD00287FF476AF11
:107A800040F2C351B5E50DF132010FA800F0EEFD53
:107A900008B10F9810B940F2D251AAE5062364E765
:107AA00040F2DC51A5E501268DE7012598E70B9A08
:107AB0002B4651463046FFF7D1FCB86D04F0A8FDC7
:107AC00005F04EF8A6E7B5F807300133A5F8073002
:107AD000DBE600BFCC0D0020F80D0020460E002094
:107AE00010B5064B93F8382002F0FF0422B91C763B
:107AF00001F09EFE204610BD0C24FBE7CC0D0020BB
:107B0000094B0A4A10B51A60FFF7EAFF20B14FF49B
:107B1000B1712720FEF73AFF00F024FD044CE06429
:107B200000F024FD606510BD2C170020D87C0200F9
:107B3000CC0D0020F8B55C4C94F83860054606F092
:107B4000FF0016B909B102B123B94FF42071272003
:107B5000FEF71CFF63639DF8183084F8853061627E
:107B6000626784F8300084F8860084F8310084F875
:107B700088006084208584F8780084F8790084F88F
:107B80007000A0652066A4F86400E0636064A4F857
:107B90004800E56204F0A0FB04F0E2FF95F91C0147
:107BA00004F0E4FBD5F8D060D5F8C80004F0E4FB9D
:107BB000304604F01FFD95F8240004F0E7FBE36A6B
:107BC00093F891320BB104F075FB0BF0E8FB95F8DC
:107BD000152100F18901012004F046FC334B18689F
:107BE00004F00EFDD5F8BC30C4F88030D5F8C030B4
:107BF000E366AB7B233B072B54D9EB7B233B072B63
:107C000050D9B5F8E630B5F8EC0095F81411984263
:107C100028BF18460AF0B3FD95F8E830834228BF24
:107C2000034698B295F8E430984200D3C3B295F871
:107C3000151184F8873005F1DC000BF098F82F7DE2
:107C400095F81511B5F8F0600AF099FD0FB90430F8
:107C500080B2864228BF0646F3B284F8843084F8A6
:107C600050302B7D23B1294605F1A800FFF7B4FB66
:107C70000120FFF77DFBE36AD3F8C00104F0E4FCC8
:107C8000002323606360A360EB886380B5F8AA30AB
:107C9000238095F824302371D5F818310BB10122D7
:107CA0001A60F8BD1B23C2E7CC0D00202C17002062
:107CB000014B93F888007047CC0D0020024B93F8DD
:107CC0002900C0F3C0007047CC0D0020014B93F891
:107CD00086007047CC0D002031740200C975020087
:107CE000097502005D730200F0B5070CA7F5AA4202
:107CF000144B543A012A03EA90231FD927F4004079
:107D000042F6AA22801A18BF012000221621164628
:107D10001F2487EA060562EA0505013510D0DD0358
:107D2000ADB245EA5606E503ADB2013945EA520265
:107D30004FEA53034FEA5404EBD1F0BD0020E4E7CF
:107D40000020FAE7E0FF3F00304BF0B55A89B0F869
:107D50006070B0F85E609D89974228BF17469642D2
:107D600028BF16461B2E85B00C462ED0B5F5A47F35
:107D70002DD040F648039D4201A928BF1D4609F0B9
:107D800015FFBDF80A30BB4228BF3B46E380BDF873
:107D90000C30AB4228BF2B462381BDF80630B342DE
:107DA00028BF33466380BDF80830AB4228BF2B465E
:107DB000A380FF232370E3881B3B9BB2E02B08D9F1
:107DC00040F209513920FEF7E1FD1B2FCED105B05D
:107DD000F0BD63881B3B9BB2E02B02D940F20B51F4
:107DE000F0E72389A3F5A4739BB2B3F5E06F02D942
:107DF00040F20D51E6E7A388A3F5A4739BB2B3F557
:107E0000E06FE4D940F20F51DCE700BF580E0020CC
:107E100010B501210020FFF7E5F8044670B90121F3
:107E2000FFF7A4F8044620B940F225313920FEF7C7
:107E3000ADFD034B93F918100BF0B2FD204610BDB9
:107E4000580E0020014BD888704700BF580E002004
:107E5000044BD87CC0F3400080F0010000F001002A
:107E6000704700BF580E002008B50AF01AFC00F059
:107E70005BFD00F09BFB0AF0DBFE01F0BFFC03F0B2
:107E8000C3FE084B084800221A60084B4FF01B1134
:107E9000C3E901014FF4A471D960DA741A801A821F
:107EA00008BD00BF3017002003021B00580E002041
:107EB000034B41F64C525A611B229A74FFF7D4BF10
:107EC000580E0020F7B5284D6B69C0F8DC3000F182
:107ED000A807264BC0F8C430044638460BF0F3FB25
:107EE000064600F053FB830654BF1B23EB88A4F81F
:107EF000063158BF1A461E4BA97C1B6848BF2A8909
:107F0000A4F8082184F8E410A4F8E66023B194F9F9
:107F10001C11B4F8AA009847164938460AF0ACF983
:107F20000123EA886979A4F8DA302B89019129794B
:107F30000091033303329BB292B204F1C00104F109
:107F4000BC00FFF7C1F8D4F8BC3023B940F2E241DD
:107F50003920FEF71BFDD4F8C03013B940F2E341DD
:107F6000F6E703B0F0BD00BF580E002000093D0049
:107F700034170020660E0020024B1B6803B118471F
:107F80000C20704730170020034BDA8802801B79E1
:107F900083700020704700BF580E002037B58378EB
:107FA0001A2B054608D8042B04D9144A22FA03F3E5
:107FB000DB0705D412241AE0292B01D03B2BF9D181
:107FC0002888B0F5706FF5D201A90AF0FCFB88B9DA
:107FD000019B93F8202102F0FF046AB9AA7883F884
:107FE0002121FF2283F8202101A809F0B2FE2046BA
:107FF00003B030BD0224FAE70C24F8E7200038046F
:108000000188A1F11B039BB2E02B0CD84288A2F59A
:10801000A4739BB244F24810834204D8034B00205F
:1080200059819A8170471220704700BF580E002076
:1080300038B50278447802F0010354EA030102F0F3
:10804000020201D1112038BDBAB98578002DF9D0CE
:10805000002B18BF002400E01D46204609F099FDC2
:108060000028EFD0284609F094FD0028EAD0054BFF
:1080700000209C73DD731882E5E7002BECD0002410
:108080002546EAE7580E002013B5008801A90AF03A
:10809000B3FB044620B9019890F832311BB13A2461
:1080A000204602B010BD90F85C3003F0FF04002BB6
:1080B000F5D190F853309B0706D1FF2380F8323179
:1080C00001A809F046FEEBE7024954300AF0D8FD5A
:1080D000E6E700BFF5320300F7B50778EF2F054656
:1080E0000C460FD890F901204378002A0ADB8278E9
:1080F000900707D113F010001DD1990603F0030279
:1081000002D51AB1122442E0032AFBD01E07F9D48B
:108110002979EA78EE7942EA0122697942EA014254
:10812000A97941EA06212E7A41EA06418A42E9D834
:108130001F2A0FD8E6E713F0600FE3D103F0070220
:10814000052A05D003F00F010D22CA40D107D9D569
:108150001A07DDD56A7A013A062AD3D8AA7A032A01
:10816000D0D813F0040102D1023A012A03D8EA7AE6
:10817000012AC7D811B9AA7C032AC3D82A7D48B1DD
:10818000012ABFD12A7E012ABCD830B91124204649
:1081900003B0F0BD022AF5D1B4E7DB0712D46B7847
:1081A0002A7D03F01803082B11D1022AEED10121F8
:1081B0003846FEF717FF064678B10BF0A5FBB8B1BD
:1081C0000C24E4E700F0A2F90028E8D1DEE7022A57
:1081D000EDD02B7F002BEAD0D8E701213846FEF7FF
:1081E000C5FE064640B3154B93F918100BF0D8FBAB
:1081F00030460BF0C5FC29462070E87430460BF081
:1082000015FCEB7E0446002BC1D00028BFD1B16A1B
:108210000246684609F0A6FBB06A2246012109F031
:10822000EDFBB16A6846042209F09CFBB06A224665
:10823000214609F0E3FBAAE70724A8E7580E00202F
:1082400030B50279042A8BB003464FD84088B0F588
:10825000804F4BD826498D5C114400244A79ADF8F3
:10826000004042F0100242EA45028D7AC97B8DF847
:10827000084042EA850242EAC10202F01F028DF87C
:108280000020BDF80020ADF809201A888DF80B20D9
:108290008DF80E00120A000A8DF80C208DF80D40A2
:1082A0008DF80F008DF810405A7B8DF811205A7907
:1082B0008DF812209A79D3F807008DF81320B3F8BF
:1082C0000B209B7B8DF81A307F2305908DF81B3097
:1082D00069464FF0011302A8CDE90734ADF8182024
:1082E0008DF82440FFF7F8FE0BB030BD1220FBE7FD
:1082F000685D050073B50646FFF78AFD04460BF07E
:108300004AFC3378012B05465FD120460BF07BFBFE
:1083100000287AD020460BF03EFC18B115B9122087
:1083200002B070BD20460BF0EFFA08B10C20F7E761
:1083300020460BF026FB06460028F7D1204602F027
:1083400009FC0028EBD0ED0142F2107331462046C3
:10835000ADB25D430BF00BFC20460BF014FC014664
:1083600058B92A46204601F0F1FD08B90020D7E7A8
:1083700041F698213920FEF709FB31460DF1060040
:10838000FEF7BCFD064608B90D20C9E7BDF806108A
:108390000AF041FA314620460BF001FC3046FFF767
:1083A00091FD2A463146204601F0D0FD024610B12B
:1083B00041F6B421DEE7164BDB69002BD6D006F57B
:1083C000917106F1A8009847D0E7002BA7D120466D
:1083D0000BF019FBC8B120460BF096FA0028C5D067
:1083E00020460BF040F9054620460BF03FF90146C8
:1083F00000289BD1002DB9D0B5F8AA00FEF708FEE1
:108400000028B3D041F6D621B4E7422088E700BF68
:10841000580E00200278034672B1427862B1428859
:108420001A2A09D982881A2A06D9044A0068506093
:108430009B8813810020704712207047580E00203F
:10844000024B02685A610020704700BF580E00209E
:108450000378A3F10A02112A9DBF024A00209374F7
:1084600012207047580E002008B5052000F082F851
:1084700003F08AFB014B024ADA6108BD580E002066
:10848000497D020008B5094B01221A7002F052FB27
:108490000BF036FD0AF003F9FFF732FB002009F07C
:1084A0002EFABDE8084000F04BBC00BF780E00205B
:1084B00010B5064C0649201D09F08DFE04F1080098
:1084C0000449BDE8104009F086BE00BF780E0020C8
:1084D000080500201005002010B5084C0849201D93
:1084E00009F079FE04F10800064909F074FE04F170
:1084F0000C000549BDE8104009F06DBE780E002063
:10850000180500202005002028050020014B1878C0
:10851000704700BF780E002010B5064C00F0ECFB51
:10852000606809F050FEFFF7C3FC00F07FFD0123F7
:10853000237410BD780E0020014B187C704700BFDB
:10854000780E002010B5064CA06809F03CFEE068EB
:1085500009F039FEFFF788FC0023237410BD00BF2B
:10856000780E002000487047890E002000487047B0
:108570008B0F0020C208044900F00700012383404C
:10858000885C03438B547047D0040020014BD3E92F
:1085900000017047D0040020034B1868C0F300208E
:1085A000400040F001007047D004002008B505F0FD
:1085B00087F8084A002332F82310814205D302EBE2
:1085C00083029378044A137008BD01330C2BF2D157
:1085D0000023F7E77C5D05008D10002008B50068DA
:1085E000B0F8AA30A0F8653190F8143180F8641121
:1085F000012B06D0022B04D04FF43F710620FEF76A
:10860000C5F980F8673190F81531012B01D0022BA4
:10861000F2D180F86831BDE80840024900F25B10F1
:108620000AF02EBB63220300024B002283F82220B3
:108630009A8470478E100020044B93F82220012A60
:108640001ABF036001200020704700BF8E10002079
:10865000054B93F82210012902461DBF012083F823
:1086600022009A84002070478E100020054B02469D
:1086700093F8220020B1136009B19B8C0B8001207C
:10868000704700BF8E100020044B93F82200002298
:108690009A8410B183F82220012070478E100020A8
:1086A000034B93F82200B0FA80F04009704700BFF6
:1086B0008E10002050B90A4A1346012003F8010B1E
:1086C0000868C2F801008A889A807047012805D19D
:1086D000034B0A689A608A88D8719A81704700BFF4
:1086E000B410002050B90B4B187888B1D3F8012092
:1086F000B3F805300A608B8001207047012806D14D
:10870000044BD87920B19A680A609B89F3E700206E
:10871000704700BFB410002010B9044B18787047A0
:10872000012806BF014BD87900207047B410002003
:10873000F7B500238A888DF80600ADF80420086894
:108740000B4A8DF80730019D1478014602F5A87296
:10875000D8B2844201D8082008E052F8087F566851
:10876000AE4208BF8F4203F10103F1D103B0F0BD67
:10877000C810002030B5094B01465C78002203F296
:108780000113D0B2844201D8082005E013F8015F3C
:108790008D4202F10102F4D130BD00BFC8100020AB
:1087A000F0B5254D95F8984189B0224605F299110A
:1087B000684607F00DFC2146684609F091FF044623
:1087C000B8B300EB4001C9B202A8FEF76BFD631E0F
:1087D00095F8A161DBB2012495F8981105E0721CAF
:1087E000B2FBF1F001FB1022D6B206F120020DEB34
:1087F000020010F8202C002AF1D103EB43012031B4
:10880000694406EB46022A4411F8187C82F8A271EA
:1088100011F8177C11F8161C82F8A37182F8A411C4
:1088200000F8204C013BAA19DBB2FF2B82F89941DA
:10883000D2D109B0F0BD00BFC810002070B5064607
:1088400088B00C46002A4ED0294A92F8A131D0189F
:1088500090F8991119B9FF212820FEF797F803EB3A
:1088600043011144013391F8A251E57091F8A351ED
:1088700091F8A41161710021257180F8991192F885
:108880009811B3FBF1F001FB103382F8A13192F89B
:10889000C23123B9174902F5DD700AF0EEF96579A6
:1088A00005F03F0545F0400565710D220021684641
:1088B00007F04EFBE3788DF80F3023798DF80E30FA
:1088C00004AA0423694630468DF80D5007F09EF93E
:1088D0009DF81F3023709DF81E3063709DF81D3089
:1088E000A37008B070BD03216018FEF7DBFCD6E76B
:1088F000C8100020A1870200044B5A78824286BF2C
:108900001B1893F84A010020704700BFC8100020D0
:10891000044B5A78824286BF1B1893F8420100200C
:10892000704700BFC8100020064B00224FF4617151
:108930001A8083F8C32183F8C421A3F8C61183F8F1
:10894000C2217047C8100020014BB3F8C601704720
:10895000C810002030B50A4B5C7884420ED9184408
:1089600090F802012B3003EBC004A5790D7053F889
:1089700030001060A3889380012030BD0020FCE708
:10898000C81000200246074810B590F8C34124B132
:10899000417821B1023003F059F9204610BD0C4650
:1089A000FBE700BFC81000202DE9F74F2F4C9A4677
:1089B000637883428046894656D9231893F84251FA
:1089C00085F00105F9B193F84A31E3B945F00207A2
:1089D0000135BAF1000F18D1FA070AD5062101FBBB
:1089E000084104EB0810524601F585718230FFF70B
:1089F00025FFBB0734D504EB081052464946023028
:108A0000FFF71CFF2CE02F46E3E794F8A1614FF03D
:108A1000010B002DE0D0A319019393F8991199B996
:108A20000092DAB100F0D2FA06EB46012144019B34
:108A300081F8A2014FEA102C009A81F8A3C1000C22
:108A400081F8A40183F899B194F898310136B6FB06
:108A5000F3F103FB1166F6B2013DDAE747F00407D4
:108A6000384603B0BDE8F08F0027F9E7C8100020B2
:108A7000074B5A78824209D91A1892F842212AB92A
:108A8000062202FB003000F5857070470020704719
:108A9000C8100020064B5A78824281BF1B1893F8F9
:108AA0003A01B0FA80F0400998BF0020704700BF3B
:108AB000C8100020034B80F874101B680BB140886D
:108AC00018477047381700200B2808B504D940F222
:108AD00029112920FDF75AFF014B33F8100008BD7A
:108AE000AC5D0500036830B50024D3F8C400A3F8DA
:108AF0004040B3F8444042F210754443B4FBF1F4F3
:108B0000A3F844404C1E05FB0242B2FBF1F2A3F86D
:108B10004220094AB2FBF1F20132A3F848209A8FB1
:108B200005FB02445A6BB4FBF1F450439C63B0FB69
:108B3000F1F0586330BD00BF005A620213B540F631
:108B4000B8338387B0F8CE20D0F8C4100190044623
:108B500001A8FFF7C7FF0C4B1B68062B01D00133A0
:108B60000FD10A4B1B68063B08330AD9D4F8C8005A
:108B7000FFF7BAF880F00100C0B284F8910202B0A9
:108B800010BD0020F9E700BFB0160020B416002089
:108B90000346084671B13F2B0BD8074AD35C03F05C
:108BA0007F02914205D08CBF0120002000EAD31043
:108BB00070470120704700BFC45D0500FF230B70A4
:108BC00002234B7083238B70014B1B78CB70704753
:108BD000941200202DE9F84FD0F80480D8F81860DE
:108BE00030460C4608F0FFFD054620B94FF4AA7147
:108BF0001020FDF7CBFE0146304608F002FEB5F826
:108C000000B01FFA8BF7824617B94FF4AC71EFE74B
:108C1000224B1B6800F10309D3B998F8023098F889
:108C2000032023706378A4F802B002F00F0223F04F
:108C30000F03134323F0C00363709AF8003003F06E
:108C40000303012B0FD0022B0DD04FF4BB71CFE7E4
:108C5000B8F802003A464946984705460028DCD154
:108C60002846BDE8F88F627863F3051262703046DB
:108C700008F0CDFD054610B94FF4C071B8E7FB2FE1
:108C800002D940F28F11B3E73A464946201D07F05A
:108C90009FF9304608F016FDE2E700BF3C170020C0
:108CA00038B5134C10220021201D07F051F9012581
:108CB0002574102204F10803002104F11400C4E912
:108CC000013307F045F984F8205004F11803C4E992
:108CD0000533084A00236362A36284F82C30C4F889
:108CE0002D30C4F8313084F835301360A36338BDBB
:108CF000941200203C17002010B5084C2378FF2B5D
:108D000004D040F299111020FDF740FE06F0C4FF98
:108D10002070BDE81040FFF7C3BF00BFDD04002096
:108D200010B5034C207806F0D1FFFF23237010BD4F
:108D3000DD040020014B187806F0D8BFDD040020C8
:108D4000014B024A1A60704740170020D58B020081
:108D50002DE9F341DFF86881054608F11407D8F8DA
:108D60000830D8F81840227A012A22D1D8F83820C1
:108D700052B1137A1BB9BF211020FDF707FED8F8B6
:108D80003840C4B9002083E01A7A012AFAD04D4A4B
:108D90001C46EFF3108172B650680068506001B94C
:108DA00062B6A34208BFC8F83840237A1BB9EE2147
:108DB000E2E73A46EDE7267AF6B205232372731E00
:108DC0000B2B6ED8DFE803F06A062235676D3E6D27
:108DD0006D6D6D5B636813B94FF40371CCE720468A
:108DE000294698470420EFF3108272B6237A052BA8
:108DF000D9B24FF0000359D12372D8F83810A142EC
:108E000001D1C8F83830B2BB62B634E0636813B938
:108E100040F21521B0E72946204698470346C3F3A0
:108E20000723012BADF80400C0B22FD0022BDAD1FA
:108E30001AE0636813B940F21D219DE72046984768
:108E40000020D0E763680BB9FE2195E786222A70DF
:108E500001225988AA706A7100225869A5F8031086
:108E6000AA7108F02FFC0420D8F83830A34202D1B0
:108E70000023C8F8383000283FF471AF08E0124BE7
:108E800029461B6820469847034668B9267298B160
:108E900002B0BDE8F0814FF415716DE740F2572143
:108EA0006AE740F25A2167E70220DDE711B940F294
:108EB0007B2161E71846A6E7002B7FF450AF61E7FE
:108EC00094120020981200204017002010B513467D
:108ED000027A22B140F202311020FDF757FD0A4616
:108EE000BDE810400146014809F0A4BE98120020D8
:108EF000044890F82C301BB90349243009F0B7BE60
:108F0000704700BF94120020252C0300034606483A
:108F100090F83C203AB190F8352022B900F82D3B6A
:108F2000024909F0A4BE704794120020BD8B0200D4
:108F300010B50A46037A23B140F20A311020FDF73A
:108F400025FD0146BDE810400148072309F072BE27
:108F5000A81200201346027A0AB1037270470A462B
:108F60000146014809F066BE981200201B234FF00D
:108F70001B128384038482618382C260038539B9B2
:108F80004FF4A473034AC3844384C261C382026161
:108F9000704700BF48014801014909F071BE00BF98
:108FA000872C03000B8BA2F80B304B8BA2F80D30F3
:108FB0008B8BA2F80F30CB8BA2F809000249A2F8E4
:108FC0001130104609F056BED72C0300094AD2E9E9
:108FD0000003434083EAB01181EA43214FEAF3439F
:108FE0005360054B116058434FEAF06000EB80007E
:108FF000704700BFD4120020BB79379E094AD2E9DE
:109000000003434083EAB01181EA43214FEAF3436E
:109010005360054B116058434FEAF06000EB80004D
:10902000704700BFE0040020BB79379E10B50A4CA2
:1090300009480821FEF736F9D4E900321343F7D086
:10904000064CFFF7DBFF2060FFF7D8FF2368606066
:109050001843F6D010BD00BFE0040020D412002059
:10906000174B184A9A60184A5A60184A1A60184AE8
:109070009A62184ADA62184ADA60184A9A61184AFB
:109080001A63184A1A62184ADA64184A9A64184A23
:109090005A62184B184A9A60184A5A62184ADA6299
:1090A000184A1A61184A5A61184A9A61184A1A638A
:1090B000184A9A64184ADA64184A9A63704700BFDB
:1090C0004417002011300300373003009D300300A7
:1090D00059310300A331030021940200B53103008C
:1090E000959602001D95020079320300913203002B
:1090F0006995020044180020273003004D32030018
:10910000D331030083310300F3310300AD94020037
:1091100017330300BF320300B132030037320300BC
:10912000044B054A5A65054B054A1A65054A5A65B6
:10913000704700BF44170020C533030044180020C7
:10914000AF33030031340300054B064A9A65064AE3
:109150001A66064B064A9A65064ADA65704700BFEA
:10916000441700204F240300032503004418002067
:109170009F2303008326030037B5044601A80D464C
:10918000FFF75AFA20B94FF4AA615120FDF7FEFB10
:1091900000210198222206F0DBFE019B194601F80E
:1091A000035F023D232D00F28980DFE805F025876B
:1091B000128A8A25872B878A313D418787458A8A8B
:1091C0004E4E656587878787878787878787876C00
:1091D00077802168D1F8CE215A60D1F8D2219A60E7
:1091E0002268D2F89420DA600D20FFF731FA0028C7
:1091F00069D140F25751C8E7226892F8A0201A714D
:109200000220F2E7204600F00BFA0028EDD13DE005
:1092100011221A7159225A7100229A713922DA7177
:1092200010221A720620E0E7226892F89A20E6E7F8
:10923000084600F0E3F9E8E7226892F89B101971FC
:1092400092F89A205A710320CFE72268B2F80011F1
:109250001971090A5971B2F8A2109971090AD971E4
:10926000B2F8FC101972090A5972B2F8A0209A7269
:10927000120ADA720920B8E7226892F82E111971E1
:1092800092F82F21DEE7114B1B6813B940F24951C8
:109290007BE72320224698470420A6E70B4B1B6858
:1092A000002BF3D022462420984705209DE7074B4A
:1092B0001B68002BEAD022462520F5E740F24451F6
:1092C00063E7012091E703B030BD00BF44190020DF
:1092D0003F289ABF024B53F820000020704700BF80
:1092E000441700203F289ABF024B53F8200000206B
:1092F000704700BF44180020F7B50568D5F8BC607A
:1093000004464FF6FF770DF102010DF101023046E0
:10931000ADF8027008F08CF901A9304608F0ADF9FB
:1093200048B1019808F071FA2168A8310022027250
:10933000FFF7FEFDE7E7044905F1280003B0BDE8AB
:10934000F04009F097BC00BFA52F0300F0B504461C
:1093500085B00D46FF2600F8A56C10F8A63CF3B1C9
:10936000174F3B781BB162211F20FDF70FFB0C212B
:10937000381DFDF797FF3E70002304F8A53C2A46F0
:109380008A2302F8033BD4F80930C5F80330D4F837
:109390000D305360D4F81130936005B0F0BD01A8D2
:1093A0000C21FDF77FFFA4F5F473039A1A6001AB5B
:1093B00003CB44F8AE0C44F8AA1C04F8A66CDBE717
:1093C000DC12002010B5054C23782BB90C21201D90
:1093D000FDF768FFFF23237010BD00BFDC120020E3
:1093E000024690F8D631BBB990F8D73103F0FF01AF
:1093F0000BB100207047094B18780028F9D019707C
:10940000D968C2F89410043303CBC2F8CE01C2F875
:10941000D211FF2382F8D63101207047DC120020E0
:1094200038B50268D37B04460D463BB1122B05D0FC
:10943000103B0F2B8CBF0120082038BD92F8523012
:1094400013B9204609F074FD2268D5F80B30C2F834
:10945000C631D5F80F30C2F8CA312368D5F81320C9
:10946000C3F89020B3F8AA20A3F88522D5F80120EC
:10947000C3F88722D5F80520C3F88B222368B5F8F6
:109480000920A3F88F222368002583F89E5183F8D2
:10949000D6512068044900F51F7009F0E8FB2368E5
:1094A0001522DA732846C8E74D93020010B5036809
:1094B000DA7B1F2A044604D040F29D211F20FDF7CD
:1094C00065FA93F85220B3F8AA00002183F85110EE
:1094D00082B1C3F8A91183F85210A3F8AD110D4958
:1094E000A3F8AA0103F5D07009F0C1FB236800229C
:1094F000DA7310BD0121A3F8990183F89B1183F859
:109500009821054983F89F21A3F89C2103F28F102D
:10951000EAE700BF413103002931030038B505688F
:109520002B6813F0010419D1D1F801200C4BD1F8AC
:10953000051013400B4AC5F86230C3F3076343F0CC
:1095400008030A4085F86530C5F8662009F0F0FC8C
:109550002B6843F001032B60204638BD0120FCE757
:109560002FC904F76FDB008010B50068837B042BE4
:109570002CD1D1F80130D1F80540C0F86230C3F3E6
:10958000076343F0080380F8653000234A1CC0F8E5
:10959000664080F84A30837390F8713103F0FF041D
:1095A0000BB1002010BDB0F8AA30A0F8733180F8DC
:1095B0007241D1F80130C0F875315368C0F8793183
:1095C000034900F2691009F052FBEAE70120E9E7DC
:1095D0000D320300006890F871315BB9B0F8AA3021
:1095E000A0F873311A2380F87231034900F2691030
:1095F00009F03DBB704700BF0D32030010B50446B3
:10960000FEF7C4FF044A054B02400B40C4F801209A
:10961000C4F80530092010BD2FC904F76FDB0080A6
:1096200037B50C460568FEF7B1FF0A4A0A4B0A40F7
:1096300095F862100192034000930B408DF80030C2
:109640006B4603CBC4F801000920C4F8051003B031
:1096500030BD00BF6FDB00802FC904F738B5DB04D5
:10966000154604D5037D13B10023436338BD446B15
:109670000134446309F02EFE836B9C42F6D3002331
:10968000436303492846BDE8384009F0F9BA00BFF2
:109690006D32030038B50468A37B012B054602D068
:1096A0002368980738D494F853309A0713D44A782B
:1096B00084F85D204A88A4F85E208A88A4F8602097
:1096C000D80743F0020284F853200FD5134904F160
:1096D000540009F0D5FA94F85330D90711D423680F
:1096E0009A0708D558214020FDF750F994F83231F7
:1096F000002BEBD1EFE743F002032360284609F08B
:1097000017FCA37B012B4FF0000301D0002038BDD4
:10971000A37384F84A30F9E70120F8E7F532030033
:1097200070B50568044602F04DFA054BE8721B68F7
:1097300001461BB12046BDE87040184770BD00BF10
:109740004C190020024B1B6803B11847704700BF3B
:1097500048190020F0B51F4D2B78002414709BB1E0
:10976000013B6D68DBB21E1B012E0FDC05EBC4064E
:1097700055F8347076688E4208BF874227D0B842C9
:1097800071EB060612D214700020F0BD1E1977107E
:1097900005EBC70E55F837C0DEF804708445C6F3F4
:1097A00047068F412CBF33463446DCE705EBC30444
:1097B00055F8335064688C4208BF854206D0A842F1
:1097C00071EB040428BF01331370DDE71C461470ED
:1097D0000120DAE7FC12002010F0070208B503D0E0
:1097E00063214820FDF7D2F818B1034B1972586075
:1097F0001A70C80008BD00BFFC120020014B0022F7
:109800001A707047FC120020FF230B70074A0D23CB
:109810004B7082238B701368C1F803305368C1F812
:1098200007309368C1F80B30704700BF1213002057
:1098300002481622002106F08BBB00BF1213002045
:109840000B4B5A7D92B14A0610D5B0F8AA201A8067
:10985000D0F850225A60D0F854229A60C2885A80B8
:109860000449022203F10C00FFF774BB704700BFEC
:109870001213002009980200094B53F8203070B5EC
:1098800003F523430C461646A1334FF47A72B3FB1B
:10989000F2F503F02BF834442C44204470BD00BF93
:1098A000C85E05002DE9F04F8FB09A4690F815314B
:1098B000079304468946069208F0D1FC834694F843
:1098C0001F01FFF701F9834409F069FDE37B03936E
:1098D000069B1FFA8BFB00F16007002B4BD1637BCB
:1098E000032B48D1039B0C2B32D1B4F86C324B457F
:1098F0002ED1D4F8F031C4F8E031D4F8C430B4F843
:10990000C421C4F8E431B4F862321344C4F8E83135
:10991000204602F003F9D4F8742294F81D31C4F8FB
:10992000C42041F64B518A428CBF002303F001034F
:10993000D4F87012D4F87822C4F8D41084F81E3108
:10994000B4F86E12A4F8D8100223C4F8CC206373C4
:10995000E37BA17B282B01D028290CD1B4F86C32F1
:10996000A9EB03031A0406D4A1F128035942594173
:10997000204601F095FCB4F86052B4F8068094F8E3
:1099800015310893A9EB05052DB204F50C73A9EB6D
:109990000808002D04930FFA88F817DAD4E9922307
:1099A000C4E99623012345460493D04B1B7813B199
:1099B00003F07AFE68B90026637B032B00F2D681A0
:1099C000DFE813F06C007201C1009801CDF810A01F
:1099D000EBE7B4F8D831012BEDD9637B022BEAD049
:1099E00094F80262002EE6D194F81F01FFF76CF89C
:1099F000637B00F5C86B012B1FFA8BFBD9B23FD1FB
:109A0000A27CD4F8D430032A33D1D4F8E42113440F
:109A10005946D4F8E401099303F00AFED4F8E06152
:109A2000099BD4F8E821C4F8E001861B5946184682
:109A3000564303F0FDFDD4F8EC31C4F8EC01C31A31
:109A40005946D4F8C4001E4403F0F2FDB4F8C43102
:109A5000D4F8E82143445B1B9B1AD4F8F021013B66
:109A6000821A02FB03660123C4F8F00184F8023273
:109A7000A2E73046099308F091FE099B0344C7E72B
:109A8000D4F8C400594603F0D3FDB4F8C461D4F847
:109A9000F0314644761BC31A5E43E4E701210020FF
:109AA00008F07CFE8046D4F8D4005946404403F0C8
:109AB000BFFD5946C4F8EC01D4F8C40003F0B8FD6A
:109AC0000BA9C4F8F0010CA802F05CFE0B9B0093FC
:109AD000D4E99601DDE90C2303F07CFE049004F147
:109AE000A80009F0CEFCD4F8D410D4F8642294F87D
:109AF00015018D1802F002FFD4F8EC11049B203DF3
:109B00006D1AED1B454400F52340ED1AA1304FF4CA
:109B10007A73B0FBF3F0B4F8D83030312D1A03EB80
:109B2000410194F815013A46FFF7A6FED4F86432D5
:109B3000EB1A2230DA2BC4F8F4015DD840F2C741A9
:109B40003020FCF723FFD4F8D430D4F8E401594690
:109B5000184403F06DFD5946C4F8EC01D4F8C40074
:109B600003F066FDC4F8F00104F1A80009F089FCD7
:109B7000D4F8D430D4F8E4511D44B4F8C431002BE7
:109B800040F08E80BAF1000F00F08A8094F8150141
:109B900002F0B4FED4F8EC11D4F8503294F8152148
:109BA0006D1A203D1D44D4E992BC514B53F822203C
:109BB000A5EB0B054FF47A7302F2E732B2FBF3F236
:109BC0001544ED1B00F52340A130B0FBF3F02D1A36
:109BD000D4F8E821D4F8E03194F8150102FB03131E
:109BE000B4F8D810303301EB43013A46FFF744FE96
:109BF0000123C4F8F4016373D4F8C430D4F8F0211D
:109C00007E3B9B1ADF1B002384F83032D4E9963266
:109C10008742A5EB060528BF07465B1942F1000203
:109C2000C4E99032C4F8C07104F1DC0009F09DF879
:109C3000042384F83932D4E99023C4E99623B4F894
:109C4000B031A4F86092A3EB09031BB2002BD4BF80
:109C500000220122520084F83822039A38440C2A48
:109C6000C4F8340200F08580BAF1000F40F084801F
:109C7000637B002B00F09D80D4F8C410D4F8F03141
:109C800004F50C70C91A08F04CFD80B2002800F0F1
:109C90009080189B03B1188001200FB0BDE8F08FB1
:109CA000D4F8EC116D1A93E7D4F8F011D4F8C4305D
:109CB000B4F8C421D4F8E801D4F8E0C15B1A5D43DC
:109CC000D4F8EC314244121A3033013A0CFB003321
:109CD00001FB0233B4F8D81094F815013A4601EBB1
:109CE0004301FFF7C9FDC4F8F40185E728130020FC
:109CF000C85E0500D4F8F0E1D4F8C430B4F8C4C1AB
:109D0000A3EB0E035D43049B3BB3BCF1000F24D1D6
:109D1000D4E99423D4E99201904271EB030302D376
:109D200040F20E510CE707992B4B53F82130D4E940
:109D30009201CDE904010498203A121A03F2E731A6
:109D40004FF47A7B03F52343B1FBFBF10A44A133C3
:109D5000B3FBFBF3D21AD21B15440CEB08010EFB2C
:109D600001F1303108983A464900BAE740F22651ED
:109D7000E6E6BAF1000F1CD0B4F8D80118B3B4F875
:109D8000DA1194F8DC21A4F8DA1101FB02229042E6
:109D900001F101050DDD002B0BDD002384F83832C5
:109DA000A4F8DA51FFF712F900F00700013084F847
:109DB000DC0104F50C7104F5027004F025FE20B9F5
:109DC00040F27651BCE60146DBE7069B83F00103D7
:109DD00084F80032002060E7C85E05002DE9F843F2
:109DE0000E46044618B9D3213020FCF7CFFD0529D3
:109DF00000F2A780DFE801F00376413DA52E03F0D5
:109E00002DFEC4E94601204600F0C8FFD4F80C013D
:109E1000CB3803F0D7FC204609F0BDFE054600BB59
:109E20000146204609F0F4FD00F1E506D4F80C01E6
:109E3000B04209D2301A322838BF3220032103F051
:109E4000DDFD60B103F0C2FCC4F80C61204609F0EE
:109E5000B4FE45B12046BDE8F84309F0AFBE012588
:109E6000F2E70025F2E7D4E94623C4E94023BDE840
:109E7000F883BDE8F84302F091BC09F0D4FD042357
:109E800084F811318146884603F09AFC07220F4678
:109E9000A9FB023102FB0811D4E940525B1941EBE6
:109EA0000205D4F8E8203AB159EA080204D09842F1
:109EB00077EB050228BF012684F81061D4E9482613
:109EC000121A66EB070694F8301139B9012A76F1B7
:109ED00000010BDA204600F069FF03E0012A76F169
:109EE0000006F7DB002384F82831C0E7984277EBBF
:109EF00005010FD259EA08080CD01B1A65EB0701BF
:109F00009A4276EB010005DB012B71F10000A4BF42
:109F10001A460E460C490123914284F829314FF02C
:109F2000000384F80831B341B8BF0A4604F1C00009
:109F300004F5847104F014FE002898D140F2B26157
:109F400052E7EF2150E700BF0040420F2DE9F843F0
:109F500004460E46154690F8283103F0FF07002B03
:109F600040F0948000F1C00839467822404605F060
:109F7000EFFF47492246404604F040FDC4F8E86040
:109F8000FF2384F8283166B1FFF738F800F00700A6
:109F9000013086F8DC013F49324606F5027004F0D4
:109FA0002DFD40F202434FF00009A4F8103184F86F
:109FB000089103F08FFB00F19E06204609F0EBFDAF
:109FC000B6B20146C0B308F04AF900F1280189B2DF
:109FD000284603F02DFB2844C4F80C0103F0F0FBE5
:109FE000301841F10001C4E94601012084F8EC0079
:109FF000A4F81E9009F081FEE53D2D1AC4F8F0503A
:10A000004FF0FF356FF00041D4E94623C4E94851D1
:10A010000025C4E93E23C4E9402384F8295142F2D3
:10A02000107204F58471404604F09AFD38BB40F28A
:10A03000B9113020FCF7AAFC204609F0E9FCDFF852
:10A040005890E530C4F80C01B9F8020048B1E08B33
:10A0500038B1FEF7D3FFB9F80230B0FBF3F202FBE0
:10A060001300064403F0ACFB361841F10001C4E9CB
:10A070004661002DC4D0AD1941F10001C4E7294665
:10A08000204609F09DFD3846BDE8F8830C27FAE725
:10A09000DD9D02009D34030028130020F0B500234D
:10A0A00085B0CDE9003301238DF806306846FCF712
:10A0B000D3FF70B1104E012333710023CDE9023379
:10A0C00002A8FCF7C9FF044638B10023337105B07C
:10A0D000F0BD009809F0CAFAE8E7029D6B7B002BFF
:10A0E000EED005F50277384603F022FC384603F03F
:10A0F00033FC6C73E4E700BF28130020054B0022FB
:10A1000001215A7119701A7142F210725A80FFF7C8
:10A11000C5BF00BF28130020014B5871704700BF16
:10A120002813002008B502F071F8044B9A688242A7
:10A130002ABF1879002080F0010008BD28130020F4
:10A140002DE9F3470446062900F2DB80DFE801F041
:10A1500004847381878CD300D0E99201D4E99423DD
:10A16000904271EB030354D294F80232002B50D08A
:10A17000637B032B4DD109F012F994F815A18146A8
:10A1800008F06DF8064694F81F01FEF79DFC0644A2
:10A1900094F81F01FEF798FCD4E99223D4F850728A
:10A1A000D4F8C05180465046BF1A02F09FFB564A71
:10A1B00052F82A20A5F1600302F52342A1324FF4A0
:10A1C0007A71B2FBF1F29B1AA3EB09031B1A09F196
:10A1D000890909EB5309B6B2603B08F5C8687343B7
:10A1E0001FFA88F8B3FBF8F360335A08A9EB53035E
:10A1F0009F4202D391444F4501D903F05BFAD4F852
:10A20000C400314603F014FA0023C4F8F00184F8C6
:10A2100002323E4B1B7903F0FF0263B90092B4F89F
:10A22000B41101232046FFF73DFB30B140F2CE616F
:10A230003020FCF7ABFB0423637302F079F904F0E0
:10A24000C9FBE288A4F8FE210023A4F8623284F856
:10A25000013202B0BDE8F08703234373F9E709F048
:10A26000F7FEC4E99401F4E790F81501274F09F0CF
:10A27000F8F86E30D4F8F031D4F8C45095288CBF7B
:10A280000020C0F19600C218954288BFED1A7B7974
:10A290008CBF2D1A002523B9D4F8DC309D4228BF8D
:10A2A0001D4604F1DC00D4F8C06108F05EFD0644F0
:10A2B000022003F077FBAD1B25EAE575854228BF38
:10A2C00005460221284603F099FB10B103F07EFAFF
:10A2D0002E440123DC22314604F1A80008F0F0FDF1
:10A2E000D4F8C031B860D4F8C400184402B0BDE856
:10A2F000F04703F067BAA83002B0BDE8F04709F0B4
:10A30000C0B840F29C7193E7C85E05002813002096
:10A31000014B5880704700BF28130020074A0346AE
:10A320001068D3F84920C0F80320B3F84D20A0F8F6
:10A33000072093F8481008F071BB00BF34130020C9
:10A3400070B504460E466588807D15F004011346FD
:10A3500018BF04F157013246FEF726FB41070546B8
:10A3600021D4C2070BD5012384F84830A07DFEF725
:10A370007FFB0368C4F849308388A4F84D30AB07ED
:10A3800001D4012070BD094B1868D4F85730012161
:10A3900084F85610C0F80930B4F85B30A0F80D30DE
:10A3A00008F045FBEDE70020ECE700BF3413002088
:10A3B00038B5C38C0F4D0133C3F30E03C3842B7C1C
:10A3C00004462BB102F09EF901F072FC00232B74BD
:10A3D00000232B7194F869302BB101212046BDE890
:10A3E000384009F00FBA637C13B1E28C9A42F4D280
:10A3F0000021F3E73413002010B5074C2379012B1B
:10A4000005D1237C1BB102F07DF901F051FCA0695C
:10A41000BDE81040FFF7CCBF3413002070B5254CC9
:10A420002379012B04D040F682412D20FCF7AEFAAF
:10A4300098B90125237C1BB102F064F901F038FCC6
:10A44000002D36D0A06909F02CF968B302F020F88D
:10A45000E369BDE870409B6818472168A26911F85C
:10A46000095B02F14903E80992F8482008F01AF95B
:10A470000028DED02068002108F0FEFA0028D8D09D
:10A480002379A069012B02D040F65C41CDE7237906
:10A49000E26903F180435269013B05F00F0152F874
:10A4A000233098470546C5E7A069BDE87040FFF72F
:10A4B0007FBF70BD34130020074A0346906903B97B
:10A4C00009B9FFF775BF1379D26903F180431269A7
:10A4D000023B52F823301847341300202DE9F04393
:10A4E000032985B00546174607D14388980723D42A
:10A4F0000024204605B0BDE8F083428890F868301B
:10A50000D107DBB2F4D5002BF2D14FF00108DFF810
:10A51000D49099F81060C6B108F0F9F8082838709E
:10A5200016D002AA0DF10701FEF714FA38B940F669
:10A53000F7612D20FCF72AFA4FF00208E7E79DF8B3
:10A54000070002A908F013FF06463B78082B08D144
:10A55000D9F8001011F8030BC0F3801008F007FFC2
:10A560000646D9F8001095F84F2011F8030B05F1B5
:10A570005003C0F3801008F095F8D9F80010044695
:10A5800011F8030BC0F3801008F0B7F88146FEF70E
:10A5900081FA40B1B9F1080F1BD04846FEF7ACF97B
:10A5A00080F00103D8B23A78082A14D01CB9AC7DE7
:10A5B000A21A544254416A8853079AD4002897D16A
:10A5C00076B9EC7C444518BF002C0CBF0124002454
:10A5D0008FE70020E7E780F001022240D4B2EAE7EB
:10A5E000344686E7341300202DE9F04F85B0082368
:10A5F0000DF10702052104468DF80730FFF76EFFC5
:10A60000064620B90026304605B0BDE8F08F794FE8
:10A6100039687A7C11F8030B07F11203C0F380103C
:10A6200008F040F880460028ECD13B68A169184644
:10A630008D7D10F8032BC2F340122A408A75D3F89F
:10A640000320C1F8AD208288A1F8B1201D46A2697F
:10A6500015F81F1BC1F3801182F8AC10D3F81F004E
:10A66000029002A928790871D3F80F00C2F8C80037
:10A67000587D1D7D000440EA0520DD7C2843C2F89A
:10A68000D000B3F8190082F81E8140F2E24909FBBC
:10A6900000F0C2F8C4009D7DC5EB451005EB8005B8
:10A6A00005EB85056D00A2F8D850B3F8170009FB3B
:10A6B00000F0C2F8D400B3F81B00A2F8CC00B3F845
:10A6C0001D00A2F8CE0093F8243003F01F005B09B0
:10A6D00082F8220082F81F31A56994F912A005F1D1
:10A6E000160008F0F9F840F20113A5F814314FF004
:10A6F000FF0B85F816B1414605F1DC00FEF736FC8C
:10A70000514605F1A800FEF7D5F9A36984F87380D6
:10A71000B3F8AA20A4F8742084F891B04FF6FF7221
:10A72000A4F89220D3F8C420B2FBF9F2A4F88A204E
:10A73000B3F8CC20A4F88C20B3F8CE20A4F88E2057
:10A7400093F81F2184F89020627D9DF8070004F1A2
:10A750007E0162B394F84820012A28D194F84E2053
:10A7600002F0C002402A22D1D4F84920C4F87E2049
:10A77000B4F84D208A8093F8AC2084F8772008281C
:10A7800003F1AD0504F18401D3F8AD3004F1780292
:10A7900027D0C4F88430AB888B8004F17701FEF7B2
:10A7A000D9F840B940F6E2312D20FCF7EFF800224D
:10A7B000C4F87E20DEE794F8773043F0020384F893
:10A7C000773004F16A000C4908F051FA0B4BA0698C
:10A7D0001B6800223A71002B3FF415AF21469847C1
:10A7E00011E7A367AB8893800023C4F884308B8083
:10A7F000E7E700BF341300202D390300541900206F
:10A80000032937B5044604D0052953D0012003B0ED
:10A8100030BD08230DF107028DF80730FFF75EFE0B
:10A820000028F3D0237C284D03B39DF8070094F84B
:10A83000B630DBB9237884F8B730082804F1B902C0
:10A8400029D004F1B801FEF785F820B94FF47761FB
:10A850002D20FCF79BF894F8B83043F0020384F8FD
:10A86000B8301A4904F1AE0008F001FA2B6804224E
:10A870001A7006225A702046FFF750FD286894F897
:10A880003820616B08F0E9F8032328682B7101F088
:10A89000BFFE0020BBE72868034613F8031BC1F383
:10A8A000801184F8B810D0F80310C4F8B9109B8850
:10A8B0009380D6E7064B1B68002BEAD0984780F0C0
:10A8C0000100C0B2A3E700BF341300201539030014
:10A8D00050190020F8B504460F4619B300F12005C1
:10A8E000284609F0E3F9A0B963881A072ED528464F
:10A8F00009F0F3F90646284609F0D8F9301AC0B233
:10A9000009F0FBF9474A936803442846936009F02D
:10A91000A9F9284609F0ABF901F038FD2179252085
:10A9200001F098FC3F4E94F85620306800230370E5
:10A9300043706388103B0D2B64D8DFE803F05F633E
:10A940005B0C634063636363636363402046BDE8FD
:10A95000F840FFF72DBD06234370202303702046E7
:10A96000FFF7DCFC638823F008039BB2152B05D0AE
:10A9700094F83020E16A306808F060F8306801F03F
:10A9800047FE022321793371002001F00DFD0546B9
:10A9900007B9F06063881B0704D509F0ABF90544DB
:10A9A000C4F8F4506388103B0D2B36D8DFE803F071
:10A9B00038352F2F352F353535353535352F0C2397
:10A9C00043700346212103F8091B52B1D4F85720E4
:10A9D000C0F80920B4F85B209A80012108F027F81C
:10A9E000BDE7226DC0F80920B4F854209A8094F88D
:10A9F0004F10F3E7062303704370B0E702230370A0
:10AA00000623F9E740F259612D20FBF7BFFF2179BA
:10AA10000120BDE8F84001F09BBE40F6F541F3E7A8
:10AA2000F8BD00BF3413002038B54388102B04460E
:10AA300004D1BDE838400121FFF74CBF0B4D2B7C02
:10AA400023B101F01BF9402001F050FE286801F00D
:10AA5000DFFD608810F0040002D1217901F078FE5A
:10AA6000002001F029FE01232B7138BD3413002092
:10AA7000024B01219869FFF72DBF00BF341300205E
:10AA800010B5124C237C1BB101F03CFE01F010F913
:10AA9000A06908F006FE38B12379012B09D040F6F1
:10AAA00086312D20FBF772FFA069BDE81040FFF74B
:10AAB0007FBC2379E269A069D26803F18043013B3E
:10AAC000BDE8104052F82330184700BF341300206F
:10AAD00010B50748037903F0FF0433B91422214667
:10AAE000043005F035FA204610BD0C24FBE700BF0A
:10AAF0003413002010B50A4C00232371FDF732FDFA
:10AB00002060FFF7E5FF20B14FF442712D20FBF7E5
:10AB10003DFFE36913B940F20B31F7E710BD00BF09
:10AB200034130020014B024ADA61704734130020CD
:10AB3000F8AD0200034B044A1A60044B044A1A6041
:10AB4000704700BF50190020E9A5020054190020E9
:10AB5000B7370300F8B5057DAF1E0446FFB2002DE0
:10AB60003AD0012F2DD800F1500190F84F0007F096
:10AB7000C4FD0828064624D0FDF7CAFE10BB023DDE
:10AB800018BF0125012F8CBF0027012784F84850EA
:10AB90006775A675FDF7D8FE054602F011FE154B48
:10ABA0000022E5FB0301C4E9100184F85620114698
:10ABB0002046FFF7C5FB70B940F2A3412D20FBF7FB
:10ABC000E5FE0826022D09D104F149010020FDF718
:10ABD00089FD60B90020F8BD0826F5E704F14901B8
:10ABE0000120FDF77FFD0028F4D00125CAE70025EC
:10ABF000C8E700BF40420F00F0B5444E327985B03F
:10AC0000044602F0FF0312B90278FF2A04D140F68D
:10AC1000DD112D20FBF7BAFEB36080F869303C4BA4
:10AC200000933C4B01933C4B0293F36968465B688D
:10AC3000039301F0E5FC01F04FFB01F063FD01F02F
:10AC400037F8364801F098FB04F12005344801F04C
:10AC5000D1FC284609F006F8284609F008F801F06A
:10AC600095FB2179252001F0F5FA94F9120001F005
:10AC70007DFB04F12C01A06A06F0E5FE04F134012D
:10AC80000746A06A06F006FF0546DFB1237FCBB179
:10AC9000B4F92650ED43ED0F637D13B963885B076C
:10ACA00009D5D4E910126FF000439A4208BFB1F100
:10ACB000FF3F0DD19DB930680330FDF763FE30745E
:10ACC00005B0F0BD002DE7D0657F002DE0D1E3E7B2
:10ACD00002F076FDD4E9102390429941EAD3012293
:10ACE00029462046FFF72CFB50B1FDF72DFE054607
:10ACF00002F066FD0B4BE5FB0301C4E91001DAE746
:10AD0000002DD8D040F61C2183E700BF341300206B
:10AD100081AA02001DA40200B9A40200D6BE898E39
:10AD20005555550040420F0073B50446FFF764FFC8
:10AD300000212046FFF7CEFD236E0BB101221A60E1
:10AD40006388DB0724D50023124EA569CDE90033C3
:10AD5000FF2373746846FCF77FF9C8B9009CA542CD
:10AD6000F8D095F8B32094F8B30005F1B40304F1DA
:10AD7000B40107F097FC0028ECD094F8AC30737461
:10AD8000D4F8AD30C6F81230034BB4F8B1209A8035
:10AD900002B070BD3413002046130020024B9861AE
:10ADA000DB691B68184700BF3413002043881B076A
:10ADB00010B5044612D583690A493C2280F87320F5
:10ADC000B3F8AA30A0F87430FF2380F891304FF622
:10ADD000FF73A0F892306A3007F049FFFF2384F830
:10ADE000693010BD2D3903007939030029AA02000A
:10ADF0007F39030001A8020029AD0200F9A3020077
:10AE000071AA0200E8AD0200ECAD0200F4AD020050
:10AE10000138022808B503D9C4212F20FBF7B6FD5D
:10AE200013290A4B05D811290CD8102907D0D22193
:10AE3000F3E71529FBD103EB4003D88801E033F891
:10AE4000100008BD03EB40039889FAE7485E05004F
:10AE5000294A38B5948803461C43402B10689480D7
:10AE600004D10421BDE83840FFF76AB9802B01D135
:10AE70000521F7E703F00304032C04D140F6A431C5
:10AE80003120FBF783FDDD0706D50C68916024783F
:10AE9000062C0FD00B2C17D09C0706D50968097813
:10AEA0001173052919D00B2921D09B0644BF082313
:10AEB000537338BDC47B1B2CEED100240025C0E9A0
:10AEC0001C450124C474E7E7C47B112C01BF002496
:10AED000C474012480F85240DEE7C17B1729E4D115
:10AEE00000240025C0E91E4501210175DDE7C17B75
:10AEF0001029DAD10021F8E7541300200C4A517BC5
:10AF0000034689B910683BB9B0F80411B0F8E820DD
:10AF1000914209D8FFF706B993881B0706D5007C34
:10AF2000073818BF01207047002070470120704784
:10AF30005413002073B504460068036813F0300F03
:10AF40000D4649D1B1F805101A2904D9B5F80730D2
:10AF5000B3F5A47F06D22978204602B0BDE8704040
:10AF600008F00FB8B5F801201A2AF4D9B5F8036033
:10AF7000B6F5A47FEFD30096DC3007F008FF174B3F
:10AF80009A8892070DD51B7B142B0AD1226813686F
:10AF900043F010031360204607F0CAFF002002B000
:10AFA00070BD23689A7B202AF0D093F82331002BC0
:10AFB000ECD1236893F82231002BE7D123681A687B
:10AFC000B3F8AA0042F020021A6003F1DC0103F595
:10AFD000A472FDF7E7FFDEE70120E0E7541300204D
:10AFE0002DE9F843614D06462C6800287ED1AB88D8
:10AFF0001A0725D594F89E30FE2B04D140F2FB5160
:10B000003120FBF7C3FCFE2384F89E30E37B1D2B2D
:10B0100005D184F85100284607F094FFE673A37B1E
:10B02000232B06D1E37B233B072B94BF2A23242326
:10B03000A373237C072B02BF0223AB7384F89E30DB
:10B04000AB88DB0717D4AB885F0776D499077DD52B
:10B05000287B2B6801220D2883F89F2073D01128AC
:10B060007DD007287DD0FEF73DF9034600286BD13F
:10B0700040F2EE51C4E7D5F80080A96898F80F3087
:10B08000D1F80090103B0F2B99F8007009D8BB1E27
:10B09000DBB2092B67D840F2333222FA03F3D80728
:10B0A00061D509793846FDF773FD20B939462F4837
:10B0B00007F067FF39E0012F01D9162F21D198F849
:10B0C0000E0007F04EFF40B198F80E30232B04D04D
:10B0D000242B07D12A2388F80E303846FEF7F8F8DB
:10B0E00003461BE0162F14BF022620266B7B1B078E
:10B0F00004D5E37B103B0F2B98BF08263046BDE8F4
:10B10000F883112F15D005D8072F14D00D2FE4D1B7
:10B11000174B05E0142FE0D1164B1B68002BC5D050
:10B12000AA68124812794946984700288BD00646EB
:10B13000DCE7114BF4E7114BF2E7227C062A04BF4F
:10B140000122AA7382E70E4B08489847AB88DA06BB
:10B15000CCD5E37B092BC9D10A23E373C6E7094B9E
:10B16000F2E7094BF0E70826C0E700BF54130020C0
:10B17000713E030058190020B53E030011B20200D1
:10B180009B3D0300E73D0300113E03002DE9F04124
:10B19000A0F10E040B1EE4B208BF1F23172C1646A5
:10B1A0000AD80125A54040F251210D4207D115F4DE
:10B1B00060051FD1082C07D00020BDE8F081BDE854
:10B1C000F041002108F09DBD1468A17B242906D11F
:10B1D00019463046FDF702FA84F82C5105E02A2979
:10B1E000EAD1E37B233B072BF3D80023A37384F836
:10B1F0004A30E1E7054A1468002CDDD01A460146C2
:10B2000023463046BDE8F041184700BF5C190020D6
:10B2100070B54D78A5F10E03DBB2152B04460CD8A2
:10B22000012101FA03F640F25122164207D10268C9
:10B23000152B927B2AD0082B07D0002070BD024628
:10B240002846BDE8704008F05CBD242A01D02A2AB7
:10B25000F3D1204607F064FE2368DA7B252AECD080
:10B2600093F8632022F0010283F86320226892F8A9
:10B27000633023F0080382F863301A212046FDF77B
:10B28000ADF92368002283F82C21D6E72C2AD4D1EB
:10B29000024B1B68002BD0D09847CEE760190020E6
:10B2A0002DE9F04190F86E7290F86F6204460D46F9
:10B2B0007FBB90F8141176BB94F8153184F8141103
:10B2C00084F81531FF2384F81631154B1B6804F1FF
:10B2D000A8080BB14046984794F82C31012B01D0B7
:10B2E0003E4303D0237B43F001032373404607F022
:10B2F00055FD18B1237B43F002032373062120463A
:10B30000FEF71EFF002384F82C3135B1A373BDE88E
:10B31000F0813946CFE73346D0E7E573F7E700BF62
:10B320006419002073B5484D002604462860AE809D
:10B330006E73AE73FF2380F84C30B0F8B231002B3F
:10B340007CD090F89E30FE2B78D190F82031002BE5
:10B3500074D0037C063B012B70D990F82131A0F802
:10B36000446080F8A0300221012208F023FD84F817
:10B37000BA6102212846FDF7FFFEB4F8B611B4F811
:10B38000B821B4F8DA30013989B2B1FBF3F31344D0
:10B39000A4F8B831B4F840300B44A4F8403020464B
:10B3A00008F055FD10B1636B0B446363B4F8B23120
:10B3B000012B9CBF0133A4F8B231002609B184F8F7
:10B3C000BE61E37B84F8BA61093B012B0FD8E388A7
:10B3D000B4F86C229B1A190409D404F26E2104F10A
:10B3E000160007F079FAE673FF2384F84B30B4F8BF
:10B3F000B62104F1A801204607F0B4FAE37B134A12
:10B400001349103B0F2B8CBF0023012300932868A6
:10B41000104BFCF78FFB2C68237BDA0703D50A4817
:10B420000021FDF7DBF8237B9B0703D504F23F10D7
:10B43000FDF7B2FD0023237302B070BD94F89E1097
:10B44000FE299AD0004896E754130020FDAE020072
:10B4500051AE020059B402002DE9F047B24F0E463A
:10B46000B9883C688D0556BFB4F8402000230132EE
:10B47000804646BFA4F8403084F8BE31A4F840208E
:10B48000204608F0E4FC38B10B4604F59B7204F149
:10B49000A8012046FEF7E2F8BB8803F4C06323B19D
:10B4A000A37C002B45D0032B49D0A27CBB88012A6A
:10B4B00003D1180544BF0222A274B8F1000F40F076
:10B4C0008F8059065DBFB4F8D821013292B242464E
:10B4D000A4F8D82103F00A020A2A0CD13A7B022AE6
:10B4E00009D123F008033046BB80FFF779FD08231C
:10B4F0003043C6B2BB803046FFF772FD3D6895F819
:10B500009E303043FE2BC6B23BD1D6BB2B7C063BD4
:10B51000012B36D995F82031ABB195F82131A5F83A
:10B52000446085F8A03001220221284608F042FC40
:10B5300027E00121A1742046FEF702FEB5E70223B1
:10B54000A3740121F7E795F80FA0AAF10F0A5FFA9B
:10B550008AFABAF1100F40F2E9802B68DA0702D5B7
:10B5600032460921E1E7980740F18D8032460C21EF
:10B57000284608F01FFC95F8533043F0010385F886
:10B580005330B4F8B83194F8BB510133A4F8B83152
:10B59000002D00F0FB81FCF791FB10B10023A4F813
:10B5A000B831A17C012940F22382237C072B40F093
:10B5B0000582B4F84030022B40F21A82B4F84250AF
:10B5C0000135ADB2E3882B44A4F8B03194F8BC3116
:10B5D000002B00F011820123E2881344A4F8B43157
:10B5E000BB883D685B065FBFB5F8C431B5F8B621CE
:10B5F0009B189BB248BF0023A5F8C43195F82031B1
:10B600001BB92B7C063B012B06D8B5F84430B5F8A6
:10B61000B6211344A5F8443095F84A1031B1B5F875
:10B620004630B5F8B6211344A5F8463095F95020B8
:10B63000002AC1BFB5F84E30B5F8B6011B18A5F801
:10B640004E3095F8313063B9B8F1000F40F05E82AA
:10B65000BB7B022B40F0168295F8A030062B18BF5A
:10B66000162395F8302022B92F4885F83130FDF7A0
:10B6700043FE284608F04BFC002384F84C30BDE81C
:10B68000F047FDF701B8590702D5324613214CE7C0
:10B690001A0706D595F8983085F8A030324607216C
:10B6A00043E713F0300F3AD095F82331002B5BD1EC
:10B6B00095F82231D3B1EB7B282B05F1A80005F5D5
:10B6C000917105F26E2228D0AB7BA3F1280CDCF13E
:10B6D000000343EB0C0307F04CFB2B6823F0200323
:10B6E00043F010032B60002385F822312B68DA0623
:10B6F0003AD505F1A80007F051FB18B105F23F104B
:10B70000FDF74AFCB5F8FE30A5F8A030B5F80231D7
:10B71000A5F8A2300022152107E70123DBE75B062D
:10B7200022D50022242100E754130020D7F80090EE
:10B7300099F80F30172B2DD011D8102B1DD0152BA9
:10B740001FD0AB7B002B63D1EB7B0F3B102B67D95A
:10B7500095F83E30002B63D001221221E5E61F2B25
:10B76000EFD1324606210AE03868C37B252B3FD053
:10B77000342BE6D100221121D8E632460B2148466F
:10B78000D4E64846FDF72CFE00283FF4FAAE00222E
:10B790000421F4E799F86832012B07D132460521DC
:10B7A000484608F007FB89F86862EAE699F86832CB
:10B7B000022BD9B27FF4E5AE99F8523053B106238B
:10B7C00089F8A0303246484608F0F4FA002389F898
:10B7D0006832EAE73B6840F20632A3F89A2099F80B
:10B7E000623013F0040F32460CBF0D211121EAE73D
:10B7F00090F82C31022B02D10022172196E690F806
:10B800002C31012B9DD190F82D31002BF4D098E7ED
:10B81000082B05D195F8993085F8A03001223EE734
:10B82000BAF1100F7FF6ADAE3D6895F80E90B9F104
:10B83000000F7FF4A6AE95F833313BB101220E2103
:10B84000284608F0B7FA85F83391AEE795F832311B
:10B8500083B195F8539019F0030A0BD101220C2102
:10B86000284649F0010908F0A5FA85F8539085F8B3
:10B8700032A19AE795F822313BB395F8233123BBE7
:10B88000EB7B282B05F1A80005F5917105F26E22DE
:10B8900019D0AB7BA3F1280CDCF1000343EB0C03C4
:10B8A00007F067FA002385F8223101221421284687
:10B8B00008F080FAB5F8FE30A5F8A030B5F80231EE
:10B8C000A5F8A2305DE60123EAE795F82C31012BBB
:10B8D0003FD195F82D31002B3BD1EA7BA2F1230318
:10B8E000072B36D995F81401012806D0022804D078
:10B8F0004FF43F710620FBF749F895F8151101291F
:10B9000001D00229F4D1022895F82E310BD0012B59
:10B9100014BF0023012343B9093A042A7FF631AE4C
:10B920000122162101E6022BF2E7022995F82F31B8
:10B930000DD0012B14BF00230123002BECD076483F
:10B940000021FCF74BFE002385F82C3119E6022B71
:10B95000F0E795F835314BB195F82D3133B9EB7BE4
:10B96000233B072B02D901222321DEE595F8343150
:10B97000012B05D1002385F8343101222521D4E59E
:10B9800095F83431022B7FF4FCADF3E7FCF790F926
:10B9900008B1A4F8B851FCF799F900283FF401AEBA
:10B9A00094F8BE310133DBB2022B84F8BE3182BF82
:10B9B0000023A4F8B83184F8BE31F2E594F83E30A3
:10B9C00013B1A37B0E2B13D1B4F84250B4F840301E
:10B9D0002046ED1A033D08F03AFA58B1A36B626BAA
:10B9E000033B9B1A9D42A8BF1D46012D3FF7E9ADC1
:10B9F0000125E7E52B46F5E7012D7FF6ECADE37B6E
:10BA000013B10A2B7FF4E7ADA37B002B7FF4E3ADEA
:10BA1000237C002B7FF4DFAD02297FF4DCAD94F8AA
:10BA2000BE31002B7FF4D7ADD4F8BC00B4F8DA9067
:10BA300005F052FE00283FF4CEAD94F89E30FE2B68
:10BA40007FF4C9ADB4F8B231012B7FF6C4ADB4F8C0
:10BA5000B821B4F8CC309A42BFF4BDAD9B1A9BB26A
:10BA6000013DADB2B5FBF9F59D4228BF1D4619FB5E
:10BA700005F3003D03F1010318BF01259BB284F8D3
:10BA8000BA51A9E5012B08D16B7C002B7FF4E9ADFD
:10BA900000212846FEF754FBEEE55EB1F00633D4F4
:10BAA000310733D4B20633D4B30733D14FF4316105
:10BAB000312020E739B1B5F84610B5F84830994241
:10BAC00001D32223CDE5002A05DDB5F84E20B5F8D7
:10BAD00048309A42F5D2B5F84420B5F842309A423F
:10BAE00009D2AA7CB5F8403052B1B5F842209A424A
:10BAF000CED80823B5E595F82031002BE1D1F0E749
:10BB0000052BC5D93E23ACE51E23AAE53D23A8E5B8
:10BB10002323A6E52A23A4E55413002013B5D0F867
:10BB20007432D0F8C42001909342044605D1D0F875
:10BB30007812D0F8CC20914216D0B4F8AA20A4F8FC
:10BB4000872140F2E242B3FBF2F3A4F88931B4F862
:10BB50007832A4F88B31B4F87A320A49A4F88D31DE
:10BB600004F27D1007F08CF8B4F87A22D4F874123D
:10BB700001A8FCF7B7FF0023E3730323A37402B00B
:10BB800010BD00BF7D30030008B5FDF7C9FA024BB8
:10BB9000024A1A6008BD00BF5819002035AF0200E4
:10BBA000074B93F900301844142804DC10F17F0F80
:10BBB00003DB40B27047142070476FF07E0070477F
:10BBC0006513002007B57F230DF107008DF80730BE
:10BBD00000F0A6FD03469DF9070053B1094B5B78C1
:10BBE0005B4240FA83F0142806DC10F17F0F05DB7E
:10BBF00040B203B05DF804FB1420FAE76FF07E005A
:10BC0000F7E700BF65130020024B00221A705A703C
:10BC1000704700BF65130020064BD3F8000138B110
:10BC2000D3F8040120B1D3F80801B0FA80F040093C
:10BC3000704700BF00F00040034B00221A705A709A
:10BC400010229A70704700BF6713002070B5064637
:10BC5000022014460D4600F0A3F8064B01221A708C
:10BC6000054B033CC3F81045C3F80865C3F80455F9
:10BC700070BD00BF6713002000F0004008B502202F
:10BC800000F08EF8084B01221A70084B0022C3F80E
:10BC90000021C3F80421C3F8082103F580334FF4D1
:10BCA0000002C3F8042508BD6713002000F000401F
:10BCB0000E4A08B5137883B10D4B4FF40001C3F859
:10BCC0000815FFF7A9FF68B101235370094BD3F89A
:10BCD0000034DBB2937000231370BDE808400020ED
:10BCE00000F05EB850701023F4E700BF6713002027
:10BCF00000F0014000F00040094B1A7862B1094B96
:10BD0000D3F8002152B1D3F8040140B1D3F80801AF
:10BD1000B0FA80F0400970475878704702207047A9
:10BD20006713002000F0004008B5074B1A783AB1BD
:10BD3000FFF772FF30B1054BD3F80004C0B208BD65
:10BD40009878FCE71020FAE76713002000F0004025
:10BD500008B50A4BD3F80025032A04BF01229A60D4
:10BD60000022C3F80025C3F8002500F0F9FE044BBB
:10BD70004FF40002C3F8082508BD00BF00F00040E2
:10BD800000F00140054B4FF40042C3F88020BFF3A0
:10BD90004F8FBFF36F8FFFF7DBBF00BF00E100E005
:10BDA00010B50446FFF7D4FF012C06D0022C0CD0AE
:10BDB00054B18C213D20FAF7E9FD0B4B0222C3F868
:10BDC00000250A4AC3F8142510BD074B0322C3F807
:10BDD0000025064AC3F8142503F580334FF400020A
:10BDE000C3F80425F0E700BF00F000406A1300200C
:10BDF000044B1868062818BFB0F1FF3F0CBF0120A4
:10BE000000207047B0160020044B1868062818BFA1
:10BE1000B0F1FF3F0CBF012000207047B01600209A
:10BE200008B5FFF7E5FF38B1044B1868063810F184
:10BE3000080F94BF0020012008BD00BFB4160020E9
:10BE400008B5FFF7E1FF38B1044B1868063810F168
:10BE5000080F94BF0020012008BD00BFB4160020C9
:10BE600008B5FFF7C5FF38B1044B1868063810F164
:10BE7000080F8CBF0020012008BD00BFB4160020B1
:10BE8000064B0022C3F80021C3F80C21C3F810218F
:10BE9000C3F80421C3F80821704700BF0010004018
:10BEA00070B5134D6E7F0346084626B940F6C101B2
:10BEB0003E20FAF76BFD63B9012EAC69297F05D1ED
:10BEC00000F03CFD20442B69C01A70BD08F0D6F884
:10BED000F8E7012B09D1012EAC69297F02D100F0CE
:10BEE0001DFDEFE708F0D5F8ECE70020EBE700BF19
:10BEF000781400200B4B93F82B0088B193F82A306C
:10BF00007BB1094BD3F8002242F00102C3F80022B2
:10BF1000D3F8500500F0F600023818BF0120704732
:10BF200001207047781400200010004008B5094B2C
:10BF300001281871084B06D0022808D040F6455158
:10BF40003E20FAF723FD0322C3F8102508BD042282
:10BF5000FAE700BF781400200010004008B570B95F
:10BF6000104B2831D96018460F4900F023FF0130EB
:10BF7000012816D940F2C2613E20FAF707FD0128D8
:10BF80000CD1084B2931D9601846074900F018FF39
:10BF90000130012805D940F2CC61EDE74FF4DA61B8
:10BFA000EAE708BDE80400205C5E050008B50C4B1C
:10BFB0005B78012B09D100F009FF013001280ED96F
:10BFC00040F611113E20FAF7E1FC022B07D100F0F8
:10BFD00003FF0130012802D940F61711F2E708BD2E
:10BFE00078140020094B0A4A1B89B3F5166F3ABF33
:10BFF000A3F6381343F48073A3F5166300F07F00B3
:10C00000C2F80835C2F85405704700BF7814002004
:10C010000010004010B50C46FFF788FF2046FFF7E0
:10C02000E1FF0F4A0023C2F81C31D2F8003243F47A
:10C030008873C2F8003240F20313C2F8343540F27C
:10C040005B63C2F83835FFF7EBFE40B9FFF708FF36
:10C0500028B9D2F8683543F4C023C2F8683510BD5A
:10C060000010004073B50C46154D0646FFF75EFF05
:10C070002046FFF7B7FF214695F9052001AB304672
:10C0800000F034FE9DF8050000F0ACFE20B140F257
:10C09000E3513E20FAF77AFC9DF90400294600F0AE
:10C0A00035FC084B40F20312C3F83425284640F211
:10C0B0005B62C3F8382502B0BDE8704000F0FABDFD
:10C0C00078140020001000402DE9F04106460C468F
:10C0D000174601F085FB0028FBD02C4B2C4D4FF46C
:10C0E0000022C3F808259EBB01236B7095F82A3007
:10C0F0001BB9A9793846FFF7B5FF264B33F817303F
:10C100004FF47A7203F5FA73B3FBF2F3224AE41A9E
:10C110001E4BC3F8AC252B691C4A204FE1184FF089
:10C1200001081F4B85F82A80C7F84015C2F8A835CA
:10C130002B6A43F400232B624FF40023C2F804352A
:10C14000FFF7D8FE0446B8B900242046BDE8F081C8
:10C15000012E0CD102236B7095F82A301BB9A979F6
:10C160003846FFF757FF094B0E4A293CD1E740F606
:10C1700034013E20FAF70AFCC7F84C80D7F84C355A
:10C180008B42E1DA3046FFF7E9FEDEE700F00140DE
:10C1900078140020D45E05000010004000800040AC
:10C1A000408100400410004008B5402210480021A2
:10C1B00003F0CEFE0F4B1B6823F004020A2A05D0C1
:10C1C000102B03D0082B0ED1402200E024220A4875
:10C1D000FF2103F0BDFE4FF080430022C3F8082E7C
:10C1E000C3F8102E08BD0D2BEED03822EFE700BFAC
:10C1F00078140020B0160020000E0040024B0344CB
:10C20000187E00F5166070475C5E0500024B986969
:10C210001B69C01A704700BF781400200A4B1A7FB0
:10C22000D3E90430C01A094B03EB82031B6CC01A1C
:10C23000074B53F822304FF47A7203F2F313B3FB37
:10C24000F2F3C01A704700BF781400205C5E05004E
:10C25000C85E0500FF2808B504D940F2CB213E2076
:10C26000FAF794FB114B0129188504D0022919D043
:10C270004FF44F71F3E700230D4A43F4801340F06D
:10C28000007043F4847340F44030C2F81435C2F8AF
:10C290001805D2F8503503F0F703032B05D140F20F
:10C2A0005631DCE74FF08073E6E708BD78140020D4
:10C2B0000010004008B5FFF7B3FD50B1054AD2F8B1
:10C2C000743723F0807323F0010343F08073C2F8C6
:10C2D000743708BD001000401E4B2DE9F0410226C6
:10C2E000C3F88060BFF34F8FBFF36F8F01F070FA18
:10C2F000044601F0B3FB184D001B184C28610027C1
:10C300004FF00108C4F8FC7FC4F8FC8F00F082FCF9
:10C3100040F20122C4F83085C4F85026104AC4F80F
:10C320000062107C00F076FD0E4A0A4B0E49C2F8FE
:10C3300004151022AF836F85AF61C3F88061C4F824
:10C3400004231E602B6C03B19847BDE8F04100F058
:10C3500025BD00BF00E100E078140020001000407F
:10C36000E804002000F001400000020C014B58716D
:10C37000704700BF78140020034B020E0002C3F880
:10C380002425C3F81C05704700100040044B054AE3
:10C39000034490711B7E03F516631381704700BF41
:10C3A0005C5E050078140020F8B52B4C94F82B3017
:10C3B00006460F4623B940F206713E20FAF7E6FA28
:10C3C000264A012384F82A30D2F8003243F00103D0
:10C3D000C2F8003201F004FA0028FBD02EBB012382
:10C3E000A17963703846FFF73DFE6378012B02D0D8
:10C3F0004FF4E961E1E71A4AD364A2F5E042136021
:10C40000174BD3F84C5530462946FFF7A7FD236953
:10C41000ED1AF6B9134B33F817304FF47A7203F56F
:10C42000FA73B3FBF2F35819F8BD012EE8D10223D9
:10C43000A17963703846FFF7EDFD6378022B02D0D7
:10C4400040F25171B9E7064BDE64A3F5E0435E604C
:10C45000D6E705F12900E7E7781400200010004036
:10C4600000800040D45E050008B5FFF72DFE58B9E6
:10C47000064BC3F84005A3F5E04301221A610220F0
:10C48000BDE80840FCF742BD08BD00BF0080004089
:10C4900073B5234B2349D3F80443234D02224FF0B5
:10C4A000FF30C3F80803C1F880212049C3F80022F7
:10C4B00000226A85C1F8402501F5B8314FF46026A5
:10C4C000C1F80865D3F85015C9B204F01004D1B111
:10C4D0008DF80700C3F8102101221A619DF807208A
:10C4E00012B1D3F810213AB19DF807305BB940F68C
:10C4F000FF013E20FAF74AFA9DF80720013AD2B22E
:10C500008DF80720EAE7FFF751FD054B0022C3F83D
:10C5100010212A8014B11022C3F8042302B070BD88
:10C520000010004000E100E078140020008000408E
:10C5300038B51B4D0024C5F84845C5F84445C5F835
:10C540004045C5F84C45FFF7A3FF00F02DFC154B07
:10C5500015491A6A1C6242F0446242F40032C1F882
:10C560000825C3E90544DC70104BC5F84845022294
:10C57000C5F84445C5F84045C5F84C45C5F848419F
:10C58000C5F84441C5F84041C5F84C41C3F8802086
:10C59000BFF34F8FBFF36F8FC3F8802138BD00BF4B
:10C5A000008000407814002000F0014000E100E02D
:10C5B00070B50F4D2C7806461CB96C70EC706C850C
:10C5C00070BD18B1BDE87040FFF762BF013C18BFF5
:10C5D0000124AA7896212046FFF762FC2E80AA78D3
:10C5E00085F82A6001462046BDE87040FFF73CBF51
:10C5F00078140020014BC3F83C0570470010004040
:10C6000010B50FC8014C84E80F0010BDBC14002009
:10C610000A490B4B10B5C1F80405012483F82B40DF
:10C620005862FFF767FC40B9064BC3F840050C6140
:10C630000320BDE81040FCF769BC10BD00100040AD
:10C640007814002000800040174B1A6910449A6942
:10C65000824210B5154C09D30220FCF757FC002389
:10C66000C4F84035124B01221A610CE00122DA7045
:10C670006264D4F844150531814205D30C4BD3F8DC
:10C6800004110029F0D010BD0022C4F84421C4F8E0
:10C6900044051A6A42F480021A62064B4FF4800283
:10C6A000C3F80425EFE700BF7814002000800040A5
:10C6B0000010004000F0014010B50B4C0346607FB5
:10C6C000217F227901284FF0960009D100F044F92A
:10C6D000A36922699B1ABDE810401844FFF7B4BF54
:10C6E00000F054F9F4E700BF78140020044BC3F8BD
:10C6F0006005D3F8002242F04002C3F800227047E0
:10C7000000100040054BD3F8002222F04002C3F88D
:10C7100000220022C3F86025704700BF00100040CF
:10C720000A4A0146D2F81C0182B068B1D2F84835F5
:10C7300003F07F035B420B700023C2F81C31D2F878
:10C740001C310193019B012002B070470010004092
:10C75000034B002814BF0222012299701A707047FF
:10C7600078140020054B0022C3F84025044AD2F873
:10C770005035DBB20BB101231361704700800040DC
:10C780000010004030B5044BD3E90C459B6BC0E969
:10C7900000450B6030BD00BF781400202DE9F04744
:10C7A00001F01AF84D4C4E4E4FF00109C4E90C014E
:10C7B000C6F84C90D6F84C35A363FFF7F7FB494B0E
:10C7C000226AC3F808250025474A2562C3F8AC55FC
:10C7D000D2F8003223F48E7323F00103C2F8003242
:10C7E000D6F84835A361D6F844356361637863773A
:10C7F000D2F80C8184F82B50D2F81011FFF740FBCF
:10C800006778022F4FD1E37813B1D6F8443113BBC8
:10C81000B8F1000F26D0FFF703FB50BBFFF720FB5A
:10C8200038BB314BD3F85034D90122D51A0705D083
:10C8300013F0F00F02D013F4706F1AD12A4AC3F329
:10C8400004410129D2F8542413D1012A11D0C3F391
:10C850004253022B0DD80120FFF7AAFE636CBDE8FE
:10C86000F0471847002937D00120FFF7A1FE236DBC
:10C87000F5E7237923770020258DFFF799FE1A4BE2
:10C88000D3F80034DB070CD5636A5878A84294BF0C
:10C8900000200120A36C002180F00100BDE8F047DA
:10C8A00018470120F6E7012F13D123792377B8F138
:10C8B000000F06D02846FFF77BFEE36C394628467A
:10C8C000ECE749B13846FFF773FEE36C414640465A
:10C8D000E4E709B14846C8E7BDE8F08778140020CE
:10C8E0000080004000F0014000100040024B03EBCC
:10C8F0008003186C704700BF5C5E0500024B03EBC1
:10C900008003D86C704700BF5C5E0500024BC0B26C
:10C91000C3F80C05704700BF00100040064A4FF4F2
:10C920007A7332F91120584300F2E7301044B0FB1B
:10C93000F3F00238704700BFC05E0500054A4FF4AF
:10C940007A7332F9112000FB03301044B0FBF3F08E
:10C95000704700BFC05E050038B51D460A4B33F96D
:10C96000114003EB820305359B681C4404F6B73481
:10C970004FF47A7303FB00441046B4FBF3F4FFF763
:10C98000B5FF2544284438BDC05E050070B5064695
:10C9900008461546FFF7B2FF094B03EB85039C6879
:10C9A0004FF47A7304F6B73403FB0644241A28467E
:10C9B000B4FBF3F4FFF79AFF0530204470BD00BFCD
:10C9C000C05E0500024B00221A705A709A707047C0
:10C9D000CC1400202DE9F041054601200C461746F5
:10C9E0009846079EFFF7DCF99DF8243005F0030117
:10C9F00041EA0341244B41F08071C3F80415234BF5
:10CA0000214604F11002184651F8044B43F8044B38
:10CA10009142F9D11E499DF81830C0F81480076181
:10CA2000CB763368CB6173680B62174B194AC3F836
:10CA300008051268062A09D001321FBFD3F818254D
:10CA4000BDF8200060F30702C3F81825124B134A03
:10CA5000C3F8082515F0FB0F01BF114AC3F898254C
:10CA6000FC3AC3F89C250122022D4A7081F824501B
:10CA700007D8054B0A700021C3F80011C3F8001253
:10CA80001A60BDE8F08100BF00F00040CF14002024
:10CA9000CC140020B016002000F00140000002027B
:10CAA00000F1004070B5194C637823B94FF4D5718B
:10CAB0003C20F9F76BFF164BC3F80C15C3F81005B3
:10CAC00094F824500122A270C5B924780CB997219A
:10CAD000EEE7104CC3F804514FF40035C4F8045588
:10CAE000D3F8006116B15A60C4F808550B7803708A
:10CAF0004B78043343708B78837070BD00212270B3
:10CB0000C3F80411C3F800221A60F6E7CC14002021
:10CB100000F0004000F001400E4A08B5537823B9F8
:10CB20004FF4DF713C20F9F731FF0B4BC3F80C15C4
:10CB30000121C3F81005917012780AB9BA21F1E702
:10CB40000022C3F80421054B4FF00072C3F80425FE
:10CB500008BD00BFCC14002000F0004000F00140F0
:10CB6000084B1A784AB10849084AC1F8082500223A
:10CB7000C1F89825C1F89C251A7000225A709A7045
:10CB8000704700BFCC14002000F0014000000202FA
:10CB9000194B1B7870B523B94FF4F2713C20F9F7AB
:10CBA000F5FE164CD4F80431BBB90223C4F80433A3
:10CBB000134B144E1D691A6942F0100205F010055E
:10CBC0001A61D4F804317BB125B90D4A136923F0F9
:10CBD000100313610223C4F80833084BD3F8000490
:10CBE000003818BF012070BD4FF40043C6F88031F3
:10CBF00007F0CEFCE5E700BFCC14002000F00040B9
:10CC000000ED00E000E100E0014B01229A60704776
:10CC100000F0004010B5FFF7F7F888B1224B1B6811
:10CC2000063B083333D9214AD2F83C3723F000437E
:10CC300023F0FF0343F0004343F09603C2F83C3770
:10CC4000FFF7FEF8194C38B1D4F8403723F47F438E
:10CC500043F4B053C4F84037154BC4F8783700F0AC
:10CC6000D3F838B14FF08053D3F830335A1C18BF83
:10CC7000C4F84C374FF01023196E4B1C1FBF0B4AE2
:10CC8000D2F88C3561F31743C2F88C3510BD074AD2
:10CC9000D2F83C3743F48063C2F83C37FFF7B4F86E
:10CCA0000028C0D1CCE700BFB4160020001000401F
:10CCB0002C00008908B50146FFF7C2F898B10B793E
:10CCC0000948022B4FF08053D0F88825D3F8203341
:10CCD00022F4FE420CBFC3F30663C3F3062342EA09
:10CCE0000323C0F8883508BD001000402DE9F04F3F
:10CCF000264C85B0054698460E46174600F0C8F803
:10CD00002378AB42814611D16378B3420ED194F9B6
:10CD10000230BB420AD1E378834207D1A388A8F846
:10CD2000003094F9060005B0BDE8F08F012D06D063
:10CD3000022D10D040F289410620F9F727FE00208D
:10CD40000DF10F033A46314600F0A8F8824620B1B3
:10CD50004621A920F1E70120F2E730469DF90FB006
:10CD6000FFF74CFAA91E4A4203464A41CDF800A0FB
:10CD70004146584600F03CF8B8F80030A071A38056
:10CD800025706670A77084F80390CAE7000500203C
:10CD9000014B1B681B68184730050020014B1B68BE
:10CDA0005B68184730050020014B1B689B681847DB
:10CDB00030050020014B1B681B6918473005002017
:10CDC000014B1B685B69184730050020014B1B684D
:10CDD0009B69184730050020014B1B68DB69184729
:10CDE00030050020014B1B689B6A18473005002066
:10CDF00030B4044C9DF8085024680295E468A446B9
:10CE000030BC604730050020014B1878704700BFE8
:10CE10006819002010B500220C49134640FA02F4AC
:10CE2000E40744BFCA545C1C02F1010248BFE3B2EC
:10CE3000042AF3D1054AFF24D118032B01D910711C
:10CE400010BD013301F8014BDBB2F6E77419002085
:10CE5000DD400300E3400300E54003000B41030015
:10CE6000E940030015410300EF4003001F410300A8
:10CE7000F54003002B41030001410300054103007D
:10CE8000F7400300FD4003001B4103002541030060
:10CE9000014B187D704700BF00150020042810B515
:10CEA00011D883B104280CBF10242824A1420AD22F
:10CEB000064C54F8200018B141568A42A8BF0A46D1
:10CEC0001A70002010BD6FF01500FBE70015002060
:10CED00030B50346114890F91C209A4219DD90F9AB
:10CEE00024209A4217DA9A1A846AA05C0C4A1556D2
:10CEF0009D420DD00E32002918BF01309442C0B2BD
:10CF000006D129B1013BDBB2012B01D80130C0B2FF
:10CF100030BD0D20FCE70020FAE700BF001500201F
:10CF2000E05E050008B5054B93F91C30984203DA22
:10CF3000FFF7CEFF024B1B56184608BD0015002018
:10CF4000E05E050008B5184B93F82C20FAB90122D1
:10CF500083F82C20154A1268A2F10800082803D88B
:10CF600013490141C90709D5911F092910D9013277
:10CF700012D04FF4DF71742002F000FD0D4A9A6266
:10CF8000D8221A6283F8242008229A611A7708BDF1
:10CF9000094A0A41D207ECD4084A9A62D8221A6296
:10CFA00083F824200422F0E700150020B0160020AA
:10CFB000DEFEFFFF1B5F0500EEFCFFFFEE5E0500DF
:10CFC00010F0FF0008B508D14FF0804301225A60ED
:10CFD000C3F80001034B187008BD7C21B52002F096
:10CFE000CDFC00BF2D150020014B01221A707047A7
:10CFF0002D15002008B548B94FF08043D3F8003113
:10D0000013B9044B187808BD0120FCE7C221B520F4
:10D0100002F0B4FC2D150020044B1868062818BF38
:10D02000B0F1FF3F0CBF012000207047B016002078
:10D0300008B5094B1A680A2A02D1084B1B6823B1AC
:10D04000FFF7EAFF08B9082A04D14FF08043022213
:10D05000C3F8342C08BD00BFB0160020B416002061
:10D06000F8B50F4E0127375404460D4607F06AF80D
:10D0700060B934B94FF08043B7707560C3F804737A
:10D08000F8BD40F225116D2002F078FC002DF7D09C
:10D090001CB92046A8477460F2E74FF4A071F2E78C
:10D0A00030150020044B191800228A7003EB800110
:10D0B0001A544A60704700BF30150020014B988118
:10D0C000704700BF30150020014BD889704700BF62
:10D0D00030150020014B9889704700BF30150020A3
:10D0E00010B5EFF3108472B6064B03441A7C01327C
:10D0F000D2B21A741B7C012B01D107F017F804B9C6
:10D1000062B610BD3015002010B507F043F807F0E7
:10D1100019F84FF08044084940B1FFF789FF012317
:10D12000236104238B740023CB7410BD03238B7401
:10D130000123C4F80433F6E73015002010B5EFF3EF
:10D14000108472B6094B03441A7C22B940F257216D
:10D150006D2002F013FC1A7C013AD2B21A741B7CC7
:10D160000BB9FFF72DFF04B962B610BD30150020D2
:10D17000024B987C003818BF012070473015002002
:10D1800073B51B4D6B7D63B9286A00F0030006F090
:10D19000F1FF30B1EFF3108372B6AA7C1AB103B974
:10D1A00062B602B070BD0122AA7403B962B64FF034
:10D1B00080430822C3F808234FF42073ADF80630EB
:10D1C000BDF80640A4B2631E9BB2ADF80630002C39
:10D1D000F6D14FF080460748C6F80C4107F0BAF97F
:10D1E00085F82540FFF790FF0823C6F80433D8E7F9
:10D1F00030150020541500202DE9F347484C237DBD
:10D20000002B00F08A800323ADF804304FF08043F8
:10D21000D3F80051F5B9D3F80481B8F1000F09D063
:10D220004FF080430022C3F804210222C3F80823F0
:10D23000FFF7A6FF94F825603A484FF08047F6B212
:10D24000D7F80C8107F08AF948B340F243316D20DA
:10D2500002F094FB00258DF804500122D3F80481DC
:10D26000C3F808230DF10409271DA61C19F8010BAA
:10D2700003280AD0337843B13B684FF0000A86F8A0
:10D2800000A013B19847C7F800A06B1C022B07F150
:10D29000040706F101064FF00105E7D1BDE745B1EE
:10D2A000A37C032B05D10423A374FFF7C1FE012344
:10D2B0003B61B8F1000F1FD04FF080430022C3F84C
:10D2C0000C21A37C042B02D040F26931BFE7164B3E
:10D2D0001A680A2A02D1154B1B6823B1FFF79CFE7E
:10D2E00008B9082A04D14FF080430022C3F8342C37
:10D2F0000223A37406F051FF4EB1002384F82530B9
:10D30000A37C022B01D1FFF7FFFE06F046FF054884
:10D3100002B0BDE8F04707F030B902B0BDE8F087D1
:10D320003015002054150020B0160020B41600203F
:10D3300010B5054C206A00F0030006F01BFF002822
:10D34000F8D0002010BD00BF30150020F8B505460C
:10D3500050B10278042A07D8437842B9013B1F2B09
:10D3600002D88378212B07D96FF0150075E0002BC8
:10D37000FAD18378002BF7D17B4B0127C3F880705B
:10D38000BFF34F8FBFF36F8F4FF08046C3F88071AC
:10D39000764C0B23C6F808330023C6F80031C6F8D4
:10D3A0000431C6F80C3123746374AB88E38106F052
:10D3B000CCFE08B127702774D6F80C24D6F80C34AC
:10D3C000D20303D5DF0701D5FFF70EFE4FF4AF639D
:10D3D000A3812B78A978637500222262A175E2747B
:10D3E000042B4DD8DFE803F005033A484A00012337
:10D3F000236206F0B1FE00284DD006F0B4FE236A89
:10D4000003F00303984246D1AB79002B3DD1FFF7DF
:10D410008FFFA37D6BB12B785BB906F093FE0546B9
:10D4200002F0FEFB6FF00043002D00F09980C4E98C
:10D4300006034FF08043D3F80C24D3F80C34D20306
:10D4400003D5DB0701D5FFF7CFFD474A01230020B5
:10D45000A0742375C2F880311360F8BD06F09AFEFF
:10D460004FF08043D3F80C14D3F80C24CE03F9D535
:10D47000D007F7D50223BBE73D4BB9E73D4BB7E7F4
:10D4800040F21E516D2002F079FA4FF080430222E3
:10D49000C3F80423BDE74FF080430122DA60002285
:10D4A000C3F80421226AC3F81825334A1368A3F18C
:10D4B0000E01012904D90A2B02D0FFF7ADFD48B1B6
:10D4C0004FF080534FF08041D3F84432C3F34233DE
:10D4D000C1F83C351368A3F10E02012A04D90A2BC6
:10D4E00002D0FFF799FD20B14FF080430122C3F82D
:10D4F0004C254FF0804301229A600222C3F8042396
:10D50000AA79002A85D1D3F80423910702D440F2E6
:10D51000D141B7E7194A1669116941F0100111614B
:10D52000D3F8043106F010060BB907F033F84FF0CA
:10D530008047D7F8043183B1FFF7FAFE26B90F4AC6
:10D54000136923F0100313614FF080430222C3F8E4
:10D5500008230022C3F804215BE707F019F8E8E785
:10D56000C4E9063065E700BF00E100E030150020A7
:10D570000100020001000300B016002000ED00E0F1
:10D5800010B50D4C04F1240006F0E8FF48B9A37C67
:10D59000022B01D1FFF7B8FDBDE81040074806F0A7
:10D5A000ECBF074A012384F82530BDE81040C2F8DB
:10D5B000003106F0EFBD00BF3015002054150020EB
:10D5C00000E100E038B50C4B0C46197919B1832104
:10D5D0006F2002F0D3F960B95D790DB1002038BD3C
:10D5E00001225A71FFF77CFD21462846FFF738FDDE
:10D5F000F4E76FF01500F2E75815002038B50B4D31
:10D600002B7904461BB19A216F2002F0B7F950B96B
:10D610006B790BB9002038BDFFF744FD20466C71D3
:10D62000FFF78CFDF6E76FF01500F4E758150020C2
:10D6300010B501B3F0B14FF0FF33104A1C46E0FBC8
:10D640000134944203D9DB216F2002F097F91A0DBF
:10D6500042EA0432C3F30F10094B00EB02404FF2D1
:10D660002444B2FBF4F103FB1100B0FBF4F040EAF8
:10D670000140013010BD0846FCE700BF3F420F00EB
:10D68000000024F4014B9B68184700BF5815002088
:10D69000014BDB68184700BF58150020014B1B6980
:10D6A000184700BF58150020014B1B6A184700BFE0
:10D6B00058150020014BDB69184700BF58150020A2
:10D6C000034B1A790AB9FFF7FFBC988D704700BF6A
:10D6D00058150020034B1A790AB9FFF7FBBC988A4A
:10D6E000704700BF58150020024B1B790BB9FFF79C
:10D6F00047BD704758150020014B9B69184700BF74
:10D700005815002010B5144C2379A3B1636A9847CB
:10D71000002806DB94F82E3023B1012384F8303042
:10D72000002010BDFFF7E8FF0028F6DA40F28D1167
:10D730006F2002F023F9094BA361094BE361094B08
:10D740002362094BA360094BE360094B2361FFF798
:10D75000FDFD0028E1D0E4E75815002031D3020098
:10D7600081D5020071D10200954103009B41030065
:10D77000A141030038B5084B1D79044625B140F29C
:10D78000E1116F2002F0FAF801F028F82046FFF7C7
:10D7900095FC284638BD00BF5815002008B507483D
:10D7A00001F00AF8054800F023F801F069FA01F0E9
:10D7B0004BFA00F021FB012008BD00BF8C150020B2
:10D7C00001F0FCBB103001F02BB800BF01F040B8F5
:10D7D00001F02CBD01F0F4BD01F006BE01F0EABC81
:10D7E00001F068BC08B52721032002F0C7F800BF8C
:10D7F000024B186000221A719A607047941500203D
:10D8000070B582B01E4C2379012B11D0DAB2022AF6
:10D810000BD1A0680DF1070100F014FB0023A360F9
:10D8200023719DF8070002B070BD012002B070BDE9
:10D83000A0680DF1070100F0FBFAA5686B7DDB071E
:10D84000ECD5AB7F042BE9D001F046F80646002862
:10D85000E4D001F047F82A69B3682E686D6896191C
:10D8600045F1000500220A3342F100021B1842EB89
:10D870000102B342AA41D1D3A06800F085FCCDE7F4
:10D8800094150020837F0BB10020704710B50A6803
:10D890004B688C68D1F80CC0C0F80CC08460026082
:10D8A00043600A694B694361012402618477054B37
:10D8B0001A792AB998601C7100F0A4FF204610BDA7
:10D8C000FFF790FF9415002070B5044682B00D4616
:10D8D00001F002F8A37F012B17D02B686A68A968B2
:10D8E0000646E868E060A160236062606A692B69AF
:10D8F000626101222361A2770DF10701204600F049
:10D9000097FA2EB1012002B070BD002002B070BDA8
:10D91000024B0421186806F0EEFDF3E79415002091
:10D92000024B0621186806F0E6BD00BF94150020E2
:10D9300010B5084B1A7952B90446986002221A7140
:10D9400000F060FFA07FB0FA80F0400910BDFFF743
:10D9500049FF00BF9415002038B5837FC3B104464A
:10D9600009E0A37F042B09D0A37F012B11D006F07F
:10D970000FFEA37F63B1A37F032BF2D1EFF31085DA
:10D9800072B6204600F0BCFA05B962B6A37F2BB987
:10D9900038BD4FF48271032001F0F0FFFF21032016
:10D9A00001F0ECFF70B5054600F096FF08B30446A1
:10D9B00000F098FFA4680346E41841F100062846E9
:10D9C0003346224600F072FBA04271EB06034FF093
:10D9D00000050CD3001B6FF0010361EB06018342CD
:10D9E00075EB010100D370BD4FF0FF3070BD2846CC
:10D9F00070BD40F22911032001F0C0FF2DE9F04174
:10DA000004460F4600F068FF10B3856800236219D2
:10DA10005B41064613B10020BDE8F08100F062FFD3
:10DA20002A1841F100033846A51843F1000800F018
:10DA30003DFBA84271EB0801EDD301F0BFFA00F005
:10DA400019FAB368377523440120B360BDE8F0814B
:10DA50004FF4A371032001F091FF00BF00F042BF1B
:10DA6000F8B50369002B4ED1044601F0A7FA05462C
:10DA70000E46FFF713FE78B3D4E90003643546F190
:10DA80000006A84273EB060223D3C4E90003EFF3B8
:10DA9000108672B600F020FF054698B100F022FF14
:10DAA000AB6800220B3342F100021B1842EB01016C
:10DAB000D4E90002834271EB02053CBF03461146E4
:10DAC000C4E9003106B962B62046BDE8F84000F06E
:10DAD00083BB28463346D8E7FFF7FCFD074600F036
:10DAE0000FFFB8422168626838BF3846963546F164
:10DAF0000006401946F10003884273EB02053CBF63
:10DB000008461346C1E74FF4D171032001F036FFF8
:10DB10001C4B1868A0B350E9063130B550F8104CD2
:10DB200013F10A02036841F100011519A0F1180070
:10DB300041F1000C1BB922E014D31B68FBB153E97F
:10DB40000621AA4271EB0C0419D290F814E013F8E4
:10DB5000044C7445F0D19C88B0F81CE0A4EB0E0492
:10DB60002404EAD553F8100C0A3241F1000185185B
:10DB7000A3F118001B6841F1000C002BDFD130BD70
:10DB8000704700BFA015002070B5264D00236B60C4
:10DB9000EFF3108172B6AA686A60AB60EB6009B9F6
:10DBA00062B66A6872B3204C00269379032BA2F107
:10DBB000180028D0136873B39A79042AA3F11803C4
:10DBC0008446A6460FD1818B9A8B521A12049A6909
:10DBD00044BF0CF1180E184642B19C46A2F118033E
:10DBE0009A7F042AEFD09B7F032B16D1DEF800200A
:10DBF0001368CEF800300221C368867798476A68B8
:10DC0000002AD2D170BD116852F80C3C967169603F
:10DC100001219847F3E7A646EAE763219F2001F038
:10DC2000ADFE00BFA0150020A41500202DE9F04F87
:10DC30006F4B04681B68456883B08283427D06464B
:10DC4000894602F00102002B00F0CB80A3F1180CF2
:10DC5000002A6ED0DCE90001844275EB0107644ABA
:10DC60002FD39CF81420337D9A421BD8DCF808305F
:10DC70001B1841F1000113F10A0E41F10007744530
:10DC800075EB070280F0A8803269121945F1000097
:10DC9000964577EB000801D2724638469A42884191
:10DCA000C0F08280DCF818300CF11802002B00F074
:10DCB0009180A3F1180CDCE90001844275EB0107A7
:10DCC000CFD21F466346B068001945F10008002B0B
:10DCD00044D0CDE90027CA46D3E9007110F10A0CFF
:10DCE00048F10002674571EB020245D21A7D96F8B1
:10DCF00014C0944519D39A68D21941F1000112F168
:10DD00000A0941F1000E4C4575EB0E0745D2376903
:10DD10003F1945F1000CB9457EEB0C0B01D24F4683
:10DD2000F44697427CEB010C3DD39B6923B3183B2F
:10DD3000D2E7DCE90001844275EB01012C4A0CD3E7
:10DD4000DCF818300CF118023BB1A3F1180CDCE937
:10DD50000001844275EB0101F2D21F46334643F8BD
:10DD6000187F1360FFF7D4FE864210D0002389F895
:10DD7000003003B0BDE8F08FDDE900273346D1461F
:10DD800043F8187F1360FFF7C3FE8642EED10123EC
:10DD900089F8003003B0BDE8F08F2746AC469742C3
:10DDA0007CEB010CC1D2D146114A0423B3779168B0
:10DDB000002333767376B376F37606F118020C4BB4
:10DDC00069B1DB681A600B4B09491878CA6001F029
:10DDD0008DFFCBE71F4676E7224628465EE79A602E
:10DDE000F1E712B91746024AB8E7014A1F466AE747
:10DDF000A01500203405002010B50A4C2378FF2B15
:10DE00000AD1094801F048FF084B207000221A602F
:10DE10009A60DA601A8210BD4FF48D719F2001F074
:10DE2000ADFD00BF3405002089DB0200A0150020F5
:10DE3000034B1A8A02F1010CA3F810C0FFF7F6BEDB
:10DE4000A015002038B504460D46FFF761FE0346D5
:10DE5000E31AB3FA83F35B0905482B7004F1180148
:10DE600006F06FFB10B10023A377012038BD00BF7F
:10DE7000A01500202DE9F0431F4E34686CB34FF01D
:10DE800000083546C6464FF004092346246853F877
:10DE9000187C53F8082CD21953F8147C47F1000C65
:10DEA00082427CEB010C1AD22A6812682A6083F83D
:10DEB0000690B26883F800E083F801E083F802E09E
:10DEC00083F803E07AB1F2681360F3604FF0010861
:10DED000002CDAD1B8F1000F07D1BDE8F0831D4660
:10DEE000002CD2D1F6E7B360EFE7044BBDE8F04376
:10DEF000187801F0FBBE00BFA015002034050020FB
:10DF000070B5154EB368054600F11801BBB1B36892
:10DF1000002423B913E01A681C4682B113469942C3
:10DF2000F9D10CB1AA692260B268914204BF1B68A2
:10DF3000B360F36899420AD00023AB7770BD0748FD
:10DF400006F0FFFA0028F9D00023AB77F6E70023AC
:10DF5000F460AB77F2E700BFA0150020A415002005
:10DF60002DE9F843484E3468002C00F087804FF0CC
:10DF700000080F460546B14641464FF0040E2346C1
:10DF8000246853F8180C53F8082C121853F8140C82
:10DF900040F1000CAA427CEB070C69D2D9F80020B2
:10DFA0001268C9F8002083F806E0B2681970597049
:10DFB0009970D970002A5FD0F2681360F3604FF057
:10DFC0000108002CDBD1B8F1000F03D02F4B1878DB
:10DFD00001F08CFE3368002B50D053E90612A942A1
:10DFE00072EB070053F8100C3CBF29463A46A3F1E8
:10DFF000180C0A304FF000041B6844F100040918A3
:10E0000042EB04021BB92DE016D81B6853B353E949
:10E010000604884274EB020E24D29CF8148013F894
:10E0200004ECF045F0D1B3F804E0BCF81C80AEEB92
:10E03000080E1EF4004FE8D0854277EB040E294607
:10E0400038BF014653F8100C3A46A3F1180C38BFFC
:10E0500022461B68091842F100020A3142F100020F
:10E06000002BD4D10CF1180373616046BDE8F8832E
:10E070009946002C83D1A6E7B3609FE700239C4616
:10E0800073616046BDE8F883A015002034050020C8
:10E0900010B5054C6169204606F053FA18B1606965
:10E0A00000231838636110BDA01500201C490968C1
:10E0B00039B3A1F1180C9CF8141081421DD870B529
:10E0C000DCE9004112F10A0543F1000EAC4271EBAC
:10E0D0000E0620D2DCF81060341941F10001AC4288
:10E0E00071EB0E0115D2DCF8181071B1A1F1180C0A
:10E0F0009CF814108142F6D8E2E7DCF818100029E9
:10E10000D7D14FF0FF30014670474FF0FF30014646
:10E1100070BD2C467146B4F10A0041F1FF3170BD6B
:10E12000A015002010B5837F022B06D0837F012B22
:10E1300002D0837F042B1DD110BD437D13F0020359
:10E1400013D103210E4A81779468037600F11801F8
:10E1500043768376C3765CB1D3681960094BD1608E
:10E16000BDE81040187801F0C1BD0023837710BDD1
:10E170009160F3E74FF4FF719F2001F0FFFB00BFB8
:10E18000A01500203405002070B5114D00F11806CF
:10E1900004463146284606F0D4F998B10423A37703
:10E1A000AA68002323766376A376E37642B1EB6810
:10E1B0001E60084BEE601878BDE8704001F096BD17
:10E1C000AE60F6E74FF402719F2001F0D7FB00BF6D
:10E1D000A0150020340500202DE9F04F066983B01A
:10E1E000002E70D1D0E900158368077DEFF310840D
:10E1F00072B6DFF8DCC0DCF80020002A5CD013F136
:10E200000A0EBCF81080CDF8048046F10006183ADA
:10E21000B046D2E9003611EB0E0A45EB08099A45E3
:10E2200079EB060C48D38B4276EB050C28D3D2F859
:10E2300010C01CEB030C46F1000BD4457BEB090B23
:10E2400034BF4FF0010C4FF0000CBCF1000F13D0A5
:10E2500092F814C0BC4526D034BF4FF0010C4FF0EB
:10E26000000CBCF1000F07D013F10A01936846F1CE
:10E270000005591845F100059269EAB1183AC8E756
:10E28000D2F808A013F10A0C46F100091AEB0C0CA5
:10E2900049F10009614575EB090934BF4FF0010CE4
:10E2A0004FF0000CD1E7B2F81CC0DDF80490ACEBE5
:10E2B000090CCCF3C03CD4E704B962B6C0E9001540
:10E2C00003B0BDE8F08F40F227219F2001F056FBFC
:10E2D000A0150020024B0521186806F00CB900BFFC
:10E2E000B8150020054B586810B1C36805211847C0
:10E2F00010B54FF41B71B02001F040FBB8150020A1
:10E300002DE9F0471646002B55D0D3E900894B4C38
:10E31000804579EB0103A38A3CBF8046894664337C
:10E32000B8EB000569EB01070022AB422261BA415C
:10E33000C4E9028916DBA36903F2A3139D4277F1B6
:10E34000000769DA3E4AC4F8288040464946C4F8C6
:10E350002C9000F057FD3B4A052384F830303260A2
:10E36000BDE8F087627F237F1AB19A071ED400228E
:10E37000627703F0010AA36903F2A3139D4277F1C8
:10E3800000072EDABAF1000FDCD0A08A2C4AB8EBD5
:10E39000000069F10001C4E90A0100F033FD062321
:10E3A000284A84F830303260BDE8F087236A0120C3
:10E3B0009847237FDBE7214C637F2BB1237F9B07AB
:10E3C00002D5236A012098470025657701F090F86F
:10E3D000FFF75EF92B461C4A84F830303260BDE806
:10E3E000F08701F085F8FFF753F9A08AA369BAF125
:10E3F000000F01D0984215D8B8EB0300104A69F11C
:10E400000001C4E90A0100F0FDFC02230D4A84F872
:10E4100030303260BDE8F08701F06AF8FFF738F974
:10E42000A369E9E7B8EB0000054A69F10001C4E916
:10E430000A0100F0E7FC034A01238EE7B81500202B
:10E44000D5E2020091E5020089E7020002392DE9D8
:10E45000F04104292DD8DFE801F00309292C0C0034
:10E46000164A137F003B18BF012353770020BDE8F5
:10E47000F081044600F092FC00F0A0FD0E46074635
:10E48000FFF76EFD0D4D80466868FFF74BFE224694
:10E49000384631464346002400260027C5E9026776
:10E4A0006C60FFF72DFF0220BDE8F081FFF7A8F9AF
:10E4B000DCE740F21721B02001F060FAB815002027
:10E4C0002DE9F84F2E4C637FA769804683BB94F8F3
:10E4D0001C9019F0010934D100F070FD10EB070B0E
:10E4E00041F1000A05460E4658465146FFF738FDF1
:10E4F000A8B3D0E900329B457AEB02011BD300237D
:10E50000204AA56228463146C4E902BAE662236180
:10E5100000F078FCB9F1000F18D0A38A1A4A9F4284
:10E5200016D0022384F83030C8F80020BDE8F88FF8
:10E530004FF00009D0E7DD1B9B4662F100069246D2
:10E54000DDE7A38A9F4238BF1F46C5E70E4AE8E7CA
:10E55000012384F83030C8F80020BDE8F88F637FCD
:10E560002BB1237F9B0702D5236A01209847002304
:10E57000064A84F830306377C8F80020BDE8F88F89
:10E58000B8150020D5E2020091E5020089E70200FB
:10E59000023970B50546032900F2EB80DFE801F08F
:10E5A00006024508754B002283F83120002070BD1B
:10E5B000724C94F830301A1F012A40F29F8000F00C
:10E5C000FDFCA26A2369801A9842B8BF184694F8E5
:10E5D00030302061022B7FD0237FD90740F1C480E7
:10E5E000607F002840F0C080236A9847012363774A
:10E5F00094F83020022AD4E902034BD0012A70D0CB
:10E600002269323843F1FF31101841EBE2715C4A64
:10E61000C4E90A0100F0F6FB94F83030062B0CBF79
:10E620000523042384F83030C0E7544C94F830308C
:10E63000042B0FD8022B25D8013B012B00F28F8031
:10E64000FFF7DEF80028B1D000F0A6FC2846FFF75F
:10E6500037FF15E0053B012B00F28180FFF7D0F872
:10E660000028A3D000F098FC00F0A8FC06460C4659
:10E67000FFF776FC2A46034621463046FFF740FE68
:10E68000022070BDFFF7BCF800288FD0012384F86A
:10E6900031308BE7227FD2070ED5627F62B9A18A23
:10E6A000374A401A63F10001C4E90A0100F0AAFBED
:10E6B000032384F8303079E72169314A323843F155
:10E6C000FF33401843EBE171C4E90A0100F09AFB03
:10E6D000042384F8303069E700F002FFFEF7D2FF30
:10E6E00086E7A169264A401A63F10001C4E90A01DC
:10E6F00000F088FB022384F8303057E7042B94F8AD
:10E70000316019D0002EAFD1FFF7C2FC0028ABD08A
:10E710006060C4E90D6600F035FB60680223837712
:10E720003146C3689847D4E90201FFF7A3FB154BB4
:10E7300084F830602B60A3E700F0E2FE0028E1D10E
:10E7400000200021FFF70CFC08B1FFF71DFD00F0D1
:10E75000CFFEFEF79DFF2846FFF7B2FE90E74FF48D
:10E76000CD71B02001F00AF940F2B311B02001F0F0
:10E7700005F940F2F111B02001F000F9B8150020C0
:10E78000D5E202004DE40200032910B506D80129A4
:10E790000AD840F25D11B02001F0F0F80429F8D158
:10E7A0000446FFF72DF808B9002010BD2046FFF7FA
:10E7B00087FE022010BD00BF10B5064A064C02605D
:10E7C0000023206084F830302377FEF783FF513038
:10E7D000A06110BD89E70200B815002008B5074BFD
:10E7E000074A19680968914202D15130986108BD01
:10E7F00040F25121B02001F0C1F800BFB81500204F
:10E8000089E7020010B5EFF3108472B6034B0421C0
:10E81000186805F070FE04B962B610BDB815002086
:10E8200008B5094B5A684AB1D3E902218018BDE8FE
:10E830000840064A41F1000100F0E4BA40F27221BA
:10E84000B02001F09BF800BFB8150020E5E20200FF
:10E8500008B5064B5B681BB1BDE8084000F09CBBE7
:10E860004FF41E71B02001F089F800BFB8150020E8
:10E8700008B5054B5A680AB1586308BD40F27E21BD
:10E88000B02001F07BF800BFB815002008B5054B9B
:10E890005A680AB1986308BD4FF42171B02001F0A5
:10E8A0006DF800BFB8150020044B9B6B03B11847EF
:10E8B00010B540F28A21B02001F060F8B8150020B0
:10E8C000044B5B6B03B1184710B54FF42471B020B3
:10E8D00001F054F8B8150020014B5868704700BF8C
:10E8E000B815002008B5054B5A6812B1D3E90201EA
:10E8F00008BD40F29B21B02001F040F8B81500207F
:10E90000034B187F10F0010018BF988A704700BFB2
:10E91000B8150020054B1B681BB1D3E90820042162
:10E92000104710B57221452001F028F8F815002095
:10E93000054B1B681BB1D3E908200321104710B514
:10E940006C21452001F01AF8F81500202DE9F0415E
:10E9500004460D4679B9174F3B683BBB16483C60EF
:10E96000FFF786FF1548FFF791FFFFF777F8637D04
:10E970005B07064605D4D4E908302946BDE8F041D6
:10E980001847FEF725FF2036361A7E6000F092FB0E
:10E990000028FBD00A4B0022C3F8A8252946C3F85B
:10E9A000AC25D4E90830BDE8F04118478621452060
:10E9B00000F0E4FFF815002031E9020015E902003B
:10E9C00000F00140024B00221A601A81704700BF1C
:10E9D000F815002008B5074B1A683AB10648D06010
:10E9E00000211960BDE80840FEF79ABFB921452013
:10E9F00000F0C4FFF81500204DE90200C0E908123C
:10EA00002022002101F0A4BA30B587B04B7A002251
:10EA10000D460592CDE900220492C3F3800282F0F4
:10EA200001024FF0000162F3820104462A78287A3D
:10EA30008DF815108DF8140069682B480291039029
:10EA4000002A40D1D5E904209DF815C01CF0040F20
:10EA5000CDE9002028D19DF815202449C3F34003B7
:10EA60005B0043F0010322F0030213438DF81530DD
:10EA70004B68C3F308038BB1103B5BB2002B1CDB6C
:10EA800003F1604303F5614393F800335B092BB94D
:10EA900069462046FEF718FF07B030BD694620469C
:10EAA000FEF7F0FE07B030BD203A01F1200140F141
:10EAB000FF30009202910190CDE703F00F0319445B
:10EAC0000B7D5B09E3E72B690493FEF779FE9DF864
:10EAD00015305B07CDE9000104D5029A6B7A20322C
:10EAE0000292B8E76B7AB6E74DE9020000ED00E06C
:10EAF00010B5037886B0B3B90446D0E90401CDE976
:10EB00000433CDE900010393217A636802936846D8
:10EB10008DF81410FEF7A4FFDDE900230120C4E9FD
:10EB2000042306B010BD4FF4AB71452000F026FF62
:10EB300008B50A4B1B6863B15B7D5B0705D5FEF723
:10EB40008DFF203041F1000108BDBDE80840FEF70F
:10EB500085BF4FF4EE71452000F010FFF81500203E
:10EB600030B50C7887B07CBB4B7A05940C7A8DF865
:10EB70001440C3F3800E174C4D6803948EF0010EC1
:10EB8000D1E904414FF0000C6EF3820C1CF0040F2D
:10EB9000CDE900418DF815C0029507D0203C05F164
:10EBA000200541F1FF310094029501919DF8154037
:10EBB0000492C3F3400363F3410469468DF81540A2
:10EBC000FEF760FE07B030BD40F21F21452000F087
:10EBD000D5FE00BF4DE9020070B4EFF3108672B6A7
:10EBE00017490D78ADB1174BD3F80445D3F8483128
:10EBF0004FF6FF7294421FD0E3B147F6FE739C427A
:10EC000018D84B68013306B962B6C0E9004370BC3E
:10EC100070470C4AD2F80445D2F8043153B14B681E
:10EC200001334B60C2F80451D2F80445D2F80431E4
:10EC3000002BF4D14B68E6E7002BFBD11C46F9E72B
:10EC40003016002000B0004010B50A4C002222749B
:10EC50002277094B094801215960C3F84025C3F8C0
:10EC600040214FF400221961C0F8082501F08CF80A
:10EC7000206210BD301600200080004000F00140EE
:10EC80003749384BF0B44D6A374C002201204A60B6
:10EC900058609860C3F80843C3F84843C3F8042198
:10ECA000C3F84021C3F84421C3F84821002D55D0B2
:10ECB0002E4C2F4EC4F8A8652E4AC4F8AC55C4F8A3
:10ECC0005C394FF40023C4F804350523C2F84035FD
:10ECD0001060D2F84031002BFBD0244800230124DF
:10ECE0004FF40025C0F808555460D460C2F8403194
:10ECF000C2F84035C0F8A835C0F8AC35C0F8AC351E
:10ED00000B7833B391F82840184816491A4E1B4D1A
:10ED1000E30003F1804303F5F8330122A2404FF6EC
:10ED2000FF774FF48024C0F80825C1F84443C1F8A8
:10ED30004875C1F80443C3F81065C3F81455C0F80A
:10ED400004250F4B4FF40062C3F88021F0BC1A6019
:10ED50007047044B0222C3F80423F2E71860CFE7A0
:10ED60003016002000B000400200070000F0014013
:10ED7000408100400080004048B1004008B00040A1
:10ED800000E100E0044B4FF080411A6A0123C1F812
:10ED900008351360704700BF3016002010B4144CC3
:10EDA0001449154A0023C4F8A8350120C4F8AC352D
:10EDB0004FF0FF3448600861C1F808430F4891687C
:10EDC0004FF48074C0F8804141B10D494FF4803058
:10EDD000C1F808031374C1F840319360126A10BC83
:10EDE0004FF080410023C1F808351360704700BF21
:10EDF00000F00140008000403016002000E100E0FB
:10EE000000B00040F0B55A4CA36883B0002B40F02E
:10EE10009F802578A260002D5CD1564B994200F26C
:10EE20009C80430F544E554F43EAC101A6FB01326B
:10EE3000C0F34F33920B03EB014307FB1233A6FBE6
:10EE400003639B0B43EA02434D4A02FB1300420B50
:10EE500048F2376101FB02F2120C43F609574949A7
:10EE600007FB120000FB01F1490D43F6085601EBC8
:10EE7000422207FB0161B0EB512F88BF013200260F
:10EE8000002D41D01F0C1B049D18684647F1000758
:10EE9000FFF7A2FEDDE90032053346F100064FF42C
:10EEA0008031E2FB01369D4277EB060647D32A0C00
:10EEB0004FF6FF71ADB242EA0742002D08BF0D4682
:10EEC00031494FF48030C1F84055E260C1F8040385
:10EED00003B0F0BD2D4B994244D8430D264E274F29
:10EEE00043EAC121A6FB0132C0F34F13920B03EB9F
:10EEF000014307FB1233A6FB03639B0B43EA024368
:10EF0000234A02FB1300A2E71F0A1B069E1868464D
:10EF100047F10007FFF760FEDDE90032053345F1F8
:10EF200000054FF08071E2FB01359E4277EB05054D
:10EF300005D3320E42EA072226F07F45C0E7FF23C1
:10EF40002374144B4FF40062C3F8002103B0F0BDEA
:10EF500040F2F921052000F011FD4FF494710520D5
:10EF600000F00CFD40F22311052000F007FD00BF6A
:10EF700030160020FF7F841E83DE1B43000024F434
:10EF80000080841E6F0C010000B000407F841E00D2
:10EF900080841E0000E100E0064B9A684AB10649F1
:10EFA0004FF48032C1F8082300221A74C1F84021BE
:10EFB0009A6070473016002000B0004070B4EFF344
:10EFC000108572B6364C207820B3364BD3F8042522
:10EFD000D3F848614FF6FF739A4252D043F6095175
:10EFE000C2F3080301FB03F3500A01FB00F003F531
:10EFF000807300EB53200021002E45D047F6FE73AE
:10F000009A4241D86368013325B3274A70BCE3FBB9
:10F0100002017047234AD2F80435D2F8041111B323
:10F02000636801336360C2F80401D2F80435D2F892
:10F0300004110029F4D143F6095CC3F30802580A0D
:10F040000CFB02F202F580730CFB00F000EB532086
:10F0500063681DB962B62278002AD6D1134AE3FB51
:10F06000020170BC704743F60956C3F30802580A00
:10F0700006FB02F306FB00F003F5807300EB532060
:10F08000E6E71EB10A4800216368BDE7636815B969
:10F0900028462946DEE7044A30463146DFE700BF0E
:10F0A0003016002000B0004080841E000080841EC6
:10F0B00061841E0070B4EFF3108072B6384A157880
:10F0C0000DB3384BD3F80455D3F848614FF6FF73AE
:10F0D0009D4256D043F60954C5F3080104FB01F1E3
:10F0E0006B0A04FB03F301F5807103EB5123002449
:10F0F000002E49D047F6FE718D4245D85168013146
:10F1000008B3294824E02749D1F80435D1F804414F
:10F110004CB3536801335360C1F80451D1F804353E
:10F12000D1F80441002CF4D143F6095CC3F3080183
:10F130000CFB01F15B0A01F580710CFB03F303EB9F
:10F140005123516818B962B610780028D9D11748F0
:10F15000E1FB0034D2E90C128B4294412CBF012018
:10F16000002070BC7047C3F3080143F609555B0AE1
:10F1700005FB01F105FB03F301F5807103EB51235E
:10F18000DFE71EB10A4B00245168B9E7516810B996
:10F1900003460446D7E7044833463446D8E700BF61
:10F1A0003016002000B0004080841E000080841EC5
:10F1B00061841E00194B1A4810B5012200214FF43A
:10F1C00000245A60C3F84015C3F840111A61C0F812
:10F1D0000845D3F8040520F00300C3F80405D3F86C
:10F1E000080540F003001021C3F8080591FAA1F1C9
:10F1F000B1FA81F109290CDC0A48C3F810154FF463
:10F200008074DA60C0F8804104605A60DA601A6085
:10F2100010BD054840F29F3100F0A6FB0080004081
:10F2200000F0014000E100E0FC6A05002DE9F04734
:10F23000DFF874815D4E012100234FF4002284B079
:10F24000C8F80410C8F84035C8F84031C8F81010A4
:10F25000C6F80825D8F8042522F00302C8F80425CA
:10F26000D8F8082542F00302C8F80825102292FABF
:10F27000A2F2B2FA82F2092A00F39180C8F81025AE
:10F280004B4A4C4FC8F80C104FF48070C2F8800104
:10F290001060494AC8F80410C8F80C10C6F8A82530
:10F2A0003A78C6F8AC8502A8002A56D0019306E049
:10F2B0000123C6F808A5C8F80430C8F80C30FFF7D9
:10F2C0008BFCDDE90243019D4FF4002A4FF48039A5
:10F2D000C6F804A5E3FB0945FFF77EFCDDE9023231
:10F2E0000199E2FB0931A94208BFA342E0D10134F0
:10F2F00043F60952C4F3080345F1000502FB03F38A
:10F30000210EC4F34E2441EA052102FB04F02D0E28
:10F3100003F5807300EB53204C016B01641A43EA40
:10F32000D16363EB0506B201A3011B1B42EA9462A1
:10F3300062EB0602D20042EA5372DB005B1845EB37
:10F340000205E903DA03801841EA534141F1000163
:10F35000C7E90C0104B0BDE8F087019206E0012383
:10F36000C6F808A5C8F80430C8F80C30FFF734FC1C
:10F37000DDE90243019D4FF4002A4FF08079C6F881
:10F3800004A5E3FB0945FFF727FCDDE902320199FB
:10F39000E2FB0931A94208BFA342E0D1A7E7074831
:10F3A00040F29F3100F0E0FA0080004000F00140A0
:10F3B00000E100E03016002000B10040FC6A0500CA
:10F3C00010B5029C201841F10001801A61EB030185
:10F3D000B0F1004F71F1000100DA10BD40F2A93127
:10F3E000052000F0CBFA00BF70B4EFF3108572B6C1
:10F3F000364C207820B3364BD3F80425D3F8486137
:10F400004FF6FF739A4252D043F60951C2F30803F4
:10F4100001FB03F3500A01FB00F003F5807300EBDE
:10F4200053200021002E45D047F6FE739A4241D862
:10F430006368013325B3274A70BCE3FB02017047C0
:10F44000234AD2F80435D2F8041111B363680133AA
:10F450006360C2F80401D2F80435D2F8041100291F
:10F46000F4D143F6095CC3F30802580A0CFB02F21C
:10F4700002F580730CFB00F000EB532063681DB9AC
:10F4800062B62278002AD6D1134AE3FB020170BC8F
:10F49000704743F60956C3F30802580A06FB02F305
:10F4A00006FB00F003F5807300EB5320E6E71EB186
:10F4B0000A4800216368BDE7636815B928462946F4
:10F4C000DEE7044A30463146DFE700BF3016002051
:10F4D00000B0004080841E000080841E61841E00F5
:10F4E000024B0122C3F84423704700BF00B0004024
:10F4F000024B0122C3F84823704700BF00B0004010
:10F5000008B5FEF7CBF830B9074A936B0133312BBE
:10F51000936304D808BD044B00229A6308BD40F2EF
:10F52000F531052000F02AFA3016002010B53F4CC6
:10F53000237882B0002B55D03D4BD3F804235203DF
:10F540005BD43B4BE168D3F80423D00334D5D3F824
:10F550004031002B30D0636899425DD8002323747A
:10F56000334AA168C2F840314FF48030C2F8080332
:10F57000002955D0A36088472D4BA169D3F80423F7
:10F58000920324D5D3F844310BB363688B423FD345
:10F5900000222277264B6169C3F844214FF40030E2
:10F5A000C3F8080300293BD08847214BD3F84031EA
:10F5B0000193019B02B010BD6268237C002BCDD16A
:10F5C0009142D9D91A4B0022C3F84021D4E762688E
:10F5D000237F002BDCD18A42E7D2154B0022C3F8EF
:10F5E0004421E2E7124AD2F804110029A9D0C2F856
:10F5F0000431636801336360A3E7D3F84821002A2C
:10F600009FD00022C3F8482163680133636098E704
:10F61000237F002BE1D0BBE7237C002BD2D09DE7DA
:10F6200040F23741052000F0A9F900BF3016002054
:10F6300000B00040034610B3007888B91A79012A57
:10F640001ED85A79012A1BD89A680E49643A8A4210
:10F6500016D8D8680C4B98422CBF00200120704768
:10F6600001280CD11A79012A09D85A79012A06D819
:10F67000DA680449643A8A4201D89868EAE70020C7
:10F68000704700BF3C8601000040420F70B5044641
:10F69000FEF796F8D4E90632656A503342F100026B
:10F6A0005B1942F1000205F5DF6540F2F966B5FB32
:10F6B000F6F55B1942F1000283428A410ED294F8BA
:10F6C0002A30052B03D0B3216A2000F057F90A2114
:10F6D000236A94F858009847B621F5E7044C23684C
:10F6E00013B1984700232360BDE87040FFF772B95B
:10F6F0006C16002070B504460D4639B9012380F818
:10F700005930FFF7C3FF0226304670BD0E78032E36
:10F7100070D801A353F826F007F7020029F702007A
:10F7200093F702004BF702004868C72801D800266B
:10F73000EAE70421FEF762F90028F8D0FEF746F860
:10F740006968204604F03FFDDEE790F8286006BBBC
:10F750004D682846FFF76EFF00284BD02B78D3B9B1
:10F76000012121702B796A79003B18BF0123002AFF
:10F7700014BF042202222272AA6843F004036F32EB
:10F780006260EA6863720323226184F82A3084F895
:10F7900029102046B5E794F82A30052B04D040F212
:10F7A00093116A2000F0EAF826702B796A79003B01
:10F7B00018BF0123002A14BF042202222272EA6821
:10F7C00043F004036F3263726260D4E90632A968C1
:10F7D0005B1842EBE172C4E90432042384F82A3056
:10F7E000214604F13000FFF70FF90028D1D140F293
:10F7F0009511D6E7012384F85930CAE72DE9F8437B
:10F800008846074658B300F02FF84FF00009044629
:10F810005FFA89F6B44203D86FF00B00BDE8F883B5
:10F82000304600F027F890F82A5009F10109002D20
:10F83000EED1304600F01EF80A490585044680F8EE
:10F840002A5080F8586002463030FFF7D7F801237D
:10F85000276284F82A30284688F80060DEE76FF0D7
:10F860001500DBE7D5410300014B1879704700BF55
:10F8700070160020044B1A79824283BF1B686022F5
:10F8800002FB003000207047701600200A4610F07E
:10F89000030110B50AD1074C2271206008B900207D
:10F8A00010BD60235A4300F053FBF8E76FF00D00E2
:10F8B000F6E700BF70160020BFF34F8F0549064BD7
:10F8C000CA6802F4E0621343CB60BFF34F8F00BFFE
:10F8D000FDE700BF00ED00E00400FA05094B01223E
:10F8E0005A604FF0FF32C3F80823074B4FF48042B1
:10F8F000C3F88020BFF34F8FBFF36F8FC3F8802111
:10F90000704700BF00E0004000E100E0094B012229
:10F910005A604FF0FF32C3F80823074B4FF4805270
:10F92000C3F88020BFF34F8FBFF36F8FC3F88021E0
:10F93000704700BF00C0004000E100E0084B00221B
:10F94000C3F8FC2F0122C3F8FC2F064B0222C3F898
:10F950008020BFF34F8FBFF36F8FC3F880217047B4
:10F960000010004000E100E008B572B6024B5B6891
:10F9700003B19847FFF7A0FF781600201FB572B6B5
:10F98000134B5D6895B9FFF797FF2346B2FBF6F27C
:10F990005C1C002AF9D104AEDCB256FA83F303F8FA
:10F9A0000C2C0A2234B901A8A847ECE70246002330
:10F9B0000A26EDE7631E04AEDCB256FA83F3B0FB11
:10F9C000F2F602FB1600303003F80C0C3046E9E783
:10F9D00078160020F8B51F4E337805460C461746BA
:10F9E000A3BB00F0C5F9FDF7ADFA77603472FFF7FD
:10F9F000A5FFFFF78BFFFFF771FF174B002D14BF1B
:10FA000028461846FDF77EFE0546E8B9FEF7DAFF00
:10FA1000FDF76AFE04F0BEFCFDF7C0FE18B9B82180
:10FA20001120FFF7ABFF002C0CDB04F01F02640970
:10FA3000A40004F1604404F5614401239340C4F838
:10FA400080312360012333702846F8BD4FF0FF3525
:10FA5000FAE700BF781600204C5F0500074B93F9CA
:10FA60000830002B09DB5A09012103F01F039940DC
:10FA700002F14003024A42F8231070477816002032
:10FA800000E100E0014B1878704700BF78160020B5
:10FA900050B1074B03F1140253F8041B40F8041B48
:10FAA0009342F9D1002070476FF01500704700BFF6
:10FAB000C0B20500F0B5284D284C294F83B02E78F0
:10FAC0000136F6B2D5E84F3F0133DBB2C5E8423F1D
:10FAD000002AF7D101236360C4F80021C4F804218F
:10FAE000EFF3108272B6C4F80405236052B962B60F
:10FAF00008E0D4F804314BB92B789E4206D13B691B
:10FB0000DB0613D4D4F80031002BF2D0D4F8043142
:10FB1000002BD4D12A78B242D1D10322C4F80031CB
:10FB2000C4F80431C4F8082303B0F0BD0D4B032121
:10FB30004FF48042C4F80413C3F88021D4F8003194
:10FB4000002BDFD1D4F80431002BDBD1019004F07D
:10FB50001FFD0198D6E700BF8116002000E000409D
:10FB600000ED00E000E100E070B51446DA078CB06B
:10FB70001D4686468C4633D5C36842681BBA00933F
:10FB8000CB681BBA049383681BBA019303681BBA42
:10FB900003938B6812BA1BBA029205934A680B68EA
:10FBA00012BA1BBA6E46069207933046FFF782FFE1
:10FBB000AB070DD5DDE90A10DDE9083200BA09BA54
:10FBC00012BA1BBA20606160A260E3600CB070BD25
:10FBD00008AD0FCD20606160A260E3600CB070BD25
:10FBE000DEF80410DEF80820DEF80C300068EE467F
:10FBF000AEE80F00DCF80000DCF80410DCF80820A8
:10FC0000DCF80C306E46AEE80F00CEE710B50024ED
:10FC100082B0CDE90044FFF7A7FF02B010BD00BFDE
:10FC20001A4B4FF4805270B5C3F88020BFF34F8F4A
:10FC3000BFF36F8F164C174D0021C4F80011C3F8A5
:10FC400080212E692B6943F010032B610123C4F836
:10FC5000043306F010062360D4F800319BB11EB9BE
:10FC60002B6923F010032B610123D4F8080563608E
:10FC7000C4F808330023C4F80031044B4FF4805219
:10FC8000C3F8802170BD04F083FCE5E700E100E0EB
:10FC900000C0004000ED00E00B4938B5042301EB43
:10FCA000C302157905F0FF042DB1013BF7D24021C5
:10FCB0006920FFF763FE41F833000121547194710C
:10FCC0001171D8B238BD00BF84160020042808B5D1
:10FCD00003D947216920FFF751FE034B03EBC00313
:10FCE00000221A7108BD00BF84160020042808B540
:10FCF00003D950216920FFF741FE094B03EBC000F7
:10FD00000379012B01D05121F4E743798279013342
:10FD1000DBB29A4218BF4371BDE80840FFF79EBEB0
:10FD20008416002038B5114D052495F8281005EBF0
:10FD3000C1031A79012A09D158799A79904205D0DC
:10FD40005A79D2B29A7155F83130984795F82830DF
:10FD50000133DBB2052B04F1FF3428BF002314F07C
:10FD6000FF0485F82830E0D138BD00BF841600209C
:10FD70004FF08052034BD2F830111960D2F8342181
:10FD80005A607047B0160020084B1B68083B082BD0
:10FD90000AD840F2211222FA03F313F0010F044BA8
:10FDA000044818BF1846704702487047B016002034
:10FDB00000E701400C050040144B1B68062B03D0E4
:10FDC000013301D020BF7047EFF3108072B6104AA4
:10FDD0001369116941F0100111610E49D1F8002138
:10FDE000D1F804110A4303F0100300D040BF20BF34
:10FDF00000BF00BF00BF00BF23B9054A136923F04D
:10FE00001003136100B962B6704700BFB01600203E
:10FE100000ED00E000E100E0914270B53FD2B2FA9F
:10FE200082F33BB1C3F1200420FA04F4994021434A
:10FE300098409A40150CB1FBF5FC05FB1C1E4FEADF
:10FE40000E4E030C84B20EEB10401FFA82FE0CFB28
:10FE50000EF6864206D9361A964294BF012602262D
:10FE6000ACEB060C03EB01430CFB1233B3FBF5F0D8
:10FE700005FB103304EB034400FB0EFEA6454FEADE
:10FE80000C4C09D9AEEB040E964594BF4FF0010E11
:10FE90004FF0020EA0EB0E0040EA0C0070BD732183
:10FEA0009620FFF76BFD00BF2DE9F8431C4652EA90
:10FEB000040349D0074615460E4684B9914204D240
:10FEC000FFF7AAFF2146BDE8F88321463046FFF739
:10FED000A3FF04462A46384604FB1561F0E74FF0BD
:10FEE0000108B4FA84F908FA09F3A3FB021220FA14
:10FEF00008F003FB042240EAC67026FA08F1FFF777
:10FF00008BFFC9F11F0230FA02F34FF0000C08D149
:10FF100040461946AF42A6413CBF18466146BDE87F
:10FF2000F8835A1E61466CEB0C0C05FB0CFE02FBC1
:10FF300004EE18461346A5FB0228BA1A0EEB080772
:10FF400066EB07061746E5E7A6219620FFF716FDA4
:10FF500010F0030FC9B2034607D0BAB303F8011B70
:10FF600013F0030F02F1FF32F7D170B5032A01EB52
:10FF7000012404EB04441ED9161FB508032E05F115
:10FF8000010521D94FEA550E03EBCE0E9C46CCE974
:10FF900000440CF1080CF445F9D115F0010F04D020
:10FFA00025F0010503EB85052C6026F003060433DC
:10FFB000334402F0030232B1012A197003D0022A3D
:10FFC000597018BF997070BD1D46EDE7704700BFAE
:10FFD000844641EA000313F003037DD1403A51D334
:10FFE000F0B4F0C9F0C0F0C9F0C0F0C9F0C0F0C979
:10FFF000F0C0403AF5D2F0BC44E0403A42D300BFF2
:020000023000CC
:1000000051F8043B40F8043B51F8043B40F8043BF2
:1000100051F8043B40F8043B51F8043B40F8043BE2
:1000200051F8043B40F8043B51F8043B40F8043BD2
:1000300051F8043B40F8043B51F8043B40F8043BC2
:1000400051F8043B40F8043B51F8043B40F8043BB2
:1000500051F8043B40F8043B51F8043B40F8043BA2
:1000600051F8043B40F8043B51F8043B40F8043B92
:1000700051F8043B40F8043B51F8043B40F8043B82
:10008000403ABDD2303211D351F8043B40F8043B22
:1000900051F8043B40F8043B51F8043B40F8043B62
:1000A00051F8043B40F8043B103AEDD20C3205D332
:1000B00051F8043B40F8043B043AF9D2043208D02A
:1000C000D2071CBF11F8013B00F8013B01D30B889C
:1000D00003806046704700BF082A14D38B078CD07A
:1000E00010F0030389D0C3F10403D21ADB071CBF4D
:1000F00011F8013B00F8013BFFF47FAF31F8023B00
:1001000020F8023B79E7043AD8D3013A11F8013BD1
:1001100000F8013BF9D20B7803704B7843708B7871
:1001200083706046704700BF99450300A5450300F2
:10013000A9450300B1450300B545030081F0004126
:1001400002E000BF83F0004330B54FEA41044FEABC
:10015000430594EA050F08BF90EA020F1FBF54EA57
:10016000000C55EA020C7FEA645C7FEA655C00F0F3
:10017000E2804FEA5454D4EB5555B8BF6D420CDDC4
:100180002C4480EA020281EA030382EA000083EA47
:10019000010180EA020281EA0303362D88BF30BDE7
:1001A00011F0004F4FEA01314FF4801C4CEA11313D
:1001B00002D0404261EB410113F0004F4FEA03339C
:1001C0004CEA133302D0524263EB430394EA050F27
:1001D00000F0A780A4F10104D5F1200E0DDB02FA96
:1001E0000EFC22FA05F2801841F1000103FA0EF22A
:1001F000801843FA05F359410EE0A5F120050EF1F0
:10020000200E012A03FA0EFC28BF4CF0020C43FA20
:1002100005F3C01851EBE37101F0004507D54FF02D
:10022000000EDCF1000C7EEB00006EEB0101B1F57D
:10023000801F1BD3B1F5001F0CD349085FEA3000C3
:100240004FEA3C0C04F101044FEA445212F5800FCE
:1002500080F09A80BCF1004F08BF5FEA500C50F16B
:10026000000041EB045141EA050130BD5FEA4C0C4E
:10027000404141EB0101013C28BFB1F5801FE9D2AB
:1002800091F0000F04BF01460020B1FA81F308BFCE
:100290002033A3F10B03B3F120020CDA0C3208DD9A
:1002A00002F1140CC2F10C0201FA0CF021FA02F175
:1002B0000CE002F11402D8BFC2F1200C01FA02F1E5
:1002C00020FA0CFCDCBF41EA0C019040E41AA2BF0A
:1002D00001EB0451294330BD6FEA04041F3C1CDAD2
:1002E0000C340EDC04F11404C4F1200220FA04F0F2
:1002F00001FA02F340EA030021FA04F345EA03019C
:1003000030BDC4F10C04C4F1200220FA02F001FA5D
:1003100004F340EA0300294630BD21FA04F02946DF
:1003200030BD94F0000F83F4801306BF81F4801178
:100330000134013D4EE77FEA645C18BF7FEA655CEB
:1003400029D094EA050F08BF90EA020F05D054EABD
:10035000000C04BF1946104630BD91EA030F1EBFC2
:100360000021002030BD5FEA545C05D140004941C6
:1003700028BF41F0004130BD14F580043CBF01F5B9
:10038000801130BD01F0004545F0FE4141F470019F
:100390004FF0000030BD7FEA645C1ABF194610467A
:1003A0007FEA655C1CBF0B46024650EA013406BF7B
:1003B00052EA033591EA030F41F4002130BD00BF3A
:1003C00090F0000F04BF0021704730B54FF48064F7
:1003D00004F132044FF000054FF0000150E700BF78
:1003E00090F0000F04BF0021704730B54FF48064D7
:1003F00004F1320410F0004548BF40424FF00001C4
:100400003EE700BF42004FEAE2014FEA31014FEA06
:1004100002701FBF12F07F4393F07F4F81F0605155
:10042000704732F07F4208BF704793F07F4F04BFA0
:1004300041F40021704730B54FF4607401F000457D
:1004400021F000411CE700BF50EA010208BF7047DD
:1004500030B54FF000050AE050EA010208BF7047CE
:1004600030B511F0004502D5404261EB41014FF437
:10047000806404F132045FEA915C3FF4D8AE4FF03F
:1004800003025FEADC0C18BF03325FEADC0C18BF22
:10049000033202EBDC02C2F1200300FA03FC20FA73
:1004A00002F001FA03FE40EA0E0021FA02F11444C0
:1004B000BDE600BF70B54FF0FF0C4CF4E06C1CEAD9
:1004C00011541DBF1CEA135594EA0C0F95EA0C0F4A
:1004D00000F0DEF82C4481EA030621EA4C5123EABD
:1004E0004C5350EA013518BF52EA033541F48011EC
:1004F00043F4801338D0A0FB02CE4FF00005E1FB9F
:1005000002E506F00042E0FB03E54FF00006E1FBE8
:1005100003569CF0000F18BF4EF0010EA4F1FF042B
:10052000B6F5007F64F5407404D25FEA4E0E6D416B
:1005300046EB060642EAC62141EA55514FEAC5207C
:1005400040EA5E504FEACE2EB4F1FD0C88BFBCF5F8
:10055000E06F1ED8BEF1004F08BF5FEA500E50F1A9
:10056000000041EB045170BD06F0004646EA01016F
:1005700040EA020081EA0301B4EB5C04C2BFD4EBA1
:100580000C0541EA045170BD41F480114FF0000E9A
:10059000013C00F3AB8014F1360FDEBF002001F008
:1005A000004170BDC4F10004203C35DA0C341BDC82
:1005B00004F11404C4F1200500FA05F320FA04F054
:1005C00001FA05F240EA020001F0004221F0004188
:1005D00010EBD37021FA04F642EB06015EEA430EFB
:1005E00008BF20EAD37070BDC4F10C04C4F120052B
:1005F00000FA04F320FA05F001FA04F240EA0200DE
:1006000001F0004110EBD37041F100015EEA430EAE
:1006100008BF20EAD37070BDC4F1200500FA05F2CE
:100620004EEA020E20FA04F301FA05F243EA02034D
:1006300021FA04F001F0004121FA04F220EA02005C
:1006400000EBD3705EEA430E08BF20EAD37070BDA2
:1006500094F0000F0FD101F00046400041EB010182
:1006600011F4801F08BF013CF7D041EA060195F064
:10067000000F18BF704703F00046520043EB03031E
:1006800013F4801F08BF013DF7D043EA060370470B
:1006900094EA0C0F0CEA135518BF95EA0C0F0CD016
:1006A00050EA410618BF52EA4306D1D181EA03015C
:1006B00001F000414FF0000070BD50EA410606BF56
:1006C0001046194652EA430619D094EA0C0F02D19B
:1006D00050EA013613D195EA0C0F05D152EA0336E0
:1006E0001CBF104619460AD181EA030101F00041FE
:1006F00041F0FE4141F470014FF0000070BD41F047
:10070000FE4141F4780170BD70B54FF0FF0C4CF420
:10071000E06C1CEA11541DBF1CEA135594EA0C0F3F
:1007200095EA0C0F00F0A7F8A4EB050481EA030E8C
:1007300052EA03354FEA013100F088804FEA033373
:100740004FF0805545EA131343EA12634FEA022241
:1007500045EA111545EA10654FEA00260EF0004102
:100760009D4208BF964244F1FD0404F5407402D254
:100770005B084FEA3202B61A65EB03055B084FEAE5
:1007800032024FF480104FF4002CB6EB020E75EBE2
:10079000030E22BFB61A754640EA0C005B084FEA0A
:1007A0003202B6EB020E75EB030E22BFB61A754687
:1007B00040EA5C005B084FEA3202B6EB020E75EBD2
:1007C000030E22BFB61A754640EA9C005B084FEA4A
:1007D0003202B6EB020E75EB030E22BFB61A754657
:1007E00040EADC0055EA060E18D04FEA051545EA46
:1007F00016754FEA06164FEAC30343EA52734FEAEF
:10080000C2025FEA1C1CC0D111F4801F0BD141EA67
:1008100000014FF000004FF0004CB6E711F4801FCC
:1008200004BF01430020B4F1FD0C88BFBCF5E06FAC
:100830003FF6AFAEB5EB030C04BFB6EB020C5FEABC
:10084000500C50F1000041EB045170BD0EF0004E11
:100850004EEA113114EB5C04C2BFD4EB0C0541EA43
:10086000045170BD41F480114FF0000E013C90E640
:1008700045EA060E8DE60CEA135594EA0C0F08BF04
:1008800095EA0C0F3FF43BAF94EA0C0F0AD150EA03
:1008900001347FF434AF95EA0C0F7FF425AF104696
:1008A00019462CE795EA0C0F06D152EA03353FF4BE
:1008B000FDAE1046194622E750EA410618BF52EA3B
:1008C00043067FF4C5AE50EA41047FF40DAF52EA0F
:1008D00043057FF4EBAE12E74FF0FF3C06E000BFAC
:1008E0004FF0010C02E000BF4FF0010C4DF804CDB9
:1008F0004FEA410C7FEA6C5C4FEA430C18BF7FEA79
:100900006C5C1BD001B050EA410C0CBF52EA430CA6
:1009100091EA030F02BF90EA020F0020704710F126
:10092000000F91EA030F58BF994208BF90422CBFB5
:10093000D8176FEAE37040F0010070474FEA410CAE
:100940007FEA6C5C02D150EA013C07D14FEA430CCC
:100950007FEA6C5CD6D152EA033CD3D05DF8040B3D
:10096000704700BF8446104662468C46194663466F
:1009700000E000BF01B5FFF7B7FF002848BF10F146
:10098000000F01BD4DF808EDFFF7F4FF0CBF01208B
:1009900000205DF808FB00BF4DF808EDFFF7EAFF07
:1009A00034BF012000205DF808FB00BF4DF808EDC2
:1009B000FFF7E0FF94BF012000205DF808FB00BFB7
:1009C0004DF808EDFFF7CEFF94BF012000205DF841
:1009D00008FB00BF4DF808EDFFF7C4FF34BF01204E
:1009E00000205DF808FB00BF4FEA410212F500123B
:1009F00015D211D56FF47873B3EB625212D94FEA66
:100A0000C12343F0004343EA505311F0004F23FA4F
:100A100002F018BF404270474FF00000704750EAA4
:100A2000013005D111F0004008BF6FF00040704761
:100A30004FF00000704700BF4FEA4102B2F1E043BF
:100A400024BFB3F5001CDCF1FE5C0DD901F0004CB5
:100A50004FEAC0024CEA5070B2F1004F40EB830005
:100A600008BF20F00100704711F0804F21D113F131
:100A70003872BCBF01F00040704741F480114FEA6A
:100A80005252C2F11802C2F1200C10FA0CF320FAF3
:100A900002F018BF40F001004FEAC1234FEAD32310
:100AA00003FA0CFC40EA0C0023FA02F34FEA43037A
:100AB000CCE77FEA625307D150EA01331EBF4FF003
:100AC000FE4040F44000704701F0004040F0FE401E
:100AD00040F40000704700BF80F0004002E000BF1B
:100AE00081F0004142001FBF5FEA410392EA030F19
:100AF0007FEA226C7FEA236C6AD04FEA1262D2EB63
:100B00001363C1BFD218414048404140B8BF5B4267
:100B1000192B88BF704710F0004F40F4000020F000
:100B20007F4018BF404211F0004F41F4000121F016
:100B30007F4118BF494292EA030F3FD0A2F1010260
:100B400041FA03FC10EB0C00C3F1200301FA03F19E
:100B500000F0004302D5494260EB4000B0F5000FC1
:100B600013D3B0F1807F06D340084FEA310102F180
:100B70000102FE2A51D2B1F1004F40EBC25008BF32
:100B800020F0010040EA03007047490040EB0000FC
:100B9000013A28BFB0F5000FEDD2B0FA80FCACF1FD
:100BA000080CB2EB0C0200FA0CF0AABF00EBC2502A
:100BB00052421843BCBFD0401843704792F0000F18
:100BC00081F4000106BF80F400000132013BB5E76B
:100BD0004FEA41037FEA226C18BF7FEA236C21D0E1
:100BE00092EA030F04D092F0000F08BF0846704746
:100BF00090EA010F1CBF0020704712F07F4F04D114
:100C0000400028BF40F00040704712F100723CBF26
:100C100000F50000704700F0004343F0FE4040F450
:100C2000000070477FEA226216BF08467FEA23630E
:100C30000146420206BF5FEA412390EA010F40F4F9
:100C4000800070474FF0000304E000BF10F0004345
:100C500048BF40425FEA000C08BF704743F096432C
:100C600001464FF000001CE050EA010208BF704747
:100C70004FF000030AE000BF50EA010208BF7047CE
:100C800011F0004302D5404261EB41015FEA010CE3
:100C900002BF84460146002043F0B64308BFA3F1DB
:100CA0008053A3F50003BCFA8CF2083AA3EBC253BD
:100CB00010DB01FA02FC634400FA02FCC2F12002DC
:100CC000BCF1004F20FA02F243EB020008BF20F013
:100CD0000100704702F1200201FA02FCC2F1200279
:100CE00050EA4C0021FA02F243EB020008BF20EA6E
:100CF000DC7070474FF0FF0C1CEAD0521EBF1CEA9C
:100D0000D15392EA0C0F93EA0C0F6FD01A4480EA89
:100D1000010C400218BF5FEA41211ED04FF0006372
:100D200043EA501043EA5111A0FB01310CF000409E
:100D3000B1F5000F3EBF490041EAD3715B0040EAC4
:100D4000010062F17F02FD2A1DD8B3F1004F40EB94
:100D5000C25008BF20F00100704790F0000F0CF067
:100D6000004C08BF49024CEA502040EA51207F3A2B
:100D7000C2BFD2F1FF0340EAC250704740F4000006
:100D80004FF00003013A5DDC12F1190FDCBF00F0F7
:100D900000407047C2F10002410021FA02F1C2F1A5
:100DA000200200FA02FC5FEA310040F1000053EA41
:100DB0004C0308BF20EADC70704792F0000F00F08F
:100DC000004C02BF400010F4000F013AF9D040EA95
:100DD0000C0093F0000F01F0004C02BF490011F429
:100DE000000F013BF9D041EA0C018FE70CEAD15327
:100DF00092EA0C0F18BF93EA0C0F0AD030F0004CA7
:100E000018BF31F0004CD8D180EA010000F000405A
:100E1000704790F0000F17BF90F0004F084691F018
:100E2000000F91F0004F14D092EA0C0F01D1420252
:100E30000FD193EA0C0F03D14B0218BF084608D11B
:100E400080EA010000F0004040F0FE4040F4000065
:100E5000704740F0FE4040F4400070474FF0FF0CF8
:100E60001CEAD0521EBF1CEAD15392EA0C0F93EA3F
:100E70000C0F69D0A2EB030280EA010C49024FEA91
:100E8000402037D04FF0805343EA111143EA10134A
:100E90000CF000408B4238BF5B0042F17D024FF402
:100EA000000C8B4224BF5B1A40EA0C00B3EB510FDD
:100EB00024BFA3EB510340EA5C00B3EB910F24BFC6
:100EC000A3EB910340EA9C00B3EBD10F24BFA3EB4B
:100ED000D10340EADC001B0118BF5FEA1C1CE0D113
:100EE000FD2A3FF650AF8B4240EBC25008BF20F0C6
:100EF000010070470CF0004C4CEA50207F32C2BF1A
:100F0000D2F1FF0340EAC250704740F400004FF0B6
:100F10000003013A37E792F0000F00F0004C02BFE7
:100F2000400010F4000F013AF9D040EA0C0093F0B1
:100F3000000F01F0004C02BF490011F4000F013B0B
:100F4000F9D041EA0C0195E70CEAD15392EA0C0F73
:100F500008D142027FF47DAF93EA0C0F7FF470AFAB
:100F6000084676E793EA0C0F04D14B023FF44CAFEE
:100F700008466EE730F0004C18BF31F0004CCAD183
:100F800030F000427FF45CAF31F000437FF43CAFBF
:100F90005FE700BF4FF0FF3C06E000BF4FF0010CE1
:100FA00002E000BF4FF0010C4DF804CD4FEA4002C3
:100FB0004FEA41037FEA226C18BF7FEA236C11D00D
:100FC00001B052EA530C18BF90EA010F58BFB2EBC0
:100FD000030088BFC81738BF6FEAE17018BF40F040
:100FE000010070477FEA226C02D15FEA402C05D1F4
:100FF0007FEA236CE4D15FEA412CE1D05DF8040B79
:10100000704700BF844608466146FFE70FB5FFF70B
:10101000C9FF002848BF10F1000F0FBD4DF808EDC3
:10102000FFF7F4FF0CBF012000205DF808FB00BFB4
:101030004DF808EDFFF7EAFF34BF012000205DF80E
:1010400008FB00BF4DF808EDFFF7E0FF94BF01205B
:1010500000205DF808FB00BF4DF808EDFFF7D2FF58
:1010600094BF012000205DF808FB00BF4DF808ED9B
:10107000FFF7C8FF34BF012000205DF808FB00BF68
:101080004FEA4002B2F1FE4F0FD34FF09E03B3EB95
:1010900012620DD94FEA002343F0004310F0004FD5
:1010A00023FA02F018BF404270474FF0000070472B
:1010B00012F1610F01D1420205D110F0004008BFCA
:1010C0006FF0004070474FF0000070477BB972B975
:1010D0000029BEBF00204FF0004106E008BF0028F5
:1010E0001CBF6FF000414FF0FF3000F077B8ADF15A
:1010F000080C6DE904CE002909DB002B1ADB03F094
:101100006EFADDF804E0DDE9022304B070474042E6
:1011100061EB4101002B1BDB03F061FADDF804E019
:10112000DDE9022304B0404261EB4101524263EB2E
:1011300043037047524263EB430303F050FADDF878
:1011400004E0DDE9022304B0404261EB4101704755
:10115000524263EB430303F042FADDF804E0DDE9B9
:10116000022304B0524263EB4303704753B94AB9B8
:10117000002908BF00281CBF4FF0FF314FF0FF309F
:1011800000F02CB8ADF1080C6DE904CE03F027FA9D
:10119000DDF804E0DDE9022304B07047D0B5FFF7C5
:1011A00031F90C4B002206460F46FFF783F900F099
:1011B00017F80446FFF704F9074B0022FFF77AF906
:1011C00002460B4630463946FEF7BCFF00F008F8F1
:1011D0002146D0BD0000F03D0000F041704700BF47
:1011E0004A0011D212F5001211D20DD56FF47873A6
:1011F000B3EB62520ED44FEAC12343F0004343EAFB
:10120000505323FA02F070474FF00000704750EA45
:10121000013002D14FF0FF3070474FF000007047AF
:1012200010F8012B11F8013B012A28BF9A42F7D090
:10123000D01A7047034611F8012B03F8012B002A3E
:10124000F9D17047034613F8012B002AFBD1181A75
:101250000138704708B5F5F7BFFCF7F773F9F5F7F4
:10126000D1FB002008BDFEF713BCF7F7FDB800F076
:10127000A5BF00F0A6BF10B586B0044601A8FEF7D2
:1012800007FC02232370A3709DF804306371BDF83E
:101290000530E380DDF80730A36000206070E07067
:1012A000207106B010BD00F0B0BD70B5044602F06C
:1012B00083FE012805461AD1601C02F084FEB0B1FD
:1012C000A37963F03F03A3710020F7F725FAE61D29
:1012D00038B1102200213046FEF73AFE257000207A
:1012E00070BD304602F082FE0028F2D0F6E70025FD
:1012F000F4E710B5102204460021FEF729FE04F1A0
:101300001003102200211846FEF722FE02F087FE8D
:101310000020F7F701FA20B1204602F067FE002016
:1013200010BD02F049FE0028F6D0F8E710B50446DB
:10133000FEF776FCB0F5007F09DA10F5007F08DDD6
:10134000031EB8BF03339B102370002010BD7F2302
:10135000FAE76FF07E03F7E78178008800F0F1BECE
:1013600037B505460C4600880DF1060100F01EFE5B
:101370002B882380BDF80630638003B030BDF7B5FD
:1013800004462046F7F7E4FC022805462ED0042840
:101390002CD123788A2B18D13E20F5F731FC78B96F
:1013A000E378227901A943EA02236846ADF80030C8
:1013B00000F07BFE0028E4D053210820F5F7E6FA80
:1013C0000520F5F761FC0028EAD0204600F013F86C
:1013D0002678A7783046F5F713FC0028D1D03E2EAA
:1013E00004D13846F5F750FC0028CAD0284603B08F
:1013F000F0BD01F0F6BB10B50378813B04460E2B1F
:101400002FD8DFE803F02F3541454F676D08613B6A
:1014100071775B2E7D002920F5F736FC30B13E2335
:101420002370222363702923A3701AE00A20F5F7A2
:101430002BFC3E23237018B11F2363700A23F3E7AC
:101440000123A37013236370E37903F00103E371B5
:10145000D4F81A30C4F80E30E38B638294F820304D
:10146000237510BD3E230370042343701423DBE770
:101470003E2303700A2343700323D5E73E23037002
:101480000D2343700523CFE705232370042307E0D2
:101490005A20F5F7B5FB08230028F6D05A2222700F
:1014A0006370DEE75B20F5F7ABFB18B15B232370BD
:1014B0000623F5E7302323700323F1E73E2303706F
:1014C0000B2343700723AFE73E23037006234370CB
:1014D0000C23A9E71323037083789B000133DFE714
:1014E000572303700223DBE73E2303700623437078
:1014F000122399E73E23037009234370132393E7D4
:10150000FF2303700D23437080238DE708B510B9C6
:101510006FF0150008BDFFF76CFF0028F8D0002021
:10152000F8E710B50C4648B141B1FFF728FF002895
:1015300020700CBF6FF02200002010BD6FF015006E
:10154000FBE7F8B5941C0C446343B3F5004FA8BF08
:101550004FF0FF330E4610F00301054617469CB2CC
:1015600003D0B0211420F5F711FAB4F5004F01D9DA
:10157000B121F7E714220430FEF7EAFCEF746C8027
:101580002E80F8BD38B50388C48805898B42C4F322
:101590000E0203D2D1211420F5F7F8F984EA0503ED
:1015A000C3F30E030BB9AC4206D102F118030122BA
:1015B000C1528274184438BD1846FCE70231014418
:1015C0004A43B2F5004FA8BF4FF0FF3290B21B3034
:1015D00020F00300B0F5004F34BF00B24FF0FF30F1
:1015E000704740881B3020F00300B0F5004F34BF37
:1015F00000B24FF0FF3080B2704738B503888B429D
:1016000003D2F7211420F5F7C1F9857C65B1C388B1
:10161000C3F30E031833C25A8A4207D3C152811D45
:10162000F5F742FB00238374284638BD0025FBE70D
:101630000346F0B59E88DD88B4B2A54200F11800DB
:10164000C6F30E0616D05F89DD7C845B3D4402350F
:101650003544E41B28440D88A4B2A54288BF0C8001
:101660005989B1FA81F14FEA511188BF25461170AD
:10167000DD81F0BD00252846FAE7F8B58288C389E8
:10168000002604460D4692B20E60CBB1C2F30E02A4
:101690004189183287180B44825A9BB29342438186
:1016A00004D94FF4A2711420F5F770F904D1011D8B
:1016B000F5F7FAFA46812F600023E3810120F8BD97
:1016C0001846FCE7838802899BB29A42014602D001
:1016D0000831F5F7E9BA70478388C0889BB2C31A0E
:1016E000584258417047828873B5C48895B2AC425D
:1016F000C2F30E0202F1180212D04189C689835A40
:10170000314499420EDB0DF10601ADF80650F5F7B4
:10171000CBFABDF80600001B18BF012002B070BD57
:101720000020FBE70120F9E770B5C488068984EA48
:101730000602C2F30E020346C4F30E0518300AB9BE
:10174000B4420FD19C891A880CB1465B921B91421E
:1017500007DCDA7C2C440232224410440A461A8206
:1017600070BD00221046FAE7F8B5038A002B38D086
:101770008B4236D3C488858900F11803C4F30E0464
:101780001E1995B91D55757085891E5B0D44ADB246
:10179000314485811953D2B1811DF5F785FA0023B3
:1017A0008381002303820120F8BD1E5BAE4204D07A
:1017B0004FF4F6711420F5F7E9F8C57C878A2644C2
:1017C000023535445E195F53857DB570DCE7C27C18
:1017D000254402322A4499189B5A83828B78837558
:1017E000DFE70020E0E78388C2889BB29A4206D0F8
:1017F000428922B9C3F30E031833184470470020FE
:101800007047C37C0233C81870470230704738B540
:101810008388C2889BB29A4207D045892DB9011DA1
:10182000F5F742FAC581012038BD0020FCE70388A6
:101830001380C388C3F30E03183303440B608089FD
:1018400070470368002223B9C0E90132031D036019
:10185000704759681B680A44F5E7072970B50346C5
:1018600004D84FF4EC711520F5F790F80068C0B17A
:1018700044681A688C42064610D0106860B901F1BD
:101880000805AC420DD3546850501868651A5418B6
:1018900000686560505002E01346E9E714681C6078
:1018A000304670BD0023C1E9003203680B6001605F
:1018B000704730B590B18478B1FBF4F304FB131397
:1018C00000EB430252898A4201D1D8B230BDC278BE
:1018D00022B900F10803D0B2844201D8FF20F5E715
:1018E00033F8025F8D4202F10102F4D1EEE7827813
:1018F000038805324B4303EB42031844704737B566
:101900000024CDE9004405468DF806006846ADF890
:101910000440F5F7A1FBBDF8044008B103B030BDA9
:1019200029462046F5F774FB0028EFD040F2352118
:101930001720F5F72BF870B50D4609211E46FFF765
:101940003DFE3246044609212846FFF737FE40EAAD
:1019500004031B0454BF00194FF0FF3070BD012376
:101960000370704710B5FF238B70C2F380035B00D8
:10197000DBB2CA180124127D032A08BF0133CA183A
:10198000147503F10C0401EB8303002221F81420E9
:101990005B688A700360828010BDF8B50C4684F0E5
:1019A00001046400054611461E46E4B2FF2383701D
:1019B00003191B7D012B06D0631CDCB250FA83F3A4
:1019C0001B7D012B0AD105EB44073B8B3A8C981900
:1019D000904205DD2C4400233B8323750020F8BD95
:1019E00005EB8404324660681844FEF7F1FA3B8B3D
:1019F0001E443E830023AB700120F0E781F001011B
:101A0000490010B5C9B2FF23837043181C7D012C17
:101A100007D10C3120F8112002221A75002383709F
:101A200010BD0131CBB250FA81F10C7D012C05D1F2
:101A30000C3320F8132002230B75EFE74FF4997154
:101A40000920F4F7A3FF30B50246837803F0FF00C6
:101A5000F3B9137D022B19D0537D022B15D1034608
:101A6000012089B1D5180C3300242C7522F81340BD
:101A7000131803241C7502EB80035B680B6000F1F4
:101A80000C0332F813308B80012030BD0123E8E7CE
:101A90000020FAE730B50346827802F0FF00E2B991
:101AA0009A7D022A17D0DC7D022C13D1032281B14A
:101AB0001D190C340020287523F8140098180324ED
:101AC000047503EB82000C32406833F81230086072
:101AD0008B80012030BD0324E9E70020FAE7037D75
:101AE000012B01D1008B7047437D012B0CBF408B34
:101AF00000207047837D012B01D1808B7047C37D0F
:101B0000012B0CBFC08B00207047027D022A01D13F
:101B1000008B7047437D022B01D1408B7047032A15
:101B2000F6D0032BF9D000207047827D022A01D124
:101B3000808B7047C37D022B01D1C08B7047032A75
:101B4000F6D0032BF9D000207047F5F775BBF5F7F9
:101B5000D5BB07B50023CDE9003301238DF806304E
:101B60006846F5F779FA08B1002004E0009801F022
:101B7000CBFE0028F4D003B05DF804FB1FB50022B3
:101B8000009240F6881303A9FBF732F905B05DF81F
:101B900004FB10B5044638B1F6F7FEFC24EA000059
:101BA000B0FA80F0400910BD0120FCE72DE9F041BA
:101BB0000F46B0F85E60B0F8605001F084FD02217D
:101BC000044600F0DCFD02218046204600F0D7FDEF
:101BD000464528BF4646B6B21B2E38BF1B26FB2EF5
:101BE00028BFFB26854228BF0546ADB21B2D38BF56
:101BF0001B25FB2D28BFFB25B4F5A47F38BF4FF470
:101C0000A47440F648039C4228BF1C467E80FD8099
:101C1000BC803C81BDE8F0812DE9F04186B00546ED
:101C200002A9008800F0CFFD0446002870D1029A76
:101C300092F85031D91E4B424B418DF80630136853
:101C400098064ABF9DF80630234683F001038DF8BD
:101C5000073092F862309B0603D49DF80730002BC2
:101C60005CD0EB881B3B9BB2E02B59D82989A1F5AE
:101C7000A4739BB244F24810834251D86B881B3B3B
:101C80009BB2E02B4CD8AA88A2F5A4739BB28342E6
:101C900046D840F64807B94244D8BA4242D8029ED4
:101CA0004FF0FF0886F823819DF80630A3BB03A9F7
:101CB00006F1A800FFF77AFF6A88BDF81230BDF878
:101CC0001410E888934228BF1346A6F82831BDF8BF
:101CD0000E30AA88B94228BF3946834228BF03463E
:101CE000A6F82431BDF810302889BB4228BF3B46F6
:101CF000834228BF03468A42A6F82631134628BFEE
:101D00000B46A6F82A3186F82281002386F8233173
:101D1000204606B0BDE8F0813A24F6E71A24F7E73A
:101D20001224F5E71124F3E710B5FFF712FF60B1B5
:101D3000F6F76EF8044601F02AFF40B9204601F09C
:101D400022FF80F00100C0B210BD0120FCE700209E
:101D5000FAE7006890F8BA3123B1002380F8BA316D
:101D600001F0C6BC70471122027041F23903C27003
:101D70005922A0F801308280C3800020704708B546
:101D80000821F5F78FFA002008BD73B506460088D4
:101D900008800C4680B201A900F015FD054640B947
:101DA000B3784BB9019B93F91C01A070F9F7F8FEC9
:101DB000A070284602B070BD7F20FFF7DFFEF4E779
:101DC00010B504466FF07F00FFF7D8FEF9F7E8FE84
:101DD00020707F20FFF7D2FEF9F7E2FE607000204E
:101DE00010BD08B50A46072300F11001FDF70EFFEC
:101DF000002008BD10B5014604460020F6F772FC2D
:101E000008B92060A080002010BD10B50446F6F788
:101E100093FB28B900202146F6F74CFC002010BDAA
:101E2000FFF782FF0028F5D10C20F8E710B5044633
:101E3000FFF77AFF28B101202146F6F73BFC00208E
:101E400010BD0C20FCE7FFF7E7BE1FB502880A8033
:101E5000838844F290218B4215D840F648018B428A
:101E6000ADF804204288ADF8062028BF0B4601A833
:101E7000ADF80830ADF80A20ADF80C30FFF7CCFE15
:101E800005B05DF804FB1220FAE737B508800D466F
:101E900001A900F098FC044620B901982946A83011
:101EA000FFF784FE204603B030BD10B503466FF047
:101EB00004040020482108221C7058709970DA70C0
:101EC0001C7158719971DA7110BD13B500880880C2
:101ED0000C4680B201A900F076FCC8B9019B83F8DA
:101EE000160193F81421012A06D0022A04D04FF4D7
:101EF0003F710620F4F74AFDA27093F81521012ADC
:101F000001D0022AF3D1E27093F81621002AE6D11B
:101F100002B010BD1FB5044603A9008800F053FCB1
:101F200038B9A388022B14D8E078FFF732FE10B935
:101F3000112004B010BDA078FFF72BFE0028F7D0C9
:101F400001230093A388E278A17803A800F0A9F9FF
:101F5000EFE71220EDE737B58378C178027903F017
:101F6000010451EA040503F002031DD052EA0305FF
:101F70001AD0002C18BF0021002B18BF00228DF8AA
:101F80000320037842788DF8021043EA0223ADF86B
:101F9000003043798279684643EA0223ADF8043081
:101FA000FFF7B8FF03B030BD1120FBE713B50C46B7
:101FB00001A900F008FC18B9019BDB8801332380DC
:101FC00002B010BD07B5008801A900F015FC30B9BA
:101FD000019B93F8332112B9FF2283F8332103B018
:101FE0005DF804FB10B50446F6F7D0FA2060616096
:101FF000002010BD37B50446F5F70AFF23781F2BE4
:10200000054618D8816A04226846FFF7ABFC2246D1
:10201000A86A12F8013B0021FFF7BFFC68B1AC6A67
:102020002046FFF767FD002102462046FFF7E6FC49
:10203000002003B030BD1220FBE70720F9E737B5D9
:102040000446F5F7E5FE23781F2B054618D8816A6C
:1020500000226846FFF786FC2246A86A12F8013B78
:102060000121FFF79AFC68B1AC6A2046FFF737FD03
:10207000012102462046FFF7C1FC002003B030BD1D
:102080001220FBE70720F9E710B5044634F8020BED
:102090000880002180B2F4F7A5FF20B12146BDE8F9
:1020A000104001F03FBF022010BD008808B5088035
:1020B000002180B2F4F796FF20B1BDE8084000216E
:1020C00001F030BF022008BD13B5008808800C461F
:1020D00080B201A900F077FB10B9019B9B8F638050
:1020E00002B010BD37B503880B80044698B26388F0
:1020F00013B9122003B030BD01A900F064FB002821
:10210000F8D16588019B42F21072A9B2D3F8C4409D
:102110005143B3F8DA206243B3F8CC4004FB022207
:102120009142E6D3D3F8C420D3F8C4409442F9D105
:1021300000225A63621E0A449D87B2FBF4F29A633E
:10214000D8E710B50C460021F4F74CFF90B1022CF3
:1021500012D804F00102C4F3400480F8BC2180F8D6
:10216000BB4112B190F8BA310BB9002010BD01F09B
:10217000BFFAFAE70220F9E71220F7E710B50446A4
:102180000078FF280AD00121F4F72CFF58B16378BA
:10219000A27843EA0223C383002010BDB4F80100F3
:1021A000F8F7B6F8F8E74220F7E708B50078003806
:1021B00018BF0120F7F7B0FF002008BD0820F6F790
:1021C000D9B901F0D9BE10B5044604B910BD2368D1
:1021D00098476468F9E703680BB9016070471A46CD
:1021E0005B6813B18A42FAD170478A4218BF5160C6
:1021F000704708B5F8F796FCF7F780FFBDE8084090
:10220000F8F778BC08B50020FFF779FBF4F7AEFFCC
:10221000F6F70AFAF5F764FC20B140F24311932077
:10222000F4F7B4FB08BD08B5F7F738FFF8F750FC32
:1022300020B140F263119320F4F7A8FBBDE80840F9
:102240000120FFF75CBB08B5FFF7EDFF01F056FE7C
:1022500020B14FF4BC719320F4F798FB08BDFBF755
:102260002FBA0B46892203F8032BD0F80920C1F8B6
:102270000320427B1A71704738B50D460446F6F7C5
:102280008BF92B78002B08BF034684F868306B78F5
:10229000002B08BF034684F869306B88A4F86A30C5
:1022A00038BD2DE9F7430468994694F8633094F8F3
:1022B0000F8043EAD303DB070F46164602D4B8F17A
:1022C000250F36D16FBBF6F767F90546BEBBF6F7AB
:1022D00063F945BBB8F1250F2ED100200546FF2339
:1022E00084F82D3194F82C3103F0FF08F3B99DF8F0
:1022F000283084F82F0184F82C3184F82E5101A95C
:1023000004F1A8008DF804708DF80560ADF8069012
:10231000FFF7B2FF002384F82D31404603B0BDE83B
:10232000F0833D46D2E70028D4D0D8E74FF03A08F2
:10233000F0E74FF01A08F0E74FF00908EDE7002D3D
:10234000C8D03046CBE738B5036893F82C31012B61
:1023500004460D4602D11E21F6F740F923680020FD
:1023600083F82C0165B1182283F8992008229A730A
:1023700093F84A3093B940F25B41AE20F4F706FB84
:10238000DA7B233A072A03D8DD73204600F0DAFD12
:1023900020461821BDE8384000F0F3BD38BD08B52F
:1023A00003689A7B22B14FF4E671AE20F4F7EEFA9F
:1023B00023229A7308BD034610F0010002BFC3F345
:1023C00040035B00D8B270472DE9F84F074610462E
:1023D0001E46FFF7F0FF83460846FFF7ECFF42EA90
:1023E00001044BEA04040443E4B2003C0A9D88461D
:1023F0009246814618BF0124F6F7CEF810EA0A0A81
:1024000018BFDA46F6F7C8F897F8143110EA080151
:1024100018BF4946534508BF4FF0000A85F800A091
:1024200097F815318B4208BF002169705AEA010103
:102430000AD1FB88013EF61AB6B247F6FD739E42FA
:102440008CBF002404F001042046BDE8F88FF7B5E6
:102450000468E57BA5F12303072B06464FD9002D21
:102460004BD1A37B282B4AD04B7813F007033DD0E8
:102470008A7812F0070239D084F80C31252384F8C9
:102480000D21E37394F82D31F3B994F82C31012B1D
:102490001AD094F80C7194F8150194F8101194F86E
:1024A0001121B4F81231874214D194F80D7194F8C7
:1024B000140187420ED1022084F82C0184F82E11D9
:1024C00084F82F21A4F83031304600F031FD284641
:1024D00003B0F0BD022000903046FFF7E2FE002876
:1024E000F2D04FF46671AE20F4F750FA0978304616
:1024F00003B0BDE8F04000F044BD0125E7E720252A
:10250000E5E72DE9F04F056895F80EB0ABF124032F
:10251000D3F1000848EB0308052A87B0044670D1C0
:10252000EB7B262B73D10F358A784F78039207F017
:10253000070902F0070A09F1FF330AF1FF3003EA45
:10254000090300EA0A00034366D1B1F80360F6F715
:1025500023F8039A174307F0070787435CD15046D7
:10256000FFF729FF2768A8B197F81431984211D0D6
:1025700097F82E211AEA020F4ED0BBF1240F09D092
:1025800097F80D211AEA020F04D1022870D1013BFD
:10259000012B71D84846FFF70EFF40B197F815316F
:1025A000834204D097F82F3119EA030F34D005ABDA
:1025B00000933846334652464946FFF705FF2368E5
:1025C000074678BB93F82C21012A28D101462046E2
:1025D000F6F704F8236883F82C712F70236803F151
:1025E0000F02954201D10022DA73236803F10F0232
:1025F000954237D1204600F0A5FC002007B0BDE889
:10260000F08F414607B0BDE8F04FFFF79CBEBBF12D
:10261000240F2BD10E3587E741462046F2E783F899
:102620002C01DBE7DA88A3F86C62013EB61AB6B279
:1026300047F6FD72964206D9282283F831202046BB
:10264000F6F75AFED1E7DA7B0C2A02D0093A012AC2
:1026500001D82A22F1E7BDF81420A3F86E2228231E
:102660002B70C2E7002283F84A20C6E70220C5E7A4
:10267000012B8FD0022BCFD04FF4DD710620F4F761
:1026800085F908B50368DA7B252A05D022B140F226
:10269000D351AE20F4F77AF92622DA7308BDF5F7A4
:1026A000C3BF704730B542401C7808785D78604001
:1026B0004C786C4020449D788C786C402044DD78C8
:1026C000CC786C4020441D790C795B7949796C4059
:1026D00020444B4018441044B0FA80F0400930BD0B
:1026E000024600200139C9B2FF2900D17047535C6E
:1026F00083F001030344D8B2F4E708B5F6F718F8FD
:10270000082803D0BDE80840F6F734B808BD08B57E
:1027100001F03FFC18B1BDE80840F9F705BB0820FF
:1027200008BDF8B5D0E9047605460C46FCF7E0F99B
:1027300018B952212920F4F729F9E4B1D5E9042385
:10274000D21B63EB0603012A73F100014FF0000175
:1027500013DB6FF001009042994101DA5C21E9E757
:10276000631E1344B3FBF4F35C43E41946F1000623
:10277000C5E904461C462046F8BD0C46FBE7022985
:1027800005D13C2808D980100F3880B270477028D6
:1027900002D9C0100E38F8E700207047012908B5AB
:1027A000034605D002290BD0E7212920F4F7EEF8E3
:1027B00040F6C41040F2E242002B08BF104608BDAC
:1027C00040F6C410FBE710B50C460021F4F70AFCF4
:1027D0002060B0FA80F04009400010BD0368587BCB
:1027E000C0B293F830302BB900F0FB00003818BFAE
:1027F000012070470020704710B50C46FFF7E3FF3B
:1028000038B92046FFF7EAFF80F001004000C0B26F
:1028100010BD0220FCE738B54FF4267204460D4681
:102820000021FDF795FB6FF0360284F86320042247
:1028300084F864206FF03B0284F865206F2284F8EE
:102840006620032284F86720002284F868206FF055
:102850007F0284F869202B2284F86220FE22012363
:1028600084F89E207F22A375E27284F8A830A4F831
:10287000AA5038BDC2B292FAA2F2030A93FAA3F3A5
:102880001B0E100E40EA0320704770B50131C9B22B
:102890000530002210F8013F8B4216D310F8054C8A
:1028A0000023012505FA03F626421CBF01F1FF3182
:1028B000C9B269B10133082BF4D10132D2B2052A71
:1028C000E8D19B214620F4F761F8C91AC9B2F4E7B0
:1028D00003EBC200C0B270BD0B6870B5C0F8013028
:1028E0000B7903F01F03437100230446C3720546AE
:1028F000461D15F8010F00F002FB6871E37AB5423E
:102900001844E072F5D170BD70B581EA11418CB206
:102910000546C17A032682EA0400FFF7ABFF013EB9
:1029200000EB0010221816F0FF0690B2F5D14440DB
:102930002522B4FBF2F302FB1343C3F3C4022A447F
:10294000D8B2567803F00703012202FA03F31E42BD
:1029500007D161432846C1F30741BDE87040FFF746
:1029600094BF70BDF8B590F821506B1E242B04461F
:1029700003D9E1214620F4F709F8DAB1807D002877
:1029800043D194F8233094F8221002FB013225231E
:10299000B2FBF3F103FB1123DBB204EBD30284F8A7
:1029A0002330D17D03F007060122B240114202D04C
:1029B00084F82430F8BDB3FBF5F205FB1233013384
:1029C00003F0FF0304F11B0111F8012F9A4219D300
:1029D00011F8055C0022012606FA02F72F4208D002
:1029E000013B13F0FF0304D102EBC00284F8242062
:1029F000E0E70132082AEFD10130C0B20528E3D167
:102A0000D721B7E79B1ADBB2F6E7E288096A04F13F
:102A10001600FFF779FF84F82400CBE703788901DB
:102A200023F0400301F040010B430370704703782B
:102A300003F07F0343EAC113037070471F2A38B5C0
:102A40000546144603D9A8212A20F3F79FFF093031
:102A50000634FDF7BDFA6C7038BD1F2A38B505463F
:102A6000144603D9CA212A20F3F790FF093006340F
:102A7000FDF7AEFA6C7038BD037803F00F03032B3B
:102A800002463ED0052B42D1C37F90F8200003437D
:102A900092F82100034392F82200034392F82300A6
:102AA00000F01F00184333D05378222B2FD1B2F8F7
:102AB0001930B1B1B3F5506F13D940F607518B42BD
:102AC00025D8B2F81B30B3F5FA7F20D2B2F81D003A
:102AD0000A3880B240F6764398428CBF002001202D
:102AE0007047991F89B240F67A4081420FD8917D94
:102AF000481E07280BD8994209D2B2F817109942FC
:102B0000DEE74078A0F10C0358425841704700209E
:102B100070478388A1B1B3F5506F11D940F60752C1
:102B200093421BD8C388B3F5FA7F17D200890A38BD
:102B300080B240F6764398428CBF00200120704757
:102B40009A420BD8B3F5486F08D84278511E07292E
:102B500004D89A4202D242889A42E2E700207047A3
:102B60002DE9F3470E4601A914469946FFF72BFEBF
:102B7000054618B9019F2CB901237B75012002B0CD
:102B8000BDE8F087D7F8BC8021464046FEF7FAFC46
:102B9000824608B90020F2E7F5F754F98442F9D8E3
:102BA00051464046FEF72DFE7B7DA0F80150002BDC
:102BB00018BF0226494600F8036B2246FDF708FAC3
:102BC00021464046FEF719FD18B983212B20F3F763
:102BD000DDFE01A8FFF7BDF8019BA3F8B2517D759A
:102BE000CCE74378C3F30111012910B502460ED09A
:102BF000022915D0047803F00F00131D528802211A
:102C000044EA0020FFF7ACFF38B1012010BD047882
:102C100003F00F00131D5288F2E7F6F769F9F4E7A5
:102C20000020F3E71A230B7001234B708B70704761
:102C3000F6F736B810B521B940F2A9211020F3F704
:102C4000A5FE4A600B72EFF3108472B6031D0B6091
:102C500042681AB1127A012A08BF0360036819603A
:102C6000016004B962B6BDE81040F6F763B802220D
:102C7000F6F72CB90322F6F729B90422F6F726B99C
:102C80000222F6F767B98D230B7030F8953CA1F856
:102C9000033030F8573CA1F8053030F8533CA1F828
:102CA000073030F8553CA1F8093030F8513CA1F814
:102CB0000B307047012908B503D10E30C00080B237
:102CC00008BD022902D10F308000F8E74FF40C71E3
:102CD0000620F3F75BFE30B587B004460D46F5F7E6
:102CE000B7F880B334F89E4C69462046FFF7CDF81C
:102CF00018B1FB212C20F3F749FEBDF80630ADF8E2
:102D00000E30BDF80830ADF81030BDF80230ADF827
:102D1000123003A8BDF80430ADF80C40ADF8143003
:102D2000FFF791F810B14FF48271E3E7ADF80C00B2
:102D30009DF80C30002063F307009DF80D3063F31D
:102D40000F2007B030BD2B468E2203F8032BD4F89A
:102D50000920C5F80320D4F80D205A60B4F81120DA
:102D60001A810423ADF80C30E2E740687047C08A4E
:102D7000704710B58A880B89CC884988A0F8541010
:102D8000A0F85840A0F85620A0F85A3010BD838310
:102D9000BDF8003001834283C3837047034670B59A
:102DA000B3F84C10B3F85820B3F85A40B3F8485071
:102DB000B0F84260B0F84600914228BF1146B3F81F
:102DC0005020A3F84210A24228BF2246B3F84A403E
:102DD000A3F84620944238BF14468D4238BF0D46B2
:102DE0008E42A3F84850A3F84A4021D1801A18BF58
:102DF0000120B3F84E10B3F85420B3F85660B3F87E
:102E00004050B3F84440914228BF1146B3F85220D5
:102E1000A3F84010B24228BF32468D42A3F84420A6
:102E200008D1944218BF40F0010000F0010070BDCD
:102E30000120DEE70120F8E738B5C58B438C044656
:102E40009D42007A28BF1D46FFF734FF6389AB42DD
:102E500028BF2B46984238BF184680B238BD2DE9AE
:102E6000F04106460F468089194698461446FFF7FA
:102E700021FF414605463046FFF7DEFF854228BF69
:102E800005469DF81810B08AFFF714FFF38A8342B5
:102E900028BF0346ADB2A01D15FA83F33844184489
:102EA000BDE8F08107B590F86D30009390F86C3074
:102EB000002296213430FFF7D2FF03B05DF804FB07
:102EC00038B50D4619461446FFF7ECFF96342044FA
:102ED000A84294BF281A002038BD38B50D461146C7
:102EE0000446FFF7DFFF2844A06338BD01F19C03CF
:102EF00083423DBF9C38401A40080020704700F0D4
:102F00005503400800F05500034403F033009B08CC
:102F100003F03303034403F00F0000EB131070477A
:102F2000036800229A7383F84A20A3F8462070476A
:102F300003680022A3F84E2093F85020013283F852
:102F40005020704708B5026892F85030013B5BB2E0
:102F5000002B82F8503003DA52214A20F3F716FD95
:102F600008BDA0F10903042B09D9A0F14603012BE8
:102F700005D9233807288CBF002001207047012085
:102F800070470268136810B513F0080408D143F0C5
:102F90000803136082F89810FFF7CAFF204610BD9F
:102FA0000120FCE730F8023CF7B5B0F88270054626
:102FB0000E4673B1012268468DF80020ADF801700D
:102FC000ADF80330F4F7D8FF18B195216320F3F77B
:102FD000DDFC832300243370B470A6F803706B7A91
:102FE000D5F898007371FEF777FB08B9BA21EDE7C1
:102FF00021463846F4F70CF84FF4017303F004024D
:10300000204662F307001B0A63F30F2003B0F0BDF4
:1030100003681A7C063A012A81BF4A785A7406224C
:103020001A74002070470268137C063B012B84BF92
:1030300007231374704770B50268D57BE5B9CB8858
:10304000D688A2F86C32013B9B1B9BB247F6FD76FB
:10305000B34206D9282382F83130F6F74DF92846D5
:1030600070BDD1F80130C2F86E324B7982F87232FD
:1030700003680922DA73F2E70125F0E70B468222A2
:1030800003F8032BD0F80920C1F80320D0F80D2055
:103090005A60427C1A720023CB70704770B5036887
:1030A000DD7B06460C46002D3CD1062229462046F3
:1030B000FFF72FFD28B921783046BDE87040FFF7B3
:1030C00060BF32686389D188A2F86C32013B5B1A19
:1030D0009BB247F6FD718B4207D9282382F8313025
:1030E0003046F6F709F9284670BDA38840F2E24160
:1030F0004B43C2F874326378C3EB431003EB800395
:1031000003EB83035B00A2F86E3263884B43C2F883
:103110007032E388A2F878322389A2F87A320C233D
:10312000D373E0E70125DEE70B46842203F8022B88
:10313000D0F80920C1F80220D0F80D205A6070475D
:103140000B46852203F8022BD0F80920C1F8022093
:10315000B0F80D209A80704738B50368DC7B0546CF
:1031600034B1103C0F2C8CBF01240824204638BDFC
:103170001B7D002BFAD0FFF7DBFE2B681022DA73E1
:10318000F4E708B50368DA7B152A04D040F253212E
:103190001F20F3F7FBFB012283F851201722DA737B
:1031A00008BD0368DA7B112A03BF12220020DA73FC
:1031B0000220704710B50368DB7B1B2B044606D149
:1031C000FFF7C0FE23681F22DA73002010BD022023
:1031D000FCE708B50368DA7B102A04D040F27E21B0
:1031E0001F20F3F7D3FB012283F851201122DA7359
:1031F00008BD08B50368DA7B172A04D040F28A219B
:103200001F20F3F7C3FB1B22DA7308BD3E230B70AC
:103210000C234B7004238B70D0F80930C1F80330B5
:10322000D0F80D30C1F80730B0F81130A1F80B30EC
:10323000C37C4B73704708B503689A7B1AB1CF21E2
:103240001C20F3F7A3FB04229A7308BD026808B59B
:103250001368D90703D4DD211C20F3F797FB23F073
:1032600001031360BDE80840FFF76CBE87230B70B5
:1032700030F88C3C4B80704703689A7B0E2A01BF64
:10328000002283F83E2083F84A209A73002070477A
:1032900038B505682B6813F0040407D1FFF748FE22
:1032A0002B6843F004032B60204638BD0120FCE767
:1032B0000268136823F004031360FFF743BE08B5E8
:1032C00003689A7B1AB172214B20F3F75FFB0E2241
:1032D0009A7308BD10B5D0E90D42A24206D38B8C7B
:1032E000498E05334B43121B934202D3012380F8CE
:1032F0003E3010BD0C230B7008234B7000238B70E5
:10330000B0F85630A1F80330437A4B714389CB8033
:1033100083890B81704710B5046894F853309A077D
:103320000CD4A37B1BB177214020F3F72FFB0122A4
:10333000A27384F84A20A4F8463010BD23689B0786
:1033400005D5FFF7FFFD236823F002032360002368
:1033500084F83231F1E710B50B794C790A6801280D
:1033600043EA042108BF41F48031104610BD07B57F
:10337000FFF7F1FF0DF10702F6F7ECF903B05DF886
:1033800004FB07B5002301A80193F9F701FD01989B
:1033900010F0030018BF012003B05DF804FB08B56E
:1033A000FFF7EFFF002814BF1420002008BD08B568
:1033B00003689A7B1AB12621A320F3F7E7FA2022AB
:1033C0009A7308BDF7B50568AB7B203B022B064618
:1033D0000C462BD8B1F805101A2921D9B4F80730BA
:1033E000B3F5A47F1CD3B4F801201A2A18D9B4F875
:1033F0000300B0F5A47F13D3009005F1A80405F1F4
:10340000DC00FFF7C4FC20463768FFF7C7FC18B1A3
:1034100007F23F10F5F7C0FD30680621F6F790FE81
:10342000002085F84A00A87303B0F0BD0120FBE737
:1034300002681368D90610B5044603D4B821A32046
:10344000F3F7A4FA990601D5B921F8E723F01003A0
:103450001360FFF777FD20680621BDE81040F6F7FE
:103460006FBE10B5F9F74AFA0446FFF798FF04F566
:103470005F43BE304FF47A724133B3FBF2F318442A
:1034800010BD10B5044690F86D00FFF7EAFF012269
:1034900001462046BDE81040FFF71FBD7FB504463A
:1034A00018B9A5213020F3F771FA052900F2B5808B
:1034B000DFE801F003AE2A25B3A990F80032C288F4
:1034C000A3B1B0F8FE31934208BFB0F8B4319A1AF4
:1034D000A0F8B621E380D4E990232046C4E99223E2
:1034E000F7F720FF94F84C3004B070BDB0F8FC3111
:1034F0009B1AA0F8B631B0F8FC319BB2EAE704B0F1
:10350000BDE87040F9F74AB9FAF75AF9D4E99223BD
:10351000801A61EB0301012871F1000302DA40F225
:103520000161BFE76FF0010383424FF000038B415D
:1035300002DA40F20261B5E7D4F8C4300BB1B0FB57
:10354000F3F3E17BB4F8FE210C2931D10132A4F868
:10355000FE21B4F86232E5880133A4F86232B4F88F
:1035600042301D44B4F84030013DED1AADB203AE17
:10357000B4F8FE116B1A180434D4002300961A46CE
:103580002046F6F78FF90128AED1B4F8FE21B4F841
:10359000B011BDF80C301344521A12049BB204D57A
:1035A000EA1A12F4004F18BF0B46A4F8FE31DFE709
:1035B000E1880B449BB2D11A0D044DBF0133013297
:1035C00093B29BB2A4F8FE3194F80132002BC0D123
:1035D000B4F8B431B4F8FE21934204BF0133A4F827
:1035E000FE31B6E7A37C0394002B14BF08233E23CF
:1035F000304684F83130F5F77FFE204600F087FC36
:103600000023637370E704B0BDE87040FEF79FBA13
:10361000437B042BF4D0C62144E7CB2142E713B50A
:1036200000234373A0F860321A46009319460446FB
:10363000F6F738F920B140F2E7113020F3F7A6F998
:1036400001236373C4F8E801C4F8E001A4F8FE01A3
:10365000A4F8FC0184F80102E388A4F86202013BAB
:10366000E38002B010BDD0F8E800704738B50446DA
:1036700090F828319BB1FF2380F83031012100F010
:103680009FFA94F8283153B104F1C0052846FAF79F
:103690004FF92846FAF760F9002384F82831002012
:1036A00038BD08B590F8302142B990F8EC2042B10D
:1036B000D0E93C31994202D9F7F778FB0022104655
:1036C00008BD0122FBE710B50446FFF768FEE2697A
:1036D000636B9A4228BF1A4600F5C1711046FFF786
:1036E00005FC40F64803984228BF184680B210BD3A
:1036F0007FB5044690F84C3003F0FF05002B58D1FD
:10370000437B032B55D1FAF75BF8D4E99223801A57
:1037100061EB0301012871F100034ADB6FF0010343
:10372000834275EB010104DA40F2AA513020F3F72D
:103730002DF9D4F8C420E3880AB1B0FBF2F20133CA
:1037400013449BB2A4F8FC31B4F8FC21B4F8B431B2
:103750009B1A1BB2002B2CDD04F50270FAF7E8F877
:1037600038B3FF2384F80132B4F84230E5881D44B1
:10377000B4F84030013DED1AADB20DF10E06B4F8CB
:10378000FC31EB1A1B0414D4B4F8FC11009600238E
:10379000012289B22046F6F785F8012809D1B4F84C
:1037A000FC31BDF80E2012FA83F39BB2A4F8FC3171
:1037B000E5E704B070BD2DE970430C461546E2B94B
:1037C000F8F724FDD4E94689064684F8EC5084F8DD
:1037D0002851D4F8E800F5F7B1F9D4F8E800C0E9C9
:1037E0009289C0E99689C0F86462FFF718FFF8F77C
:1037F0009FFEBDE87043FBF7EDB840F2C371302087
:10380000F3F7C4F870B5044621B1012978D040F22D
:10381000D37172E000F007F994F8293105460E469D
:10382000DBB150EA010318D0D4E93E32D4E94601B5
:10383000C01A61EB020133462A46FCF735FB05FB53
:1038400001F300FB0633A5FB00021344D4E93E213B
:10385000121843EB0103C4E93E23E08B30B1F5F7C6
:10386000B5FBE38BB0FBF3F202FB1300D4E93E326D
:10387000ED1846EB02062D184FF0000346F1000646
:1038800040F20242C4E93E56C4E9465684F8083183
:10389000A4F8102184F8293194F8303103F0FF01A5
:1038A000DBB9D4E948026FF000439A4208BFB0F197
:1038B000FF3F18D02046D4E9465600F0A9F8D4E9D5
:1038C0004832E5305B1B62EB06021B1A62F1000214
:1038D000002A08DA2046F7F769FAF8F729FEBDE86A
:1038E0007040FBF777B804F5847104F1C000FBF772
:1038F0008BF80028F1D14FF4E0613020F3F746F85F
:10390000002380F8EC30E8E790F82801003818BF71
:10391000012070470B468C2203F8032BD0F80920B6
:10392000C1F80320D0F80D205A60704738B50B4617
:10393000882203F8032B0C4600F10902293052F8C3
:10394000041B43F8041B8242F9D112781A70A5882F
:103950000123A37100212846F3F744FB58B1E37813
:103960004BB100212846F3F753FB20B140F233213D
:103970002D20F3F70BF838BD0121F6F7ABBFFFF7A9
:10398000FBBF90F872300BB10120704790F8AA206D
:1039900002F0FF03002AF7D190F89C2018467047E8
:1039A00037B504460D464FF49C720021FCF7D0FA5F
:1039B000FF2323701323638042F21073E383F3F732
:1039C0000DFC00220146A0626846FDF7CBFFA06A0D
:1039D00000220121FEF712F8A16A68460422FDF7D1
:1039E000C1FF0022A06A1146FEF708F804F120008A
:1039F000A57403B0BDE8304000F019B9FF23886A10
:103A00000B70FDF7ACBF0078FF3818BF012070477E
:103A100010B50446203000F060F961882822F7F7DD
:103A2000F7F96D3010BDD0E9020170472DE9F04F74
:103A300007460C4606460FCF8FB006AD0FC597E878
:103A40000F000DF1100885E80F00404600F0EFF878
:103A5000677894F8149094F80AA094F800B007F0EE
:103A60007F05B9F1010F2F4607D0B9F1020F04D03D
:103A700040F212310620F2F789FF617A404600F0E9
:103A8000DDF8237D227F022B08BF617D02F1010258
:103A900006BF0131C9B20121D2B2404600F0D0F8D0
:103AA00015F0080360D14046019300F016F9282272
:103AB0003946F7F7ADF9E578019B00F524722079D6
:103AC00045EA0025607940F2712145EA00454D4301
:103AD000B2FBF1F24A43AA420AD9E079A57945EA54
:103AE0000025207A45EA00454D43954228BF1546FA
:103AF000227E0393531E5A425A41A17CB06A02911E
:103B00000192FEF702F8B06AFEF70FF8039B019AE4
:103B100002998DF818B0ADF81A7008958DF8282024
:103B20008DF82B108DF82CA08DF81C90099306AF02
:103B30000FCF35460FC597E80F0085E80F0098E8CE
:103B400003003062B184E37A03F0FD03003B18BF49
:103B5000012386F84F30E3683365238AA6F8543092
:103B600000200FB0BDE8F08F00252B46C0E74FF4D2
:103B70000043C38443881D2B08BF00214174704754
:103B800090F912007047408800F00100704780787B
:103B9000C0F3400070478078C0F3C000704790F8D1
:103BA0004830816181F8B330D0F84930C1F8B43081
:103BB000B0F84D30A1F8B83070477047F6F7F8BB51
:103BC00080F8681070478278034612F0010002D036
:103BD000D978C90710D5900702D5D97889070AD5B1
:103BE00012F0040008D0D878C0F3800080F0010003
:103BF0008000C0B2704702207047C0F34002C0F39B
:103C00008003134400F0010018447047022808B5EF
:103C100007D0042807D0012807D039212E20F2F739
:103C2000B5FE262008BD2720FCE72520FAE7002363
:103C3000C0F80230012343700370704781707047F1
:103C400010B54270017080781446FFF7D6FF10FB64
:103C500001F010FB04F2FE2A03DD5C212E20F2F7B6
:103C600095FE10BD0023C37043710371704710B5FA
:103C70000446FFF7A8FF637962780133DBB29A420A
:103C800063710FD1E378A1780343DBB29942E3700B
:103C900008BF23794FF0000208BF0133627104BFEF
:103CA000E2702371BDE81040FFF7B0BF38B50146A0
:103CB0008078FFF7A2FF0446C8784D78FFF79DFF94
:103CC0000A790B789B1A13FB05F34A7913FB04F36B
:103CD0009B1A00FB1530C0B238BD08B5014680788C
:103CE000FFF78BFF4B780A7813FB02F313FB00F00E
:103CF000C0B208BD40F2EF20704740F25A3358433B
:103D0000704738B513680E3814460D469A7B09285B
:103D10003ED8DFE800F0053D3D3D0F3D183D3D2715
:103D2000042A05D12046FFF7FBF82046F5F752FCA0
:103D3000002038BD0E2AFBD1002220461146BDE8E6
:103D40003840FFF799BA202AF2D12046FFF7E8F869
:103D5000002DEDD0226892F8623023F0200382F823
:103D60006230E5E7DA7B262AE2D10025DD732046C2
:103D7000FFF7E8F8236893F82C31012B03D129468B
:103D80002046F4F72BFC2368002283F82C21CFE790
:103D900040F262213120F2F7F9FD08B50368DA7BC1
:103DA000172A04D040F27E513120F2F7EFFD1D2298
:103DB000DA7308BD08B590F89E30FE2B04D040F6AB
:103DC0006F113120F2F7E2FD002380F89E1080F899
:103DD0009F3012B9A0F84E2008BDA0F8463001234C
:103DE00080F84A30F8E708B50368DA7B342A05D151
:103DF0000022DA73BDE80840FFF7A4B8172A02D101
:103E00001D22DA7308BD40F293513120F2F7BEFD56
:103E100008B503689A7B082A0AD193F8991093F899
:103E2000A020914204D100229A7383F84A2008BD51
:103E30001A68110706D522F008021A60BDE808408A
:103E4000FFF780B84FF4AF613120F2F79FFD037D9B
:103E500063B9C37BA3F10F02032A07D990F852007C
:103E600028B11F2B8CBF0020012070470120704714
:103E7000024600684978837B202B13D00AD8042B94
:103E800012D00E2B12D0C37B262B0CBF1720FE2086
:103E9000F7F77CB92A2B03D02C2B09D0242BF2D195
:103EA0001620F5E71420F3E70E20F1E71220EFE7E4
:103EB0002320EDE7024600680B4690F8621041F0BF
:103EC000040180F8621099785878F7F75FB938B52F
:103ED0000C460546D1E92F01F3F734F9637B3BB17A
:103EE00004F502742046F9F723FD2046F9F734FD66
:103EF00028460221BDE83840F3F78AB80020704711
:103F000008B5F5F7ADF8BDE80840F5F75BBA002253
:103F1000C281827490F84C3013B10221F6F710B9C7
:103F20000321FBE738B504460846E37B03F0FD03B5
:103F300094F8682212B10C25284638BD152BFAD109
:103F400094F8843203F0FF05002BF4D191B194F87A
:103F5000D63123B940F66C313120F2F717FD052335
:103F600004F1800204F5E371FBF750FE012384F8AD
:103F70006832E1E70223FAE7F5F7E6B808B5F8F7A3
:103F800013F9F7F7FFFEF7F757FEBDE80840F8F71B
:103F900019BD10B5C824F7F7AFFE022808D1013CBF
:103FA00014F0FF04F7D10620F4F7B0FF204610BD4F
:103FB000431E58425841FAE74FF08053D3F8A0000F
:103FC00000F0010070474FF08053D3F8A420D3F8DD
:103FD000A830511C9BB203D14FF6FF718B4203D026
:103FE0000260838001207047002070474FF08053AB
:103FF00030B5D3F89050D3F89440D3F89810D3F854
:104000009C2005EA04030B40134001331FBF0560E9
:1040100044608160C2600CBF0020012030BD4FF0C1
:10402000805330B5D3F88050D3F88440D3F888104B
:10403000D3F88C2005EA04030B40134001331FBF63
:10404000056044608160C2600CBF0020012030BD6B
:1040500010B5F8F7E3F80446F9F700FD201841F130
:10406000000110BD38B504461546F7F719FF2A467A
:1040700001462046BDE83840F8F7F6B910B50446C9
:104080000846F8F73BFC4FF47A73B0FBF3F0201AC4
:1040900010BD10B504460846F8F730FC023C00F2AB
:1040A000E7334FF47A72B3FBF2F3E01A10BD08B5B0
:1040B000FBF75EFEBDE80840F8F744BF801A00F346
:1040C000070038B540B20D4659B21446F8F72AFF3A
:1040D000002328706B70204440B238BD0023036079
:1040E00070477047002070474FF0FF3070474FF027
:1040F000FF30704770474FF0FF3070470020704727
:10410000002070470023037070479DF800300022A4
:10411000FFF7D4BF4FF0FF307047002070474FF0DB
:10412000FF3070474FF0FF3070477047C0B208B59E
:1041300020B94FF0804301221A6008BD4D21B520FF
:10414000FBF71CFC0020F8F755BF4FF08043D3F875
:10415000080400F0010070474FF08043D3F81404C6
:1041600000F0010070474FF08043D3F81C0400F0CA
:10417000030070474FF08042D2F81834D2F8182468
:10418000C3F3004302F00302824214BF002003F095
:10419000010070470020F8F7A3BF0020F8F7CEBF5A
:1041A0000020F8F727BF08B500230B8581F82A30D7
:1041B0000B6A0921984728B103781BB1E9216A20CD
:1041C000FBF7DCFB08BD436A19444162A1F15000D2
:1041D000F9F7F8BAF8B5044620B940F2AD116A20F3
:1041E000FBF7CCFB90F85850052900F2CA80DFE8B5
:1041F00001F003834668727C90F82A30033B012B60
:1042000002D94FF4DC71EAE7052380F82A30002355
:1042100080F859300378EBB12378012B27D1FAF7D6
:1042200087FC94F8286063686362C4E906010EBBEA
:10423000F9F7D4FA31462046FFF7C5FF236A314625
:104240002846984701462046FBF754FA022840F0DA
:104250009B80F8BDF9F7B4FA06460F46FAF768FCFA
:104260001F3647F1000786428F41F3D3D4E7D4E9E4
:104270000401D6E72046BDE8F840FBF707BA90F8FE
:104280002A30DA1E012A02D940F2ED11A7E790F890
:1042900028202AB121462846BDE8F840FFF783BF11
:1042A000042B18BF012180F82A10036A0521284633
:1042B00098470028CDD00378002BCAD04FF4007166
:1042C0008DE790F82A30052B02D040F2062186E7D0
:1042D000036A0221B4E790F82A30052B02D04FF48C
:1042E00003717CE7036A0121AAE790F82A30052BC5
:1042F000C0D040F2122172E790F82A30052B07D087
:1043000090F829200AB1032B02D040F2172166E76A
:1043100094F82820002ABDD194F8593083B10223A3
:1043200084F82A3084F85920236A082128469847BF
:1043300000288ED00378002B8BD040F223214EE74B
:1043400094F8292062B184F82930214604F1300024
:10435000FAF75AFB00287FF47CAF4FF40A713EE76E
:10436000022384F82A300721236A28469847002828
:104370003FF46FAF0378002B3FF46BAF40F22F2177
:104380002DE74FF40D712AE70128236A0CBF0421A1
:10439000032155E770B5FBF767FA0024054626466A
:1043A000E0B2854200D870BDFBF764FA013406859F
:1043B00080F82A60F4E7F8B504460D46FBF754FA96
:1043C00000270646F8B2864204D8082D0CD96FF0B3
:1043D000150008E0FBF74EFA90F82A300137002B61
:1043E000F0D04FF0FF30F8BD2CB129462046BDE893
:1043F000F840FBF74BBA21462046F8E710B50446D3
:10440000FBF738FA014688B190F828308BB990F85C
:104410002A3073B1013B012B04D82046FFF7C3FEBD
:10442000002010BD012380F82830F9E76FF001006B
:10443000F7E76FF02200F4E770B50D46FBF71AFAC4
:10444000044600284CD090F82A60731E012B4DD8EA
:10445000002D48D02846FBF7EDF8002843D02B78F4
:104460000BBB012323702B796A79003B18BF012312
:10447000002A14BF042202222272AA686F3243F07B
:1044800004036260EA6822616372032384F82A30BD
:10449000214604F13000FAF7B7FA50BB40F2C121CF
:1044A0006A20FBF76BFA022E20D1002323702B79B0
:1044B0006A79003B18BF0123002A18BF0426267220
:1044C000EA6843F004036F3263726260D4E9063233
:1044D000A9685B1842EBE172C4E904320423D5E712
:1044E0006FF0010070BD6FF01500FBE76FF0220068
:1044F000F8E70020F6E7F8B5037904461BB11B2165
:104500009D20FBF73BFA4679017126B901234371DF
:10451000217909B96171F8BD276826712046B8472D
:1045200002280546F4D103212046B84708B12F21BF
:10453000E6E723682946204698470028E8D030213E
:10454000DEE70346006800B970478842F9D1026887
:104550001A6070470346002018707047EFF310820E
:1045600072B603780121DBB2017002B962B6012B89
:104570000CBF6FF0220000207047EFF3108372B67B
:104580000022027003B962B600207047FBF7CABB75
:10459000FBF712BCFBF710BC00280CBF6FF0150036
:1045A00000207047002070470723037000207047E9
:1045B000002070470020704710B500210446FCF72A
:1045C00037FD20B92046BDE81040FCF7E7BD04F1F7
:1045D0000040FCF7E3FD404261EB410110BD2DE9D5
:1045E000F0478C468E46089E154604461946002B19
:1045F00040F0D080724547D9B2FA82F74FB1C7F187
:1046000020030EFA07FC20FA03F3BD4043EA0C0C2A
:10461000BC404FEA154EA8B2BCFBFEF8230C0EFBC3
:1046200018CC08FB00F943EA0C43994528D9EB184C
:1046300008F1FF3204D2994502D9A8F102022B44B5
:10464000A3EB0903A4B2B3FBFEFC0EFB1C330CFB73
:1046500000F044EA0344A04214D92C190CF1FF33B2
:1046600004D2A04202D9ACF102032C44241A43EA3A
:1046700002401EB1FC40002334607360BDE8F08747
:104680004246DDE76346F1E7002A79D0B2FA82F3C9
:10469000002B3FD01946C1F1200302FA01F52EFA92
:1046A00003F20EFA01FE20FA03F343EA0E034FEA87
:1046B000154E00FA01F4B2FBFEFCAFB20EFB1C205B
:1046C0001A0C0CFB07F842EA004290455AD9AA1886
:1046D0000CF1FF3004D2904502D9ACF102002A441B
:1046E000A2EB08029BB2B2FBFEFC0EFB1C220CFBF1
:1046F00007F743EA02439F4246D9EB180CF1FF3219
:1047000004D29F4202D9ACF102022B44DB1B42EAE5
:10471000004202E0AEEB020301224FEA154EAFB2B7
:10472000B3FBFEFC200C0EFB1C330CFB07F840EA2D
:10473000034398452AD9EB180CF1FF3004D2984571
:1047400002D9ACF102002B44A3EB0803A4B2B3FBE3
:10475000FEFC0EFB1C330CFB07F744EA0344A742A4
:1047600016D92C190CF1FF3304D2A74202D9ACF1AF
:1047700002032C44E41B43EA00400F46114678E74D
:104780001F2188E76046ABE76246BFE76046DBE78C
:104790006346EFE7734506D916B9002108466DE771
:1047A000C6E9000EF9E7B3FA83F787B9734501D379
:1047B000824207D8841A6EEB030301209C461EB97F
:1047C00000215BE73846FAE7C6E9004CF8E7C7F195
:1047D000200CBB4022FA0CF51D4320FA0CF12EFAF6
:1047E0000CF30EFA07FE41EA0E014FEA154900FAF2
:1047F00007F4B3FBF9F81FFA85FE09FB18300B0C20
:1048000008FB0EFA43EA00439A4502FA07F240D940
:10481000EB1808F1FF3004D29A4502D9A8F1020042
:104820002B44A3EB0A0389B2B3FBF9F809FB183355
:1048300008FB0EFE41EA03418E452CD9691808F1A8
:10484000FF3304D28E4502D9A8F10203294443EA7A
:104850000040A0FB0298A1EB0E014145CE46434625
:1048600002D306D14C4504D2B9EB020E68EB050326
:104870000138002EA4D0B4EB0E0261EB030101FA63
:104880000CFC22FA07F34CEA0303F940C6E90031B5
:1048900096E74046C5E74346D9E700000000000020
:1048A000F0B51E2883B0054600AF0BD8284A034652
:1048B000012128481BF07BFF6FF0150420460C37C0
:1048C000BD46F0BD244E4FF47A74444384FB064643
:1048D0001DA3D3E9002320463146FCF7F7FB1F4A0E
:1048E0003860002320463146FCF7F0FB1B4A0023CA
:1048F000FCF7ECFB7A601A4883681C6864B13B469D
:1049000002220321A047044648B1164A1148234613
:1049100001211BF04CFFD1E76FF05704F5E76E461D
:104920008AB0D7E900136A460F48CDE9071305237B
:10493000CDE9050542F8103F064823464FF42351C0
:1049400005F09CFCB546B9E70010A5D4E8000000CE
:10495000E27805003C5C05003AA3950040420F0058
:104960003C58050022790500387905000000000058
:104970002DE9F04FC5B002AF0546F9604C4C20461A
:104980001FF01AFA38B96FF01206304607F586772D
:10499000BD46BDE8F08F47481FF00EFA0028F2D060
:1049A00028220021284620F05CFA4FF6FF73AB83E3
:1049B000414BAB61414B0022C3E90122DA60404820
:1049C00011F0BAFE3B4801220B211AF00EFD0646FB
:1049D0000028DAD1A3681B6A0BB1204698471FF064
:1049E000D4FD4FF47A72A0FB020302FB0131C30B2A
:1049F000F86843EA4143C90BE0FB0231C7E9011300
:104A00002822002107F1600020F02BFA4FF0FF333D
:104A10007B61294B3B6100220023C7E90823C7E9DA
:104A2000062300244FF00008A146C2461FF0ADFD4A
:104A30004FF47A72A0FB020302FB0131BA68C30B88
:104A400043EA414393427B684FEAD13199413DDBD0
:104A5000002C00F0D881D7E90623C7E91823D7E94D
:104A60000823C7E91A233B6987F88440BB6707F12D
:104A7000600C7B69A7F87C30BCE80F00C7F870A019
:104A8000C7F8748087F87E902C460FC4BCE80F00EE
:104A90000FC49CE8030084E803004046FCF7F0FAEA
:104AA000084A00904B46084802211BF08AFE14E198
:104AB0009C5705001C570500000080BFAC3A002041
:104AC0009C3A0020BF7C0500FC5B0500BE484FF40B
:104AD0000042002311F00AFE0028A7D14FF0000B7E
:104AE000BA48012207F150011BF077FA01289DD145
:104AF00097F850300D2BF3D00A2B40F0758107F159
:104B000028020BF1E00313444FF0000203F8802C5D
:104B1000BBF1000F8AD02A2107F1880020F002FAA9
:104B200001460028DAD097F88830242BD6D1407877
:104B30001AF08BFCB0F1FF3F8346CFD088781AF093
:104B400084FC431CCAD0CB78002BC7D107F1890263
:104B5000914200F2E28040EA0B1040B25BB2984210
:104B6000BCD19B4907F1880020F0F2F98346002868
:104B700000F0DD80102307F14002022107F18800D8
:104B80001AF043FC00287FD0042307F128020321F8
:104B900007F188001AF039FC002875D0102307F1BE
:104BA0005002042107F188001AF02FFC00286BD076
:104BB000042307F12C02052107F188001AF025FCD7
:104BC000002861D0042307F13002062107F1880094
:104BD0001AF01BFC002857D0042307F134020721E8
:104BE00007F188001AF011FC00284DD0082307F1C6
:104BF0003802194607F188001AF007FC002843D054
:104C000097F83040302C00F09080002C3FF466AFD5
:104C100007F1280107F1400002F04EF9C7E906014B
:104C200007F12C0107F1500002F046F9C7E908012D
:104C300007F1340020F01DF900215FFA80F907F137
:104C4000380015F009FAFBF7F7FE00218246FCF761
:104C50000DFA002866D05F495046FCF74BF88046B5
:104C6000D7E9080100220023FBF78CFE0022B0FAEE
:104C700080F40023D7E90601FBF784FE64090028CD
:104C800008BF44F00104E4B2002C3FF427AFB9F1AF
:104C9000030F7FF623AFD7E90623C7E91823D7E927
:104CA0000823C7E91A233B6987F88440BB6707F1EB
:104CB000600C7B69A7F87C30BCE80F00C7F870A0D7
:104CC000C7F8748087F87E902C460FC4BCE80F00AC
:104CD0000FC49CE8030084E8030002F05BF96869F4
:104CE000AC7FFCF7CDF9D5E900ABD5E902896D467B
:104CF0008CB002AA384951610823C2E906ABC2E967
:104D00000889C2E90A4042F8103F3448002344F2BF
:104D1000C00105F0B3FAAD4637E612F801CB83EADD
:104D20000C0315E7DFF8B8809AE70024D6E62D4992
:104D300007F1880020F00CF90028A5D0042307F122
:104D40003802022107F188001AF05FFB00289BD08F
:104D500097F83830412B97D10C2307F140020721F7
:104D600007F188001AF051FB78B197F8403063B131
:104D7000594607F1400015F06FF911A3D3E900235C
:104D8000FBF798FBFBF758FE38610C2307F1500244
:104D9000082107F188001AF038FB00283FF474AFAF
:104DA00097F85030002B3FF46FAF002107F150000F
:104DB00015F052F9FBF718FE03B27B6164E700BF00
:104DC00017F373435376E03F9C3A0020AC3A00203F
:104DD000B77C05000000A0401F7D0500FC5B0500BE
:104DE0000000C841BB7C05000BF101027F2A3FF6A1
:104DF00077AE0BF1E00107F1280001EB000B0BF897
:104E0000803C93466CE602F0C5F8044AFB6804480F
:104E100002211BF0CCFC6FF07306B6E5F57C0500B3
:104E2000FC5B05000000000037B51D46531E012B3A
:104E3000044645D80329446803D06FF0150003B039
:104E400030BD0DF1070120461BF051FF0028F6D1BF
:104E500068682968384AC317C1FB02034FF47A72A5
:104E6000A0FB020102FB0311012871F100031FDB0B
:104E7000324BC0182EA3D3E9002341F10001FCF707
:104E800025F99DF807200223002803FA02F34FF4C6
:104E90007A72B8BF404253439842CED200EBD3104F
:104EA0009A09B0FBF2F12046C9B21CF088F8C6E7B7
:104EB000234BC01861F100011DA3D3E90023DEE7F5
:104EC000032931D852B3072A2ED16B681A482D68AE
:104ED000D917C5FB0031012B71F1000216DB00F57B
:104EE0006E1000F65D70181811A3D3E9002341F18C
:104EF0000001FCF7EBF8B0FA80F1C1F11E01C9B274
:104F0000204603B0BDE830401DF00FBF0C48181814
:104F100061F1000106A3D3E90023EAE7298803B081
:104F2000BDE830400EF05EB96FF0850087E700BF46
:104F30003AA395000000000040420F009DD14A00B6
:104F4000632EB5FF00B5094A094B89B0002808BF98
:104F500013462021074A684615F034F869460520B3
:104F600003F098F909B05DF804FB00BFB26C0500CE
:104F7000AC6C0500B76C050010B5012888B004467C
:104F80000B460ED1124A2021684615F01BF86946DF
:104F9000204603F07FF901F0E7FB03F075F908B054
:104FA00010BD1FF0F2FA4FF47A72A0FB020302FB6D
:104FB0000131084CC00B40EA4140C90BC4E9000173
:104FC0000021022008B0BDE8104003F063B900BF23
:104FD000C56C0500C01E002000B589B003460A4A12
:104FE0002021684614F0EEFF6946032003F052F9D1
:104FF00001F03EFE20B1054A054801211BF0CEFB21
:1050000009B05DF804FB00BFCF6C0500DA6C050049
:105010002C5C050030B5054689B00C4601F0C8FC93
:105020002DB1204609B0BDE83040FFF7D5BF064A94
:1050300023462021684614F0C5FF6946042003F08A
:1050400029F909B030BD00BFCF6C05002DE9F0474C
:10505000002184B0084600AF03F01CF9012003F0E2
:105060008BFA774D774E00F017FE044603F002F9F5
:10507000012808BFA40003F0B5FC4FF47A735C4329
:105080004FF4004C8046002140F2E7304FF47A7232
:105090000023E4FB0C01FCF769F802460B4640468E
:1050A00011F024FB002840F08B80674A67480321F9
:1050B0001BF074FB012003F05FFA03F0DBF8022819
:1050C00040F39480624A614802211BF067FB01F0C3
:1050D000A7FB01F05FFF64245E480B211AF09FF8E4
:1050E000012806D14FF4A47000211FF0A3F9013C60
:1050F000F2D10B2157481AF092F80128014603D14A
:10510000554A52481BF04AFBDFF84881534AD8F809
:105110001090D8F808A0D9F8003023F40063C9F83B
:105120000030DAF800300B2140469847044600284A
:1051300056D1DAF81840002C50D0D9F8003013F4CA
:10514000006F14BF4FF000734FF080634FF4800284
:105150000B214046A0470446002841D100F00AFD3B
:105160003F4A07CA3B1D83E807001D4655F8046BFC
:1051700030461EF021FEF0B10021304605F094FBD0
:10518000C8B120F02003783315D033686E468AB05A
:105190006A4634490790CDE905134FF40073ADF822
:1051A0002030314B42F8103F284800234FF4125171
:1051B00005F064F8B5460134032CD7D11AF0C6FDCA
:1051C0001AF0B3F900287FF475AF03F053F80346E3
:1051D000264A1E4803211AF036F844E76FF05704B8
:1051E000234A1A48234601211AF02DF801F0CCFB7E
:1051F000022821D101F00EFBF0B11FF0C6F94FF4E7
:105200007A72A0FB020302FB0131C30BD5E9002037
:1052100043EA41439B1A4FEAD13161EB00019E42C0
:105220004FF000038B4107DA124A08480523032197
:105230001AF009F801F0C6FA00F09CFC13E700BF71
:10524000C01E0020E09304000E6D05002C5C0500DC
:10525000586D0500FC560500976D05002000010003
:10526000005D05002C6E0500040000012A6D05009C
:10527000ED6D05005F6E0500F0B589B06C4608AFB6
:105280008AB008AA4E4B53614E4B93614E4BD3618B
:105290004E4B13624E4B42F8103F4E4800234FF4E2
:1052A000235104F0EBFFA54600F074FD054648B11C
:1052B000494A03460121474819F0C5FF28460437EB
:1052C000BD46F0BD00F004FD034620B1434A41480D
:1052D000012119F0B8FF01F03FF8034620B1404A20
:1052E0003C48012119F0AFFF3E4800F013FE01F0E9
:1052F00045FD034620B13C4A3648012119F0A3FF81
:105300003A4801F0AFFC01F0F7F90346002845D018
:10531000374A3048012119F096FF364801F050FB1A
:10532000034620B1344A2B48012119F08CFF01F0CB
:1053300099FB034620B1314A2648012119F083FF29
:1053400001F03CFE034620B12D4A2248012119F00C
:105350007AFF03F02BFB034620B12A4A1D480121A6
:1053600019F071FF00220023CDE906230023052256
:10537000CDE90323CDE9013300932349234B24488E
:105380004FF4805211F076FC224921481EF091FF23
:10539000214A104803211BF001FA8FE701F0E4F9DC
:1053A0001FF0F3F84FF47A73A0FB032403FB0141D1
:1053B0001A4ED20B42EA4142C90BC6E90021ACE7C2
:1053C0009D6E0500CC6E0500D26E05000002010343
:1053D000040000022C5C0500D96E05000D6F05006D
:1053E000546F050015500300716F0500454F030011
:1053F000B06F0500794F0300E76F0500507005009E
:1054000095700500CD700500809400204D5003007C
:10541000C81E00200171050008710500C01E002093
:105420002DE9F0471646D2E9062386B0CDE90423DC
:10543000D6E90423CDE90223337A019373680093FC
:105440003368334A07460D4614F0BCFD041E04DAE7
:105450006FF00B0006B0BDE8F087AC42F8D2D6F88A
:1054600020A000215046FBF7F7FD90B15046FAF717
:10547000C9FFA5EB040907EB0408CDE90001254AA3
:105480004946404614F09EFD0028E1DB0444AC424E
:10549000DED2D6F824A000215046FBF7DDFD90B106
:1054A0005046FAF7AFFFA5EB040907EB0408CDE976
:1054B0000001194A4946404614F084FD0028C7DB24
:1054C0000444AC42C4D2B6F92830002B09DB134A9D
:1054D000291B381914F076FD0028B9DB0444AC42CE
:1054E000B6D296F92A30002B09DB0D4A291B381950
:1054F00014F068FD0028ABDB0444AC42A8D2A31C26
:10550000AB42A5D87D23601C3B5500233B54A1E74B
:105510001D71050049710500537105005E7105009C
:10552000677105002DE9F04186B013468046134AA5
:105530000D466846182114F045FD1728064604D884
:105540000446A8EB0007A54201D8002011E032462E
:10555000694638191FF098FC631C68B945444444F7
:10556000AC422046F1D214F8013B202BF8D03A2B64
:10557000F6D006B0BDE8F0811C46E4E7688B050074
:1055800007B50346054A0091054801211BF019F9AA
:105590006FF00B0003B05DF804FB00BF6F710500F6
:1055A0008C5C0500072807D8044B53F82000044BF7
:1055B000002808BF18467047014870473062050050
:1055C0009B710500F0B587B00C4F0D9CBDF838609D
:1055D000002C08BF3C46CDE903460C9C0294084CC5
:1055E000CDE900341346074A0D4614F0EBFC29467A
:1055F00007B0BDE8F04019F08CBE00BFD08A0500AE
:10560000CC6E0500A37105002DE9F74313690193E2
:105610005368009313681646254A07460D4614F052
:10562000D1FC041E3EDBAC423CD2337B93B1B0686C
:10563000FAF7E8FEA5EB040907EB0408CDE9000141
:105640001C4A4946404614F0BDFC00282ADB0444AD
:10565000AC4227D296F90D30002B09DB164A291BE4
:10566000381914F0AFFC00281CDB0444AC4219D2FA
:10567000737D5BB196F91430104A291B381914F068
:10568000A1FC00280EDB0444AC420BD2291B0C4ABF
:10569000381914F097FC2946204403B0BDE8F043C4
:1056A00019F037BE6FF00B0003B0BDE8F08300BF08
:1056B000DB710500F2710500FC7105000672050042
:1056C00047720500F0B585B005460B9F9DF8280090
:1056D0000C461E46FFF766FF7FB13B786BB1CDE904
:1056E000010713460096094A284614F06BFC214630
:1056F00005B0BDE8F04019F00CBECDE900601346DE
:105700002146034A284614F05DFCF0E710720500BC
:1057100030720500F0B585B005469DF82C700A9EE4
:10572000DDF830C00C467FB9BCF1000F0CD0CDE9DC
:10573000016C00931346084A14F044FC214605B05E
:10574000BDE8F04019F0E5BD0093CDE901671346CF
:105750002146024A2846EFE74972050074720500A7
:1057600010B513460C46044A14F02CFC2146BDE843
:10577000104019F0CEBD00BF967205002DE9F04330
:10578000144689B006460F463822002120461FF0F5
:1057900068FB4FF0FF33636220230093294A2346BE
:1057A0003946304619F08EFD002809DA264A274886
:1057B00002211AF0F3FF6FF0150009B0BDE8F08385
:1057C00010230093224A6B443946304619F07AFD83
:1057D0000028F0DB0025DFF87C8084F8205058F8A2
:1057E000351004A808EBC509FBF71AFD68B999F84C
:1057F000043084F82030184A02AB3946304619F09C
:1058000024FD30B9029B63620BE00135072DE6D120
:10581000F1E7124A02AB3946304619F016FD00286E
:10582000F0D0102300930E4A04F128033946304685
:1058300019F048FD94F82030002B14BF00206FF0C1
:105840008500BAE7ADAD0500A17205008C5C0500CE
:1058500044900500F8610500A48905004E73050019
:10586000F37C0500F0B5144697B005460E46582265
:10587000002120461FF0F5FA202300932F4A2346EB
:105880003146284619F01EFD002842DB082304F1AA
:10589000200700932A4A3B463146284619F012FD5C
:1058A000002836DB274A04AB3146284619F0CDFCE8
:1058B00008B9049BA362244A04AB3146284619F078
:1058C000C4FC08B9049BA385402300931F4A06AB80
:1058D0003146284619F0F6FC002821DD002304F1AA
:1058E0002E050393009006AB03AA2021284603F05F
:1058F000D3FC039A034608B9202A0DD0144800921D
:105900000121144A1AF05DFF2022002128461FF0D1
:10591000A8FA6FF015000CE00123226584F85430DA
:105920000D493846FBF77CFC28B994F85430002B1D
:10593000EFD017B0F0BD0020FBE700BFADAD050014
:10594000C4720500C77205002A7405005988050055
:105950008C5C0500CB72050017A2050000B5DBB01A
:10596000012309498DF804304FF4B0720DF10500A0
:105970001FF050FA40F2611201A9044805F03CF80A
:105980005BB05DF804FB00BFE832002051730500F6
:10599000014810F0F5BD00BF483400202DE9FF415B
:1059A000884615462C49002207461E461BF03AF849
:1059B000024668B1294904223046A847002802DA85
:1059C0006FF0150400E00024204604B0BDE8F0812B
:1059D000234938461BF026F8024610B1214902221D
:1059E000EAE7214938461BF01DF8044610B11F496B
:1059F0000422E1E702461E4938461BF013F838B38B
:105A000040F2611398458DF80F4007D0194A009372
:105A10000121434618481AF0D4FED5E701220DF1C2
:105A20000F013046A8470028CADB9DF80F70012FF0
:105A300004D00121114A00913B46EBE710494FF495
:105A4000B0723046A8470028BADB0E4B1F70BBE788
:105A50006FF00104B8E700BF7B74050064340020D8
:105A60002A74050068340020347405006C3400206A
:105A7000577305005D7305006C5C0500A17305009C
:105A8000E8320020EE5700202DE9F0410F46144681
:105A90000C49002206461D461AF0C4FF38B92B46B1
:105AA000224639463046BDE8F041FFF777BF064948
:105AB00004222846A0470028ACBF00206FF0150044
:105AC000BDE8F081077405006034002010B50C4C6F
:105AD0000C484FF0FF334FF0FF3210F0DFFC23781B
:105AE00043B1FFF73BFF034640B1074A0748012196
:105AF0001AF05DFEBDE81040FFF74ABF2070F9E7DD
:105B0000EF57002048340020E67305006C5C050068
:105B100070B504460D464FF0FF324FF0FF33114889
:105B200010F0BCFC104B0022194693F8280098B1E5
:105B30001868A04210D12C2303FB02110B4B4D62BD
:105B400001221A70FFF724FFBDE8704008484FF4A7
:105B50002032002311F03CB80132082A03F12C0353
:105B6000E3D1EFE748340020E8320020EF5700206F
:105B7000481F002008B504481EF057FB0020FFF71F
:105B8000A5FF002008BD00BF481F002010B54FF042
:105B9000FF324FF0FF330F4810F080FC0E4A0F49E0
:105BA0001468631C13600A6893420ED304F59C5377
:105BB00009330B480B60042204F01EFF034620B19A
:105BC000084A094801211AF0F2FDFFF7E1FE2046DC
:105BD00010BD00BF483400205C3400206034002039
:105BE00001740500097405006C5C0500014B5868E0
:105BF000704700BF60340020082938B505461446B8
:105C00001FD14FF0FF334FF0FF320F4810F046FC2A
:105C100029460E4D0E484FF4B0721FF0FBF82C8150
:105C2000FFF79CFE044640B90A4B0222187005F1AA
:105C30000801094804F0E0FE0446FFF7A9FE2046EB
:105C400038BD6FF01504FAE74834002060340020B6
:105C5000E8320020EF57002024740500082910B511
:105C600014460CD1094B1B7863B109494FF4B0724B
:105C70001FF0D0F8074B1B892380002010BD6FF068
:105C80001500FBE76FF00100F8E700BFEE570020BA
:105C9000E832002060340020014BD868704700BF14
:105CA00060340020074BA0F13C029A4206D8064916
:105CB000042241F80C0F054804F09EBE6FF0150059
:105CC000704700BF44510100603400202E7405006D
:105CD000F8B500AF2448254D1EF01EF9244925488B
:105CE0001EF097FA4FF46173EB6004F0F1FF044685
:105CF00040B1214A0346214801211AF058FD2046AF
:105D0000BD46F8BD1AF08BFE044610B11C4A03468E
:105D1000F1E72B681B4E1C48336003F59C53083396
:105D2000294604222B6004F067FE6B681748294659
:105D3000013341F8043F042204F05EFE6968EB6819
:105D400030686D468AB06A46114ECDE907130523C7
:105D5000CDE9056042F8103F084823464FF423512F
:105D600004F08CFAAD46CAE74834002060340020C5
:105D7000CD5A0300481F0020387405006C5C0500F4
:105D80005A7405005C340020017405007574050028
:105D90008074050008B512F053FB40B1064A034673
:105DA000012106481AF003FD6FF0040008BD044B02
:105DB00001221A70FAE700BFCC740500D45B05001D
:105DC000F05700202DE9F0431F462C4B8BB01B7879
:105DD000DDF84C9080460D461646002B4AD018221E
:105DE000002104A81FF03DF8002302934FF6F8723B
:105DF0004FF400634FEA0944B2EBC50F05934FF629
:105E0000FF724FF4885304F47C14ADF80C3044F066
:105E100060744FEAC50338BF1346ADF80E3044F046
:105E2000090402AB2A46414603A8069412F0FCF985
:105E3000034688B1124A134801211AF0B8FC6FF0EA
:105E40000C04029808B112F0B1F903A81EF001FE8B
:105E500020460BB0BDE8F083129B009321460298C8
:105E6000CDF804903B4632461EF0D0FD0446002893
:105E7000E5D1E6E76FF00A04EAE700BFF05700203B
:105E8000E6740500D45B050038B50C4B1B7804465E
:105E90000D467BB112F082FA58B101210346084A3F
:105EA00008481AF084FC2046294619F04EFA6FF093
:105EB000040038BD6FF00A00FBE700BFF057002078
:105EC000FF740500D45B050010B50A4B00211A468B
:105ED00093F8284034B11C68844203D12C2303FB7F
:105EE000012010BD0131082903F12C03F0D100205D
:105EF000F7E700BF9438002002460B46014810F037
:105F0000CDBA00BFF4390020014810F039BB00BF02
:105F1000F4390020014B1860704700BF9038002012
:105F200010B54FF0FF304FF0FF31FFF7E5FF034BA7
:105F30001C88FFF7E9FF204610BD00BFD85700209E
:105F4000044B054800211970044B102219701EF0F3
:105F500088BF00BFF2570020F3570020F157002000
:105F6000F8B507460D464FF0FF304FF0FF311646AB
:105F7000FFF7C2FF3846FFF7A7FF044638B9204BAA
:105F80001A4693F8281049BB2C2303FB042423460C
:105F9000294643F8047B05F1200251F8040B43F82D
:105FA000040B9142F9D1174B154917481E80012562
:105FB0004FF4B07284F828501EF02CFFFFF7A4FFB6
:105FC000114832460821FFF717FE0446A8B10F4AD0
:105FD000034629460E481AF0EAFB0EE00134082C6D
:105FE00003F12C03CDD1FFF78FFF0A4A084823465F
:105FF00001211AF0DCFB6FF01B042046F8BD00BF46
:1060000094380020D857002030370020467505000E
:10601000BC5C05002A75050010B54FF0FF31044641
:106020004FF0FF30FFF768FF2046FFF74DFF0446B3
:10603000C8B12021043019F088F900230C4984F8F4
:106040002830236063624FF4B0720A481EF0E2FE0B
:10605000094B1C88FFF758FF22460648BDE8104050
:106060000821FFF7C9BDFFF74FFF6FF0010010BD1A
:1060700094380020D0350020D857002070B54FF05C
:10608000FF304FF0FF31FFF737FF0025104C2E4651
:1060900020462021013519F058F9082D84F8246094
:1060A00044F8046C266204F12C04F1D109490A4831
:1060B0004FF4B0721EF0AEFE084B1C88FFF724FFB1
:1060C000224629460448BDE87040FFF795BD00BF51
:1060D000983800209438002070340020D8570020D1
:1060E0002DE9F04F03298BB0054602AF14461E463A
:1060F00004D8012E77D86FF00B0053E090F80080A1
:106100004378B8F1000F51D1A42B20D10429F0D04D
:106110000279072AEDD10B29EBD98349053019F013
:1061200004F9824B40B1012E83F80080E3D96A2341
:1061300023708223637008E001221A707C4B964220
:106140001870D8D990232370607002202AE0842B25
:1061500040F0E480754B1B7813B9012E0FD8CAE7C5
:10616000112EC8D97348724D1021FFF78DFE40B132
:10617000714A724801211AF011FB85F800806923E9
:10618000D6E701232B706B4B224603F1100153F825
:10619000040B42F8040B8B42F9D1902323740023A3
:1061A000637412202437BD46BDE8F08FB8F1800F2C
:1061B00040F0B480102B40F0B180042999D00379CD
:1061C000182B96D11C2994D9584B1B782BB1584BBE
:1061D00093F800B0BBF1000F09D1594A574802218A
:1061E0001AF0DCFAB9E7672323700023A2E7D0F89E
:1061F0000580D0F8099000224FF0FF304FF0FF31BA
:1062000098FA88F81A70FFF777FE4046FFF75CFEB1
:10621000824678B94B4A4948434602211AF0C7FAE8
:10622000FFF772FE484B1B68002B96D041460020BA
:10623000984792E73F4B99FA89F907F1080203F171
:10624000100E186859689446ACE80300083373458B
:106250006246F6D1D5F80930BB612B783B776B7875
:106260007B770D351023019307F1080216232021B7
:1062700000950AF10400FFF7A5FD1621786007F1EB
:10628000080019F062F87B687BB3304A2B4843461C
:1062900002211AF08CFA4FF0000BDAF82450FFF7C5
:1062A00033FEBBF1000FBDD049464046FFF730FC3E
:1062B000EA468AB002AA264BC2E905380523C2E99C
:1062C000079542F8103F00231C484FF4235103F078
:1062D000D5FF1D4B1B68D54613B141460120984799
:1062E000012E7FF608AF90237EE7DAF824104945A7
:1062F00011D36D468AB002AA1648C2E9079105215A
:10630000C2E9050842F8101F0C484FF4225103F06F
:10631000B5FFAD46BFE7CAF82490BEE7012E7FF671
:10632000EAAE6D2360E700BFD5B20500F15700204B
:10633000F2570020F357002073750500BC5C050080
:1063400088750500BC75050090380020D3750500E0
:1063500024760500EE75050013B51C481DF0DCFD24
:106360004FF4B07200211A481EF07BFD194A1848FC
:106370000821FFF773FC044650B1831C08D0164A6D
:106380000346012115481AF012FA204602B010BD4A
:1063900000230F4A1C4692F828100133082B0C44A6
:1063A00002F12C02F7D10B4B1B880D4A00930B48CE
:1063B000234603211AF005FA24B90A4A07480221A4
:1063C0001AF0ECF9FFF7BCFD0024DEE7F4390020F9
:1063D00094380020D85700204C760500BC5C05009E
:1063E00062760500807605004B1E59425941014BEB
:1063F0001970704704580020084B094810B5002256
:106400000C4608491A701DF0D3FE074A0748234678
:106410000321BDE810401AF0CAB900BF045800209B
:10642000781F002058070020C97605005C5B050036
:106430002DE9F04393B006AF81460E461BF0DBF921
:10644000037804463D1D032B39D8DFE803F0023200
:1064500034362A492846FAF7EDFEA3790595627885
:106460000492A2780392E2780292227901926279F0
:10647000009207F11008224A1E21404613F0A2FDA7
:106480001EB36C468AB006AA1E4BD661C2E9053817
:106490004FF4007313841C4B42F8103F00234FF459
:1064A00012511A4803F0EAFE3437A546BD46BDE84E
:1064B000F0831749CEE71749CCE71749CAE7174ACF
:1064C0000A21284613F07EFDC7E7154915481DF03F
:1064D0006FFE48461CF085F86C468AB006AA124B3F
:1064E000D061C2E905384FF400731384064B42F8BB
:1064F000103F4FF413513346D3E700BFDD7605005C
:10650000FF76050022770500040000015C5B0500B2
:10651000E4760500EB760500F576050024A6050077
:1065200058070020781F002039770500F0B5254D69
:1065300097B006AEB5F854104023324605F114006A
:10654000FFF7CEFD041E0ADA1F4A20482346012128
:106550001AF02DF948F26923ADF8183002241C4BCB
:106560001B78B3B91B4A194802211AF017F9286998
:1065700008F0CCF90022184B2A61BFF35B8F53E877
:10658000001F43E800200028F9D1BFF35B8F17B04C
:10659000F0BD2F691822002168461EF062FC0F4BE7
:1065A000ADF80C4069463846CDE901360BF026F8C7
:1065B00003460028DBD00A4A044801211AF0F7F804
:1065C000D5E700BF0C3A00204F7705005C5B050063
:1065D0000458002064770500083A0020786205001E
:1065E0009677050030B50D4D0FCD89B003AC0FC4C3
:1065F0002B68236001240A4B0A490094224603A811
:1066000007F094FD034638B1074A084821461AF0BE
:10661000CEF8074B00221A7009B030BD0C5D0500A2
:10662000C8620500D0620500AC7705005C5B050020
:1066300003580020024B1B780BB1FFF7D3BF704704
:10664000035800202DE9F041BDF81870804611462E
:106650001C46002F3BD1013B3F2B3BD8BFF35B8F48
:106660001F4E012256E8003F002B03D146E80020D0
:106670000028F7D1BFF35B8F2FD11A4D1A4822465D
:106680001EF0C8FB4046A5F854401BF046F82946CA
:10669000286116481DF08CFD031E16DA144A1548B1
:1066A00001211AF084F8286908F030F92F61BFF34E
:1066B0005B8F56E8003F46E80072002AF9D1BFF32D
:1066C0005B8F6FF00D00BDE8F0812046FBE76FF0B7
:1066D0000600F8E76FF00C00F5E76FF01000F2E746
:1066E000083A00200C3A0020203A0020781F0020B1
:1066F000CE7705005C5B050037B5134D13490024C8
:106700002846009406234FF4006210F0C3F9D5F830
:1067100080000F491DF0CDFD0E490F481DF02CFDE6
:10672000204607F08BF8044640B10C4A034601218D
:106730000B481AF03CF8204603B030BD094A08481F
:1067400003211AF02BF8F6E7781F0020C0A40020E0
:106750008D7805002D6503000C3A0020E6770500D2
:106760005C5B0500FD77050070B5104E337888B08E
:10677000CBB90F4D0FCD03AC0FC42B68236001259F
:106780000C4B0D4900952A4603A807F0CFFC0446A0
:1067900040B10A4A0346294609481AF008F820463B
:1067A00008B070BD35700024F9E700BF0358002021
:1067B0000C5D0500C8620500D06205001D7805006B
:1067C0005C5B050038B50E4D2B78B3B100232B7000
:1067D00007F076FE044660B110F1780F09D0094A3F
:1067E00003460121084819F0E2FF01232B702046DF
:1067F00038BD064906481DF0DBFC0024F7E700BF62
:10680000035800203A7805005C5B0500580700201B
:10681000781F0020014B1878704700BF03580020F4
:1068200010B5FFF7CFFF06F0FFFC034630B1044A76
:106830000448BDE81040012119F0B9BF10BD00BFE8
:10684000567805005C5B0500F8B5124A124B00AFA4
:106850006E468AB0012808BF134604460D466A46B4
:106860000E490795CDE905134FF40073ADF82030BC
:106870000B4B42F8103F00230A484FF4135103F02A
:10688000FDFC094B1B68B54613B1294620469847C5
:10689000BD46F8BD947805001C7305009B78050083
:1068A000040000013C5C0500783A002070B5044605
:1068B0000D464FF0FF324FF0FF330A480FF0EEFD68
:1068C000094B1A78A2421ABF1C70012600260548FF
:1068D0000FF056FE2EB129462046BDE87040FFF766
:1068E000B3BF70BD643A002005580020F0B50546DE
:1068F00087B083684C21DB689847044680BBAB684F
:106900006A461B69032128469847E0B9154F6A4635
:1069100001464FF47A7542F24F66D2E9004393FB89
:10692000F5F305FB04336B43BB4293FBF6F4B8BFAE
:106930006442A04201F10101B8BF2046032902F1DF
:106940000802EAD184B24FF470220023064810F006
:106950003FF92146012007B0BDE8F040FFF7A6BF90
:106960000024F0E7B2D9FFFF182000200B88082B85
:1069700004D0034A0348022119F019BFFFF7B6BF3C
:10698000B77805003C5C050010B54FF0FF324FF0C2
:10699000FF3305480FF082FD044B1C7802480FF0CE
:1069A000EFFD204610BD00BF643A002005580020CE
:1069B00002484FF47022002310F00AB9182000207A
:1069C00038B504461C4D28461DF0F6F940B91B4A5F
:1069D0001B48012119F0E2FE6FF01204204638BD79
:1069E000184B1C6018481DF097FA184918481DF0FC
:1069F00010FC9620FDF754FF04460028EED1AB684A
:106A00009B6863B1134A144928469847044648B125
:106A1000124A234601210A4819F0C9FEDEE76FF049
:106A20005704F5E74FF470220023094810F0D0F81E
:106A30000B4A1E230321EEE73C5805006079050050
:106A40003C5C0500783A0020643A00205FF30400C3
:106A5000182000206D690300B40A0020A879050001
:106A6000E979050010B51B4C20461DF0A5F938B991
:106A7000194A1A48012119F091FE6FF012040CE036
:106A8000A36817491B6820469847044638B1154A41
:106A900003460121114819F08AFE204610BD124C10
:106AA00020461DF089F908B9104AE2E72269A16879
:106AB000136823F4806313600B6820464FF4C022F0
:106AC0000A21984704460028E7D1094B01221A7091
:106AD000E3E700BFDC570500227A0500545B0500A0
:106AE000DE620500307A05001C5705004F7A05006C
:106AF0000658002070B53D4B1B788CB0002B71D030
:106B000000261422314607A8ADF80E601EF0A9F940
:106B10000DF10E03099302230A938023089334484E
:106B20000C2301220A218DF82C3018F01CFC04469D
:106B3000E8B94FF4FA701DF023F92E4DAB6807A9A0
:106B40005B6828469847324604460A21284818F0D0
:106B50000AFC034620B1284A2848012119F027FEE3
:106B600044B1274A25482346012119F020FE20463A
:106B70000CB070BDAB68BDF90E201B89204682FBAE
:106B8000032304A9CDE904230AF0D8FE0446002813
:106B9000EDD1DDE904321B0B43EA02531213CDE9B8
:106BA00004324FF0FF3113F1004342F100029942E9
:106BB00070EB020202D2134818F050FE049B152419
:106BC00083FB044344F61F639C42D0DC44F62063FD
:106BD00000930D4A09482346012119F0F2FD6FF098
:106BE0003C04C4E76FF00A04C1E700BF0658002068
:106BF0001C570500DC5705006B7A0500545B050047
:106C0000AA7A0500C07A0500E47A050001480FF071
:106C10003BBF00BF7C3A0020084B1A69126812047F
:106C200048BF80F0010028B19B68DB6803484FF43F
:106C3000004118479B681B69F8E700BFFC56050038
:106C400010B50020FFF7E8FF034630B1034A0448BF
:106C5000BDE81040012119F0AABD10BD7B7B0500E5
:106C6000145C0500014B1860704700BF8C3A00208F
:106C700010B50120FFF7D0FF044638B10A4A034699
:106C800001210A4819F093FD204610BD084A074823
:106C90004FF4FA73032119F08AFD4FF48042002368
:106CA00004480FF095FFEFE7BA7B0500145C050080
:106CB000D97B05004820002010B508481DF0B5FA22
:106CC0000020FFF7A9FF044628B1054A0346012129
:106CD000044819F06CFD204610BD00BF482000207C
:106CE000EC7B0500145C050037B50B4C20461DF00D
:106CF00063F878B12569A36801A95B6820469847C5
:106D000020B92B6801985840C0F340300028D4BF08
:106D10000020012003B030BDFC560500B0B500AF27
:106D2000FFF7E2FF0F4A104B041E6D4688B018BFF4
:106D300013466A460D49CDE905134FF40073ADF8CB
:106D40001C300B4B42F8103F00230A484FF4E65129
:106D500003F094FA084B1B68AD460BB120469847E8
:106D6000BD46B0BDFF7B0500037C0500077C050028
:106D700003000001145C05008C3A00202DE9F0416D
:106D80003D493E4800AF1DF044FA3D493D481DF0E5
:106D9000F3F93D4D28461DF00FF850B93B4A3C48E9
:106DA000012119F0FBFC6FF012042046BD46BDE83E
:106DB000F0814FF4B0120F21284618F0FBFA044678
:106DC0000028F2D128461CF0F7FF28B9314A304894
:106DD000022119F0E3FCE8E72F4A0D21284618F0BC
:106DE000E9FA002845D1D5F80880D8F8186086B1AE
:106DF0004FF0C0634FF0A0720D212846B047064601
:106E000050B1264A22483346012119F0D0FC3446BD
:106E1000CBE76FF05706F4E7214A224B53604FF45B
:106E200000539360D8F81C3003B31D490122284653
:106E30009847F0B9FFF758FF1B4A1C4B6D4688B0C6
:106E4000002818BF13466A461949CDE905134FF4C7
:106E50000073ADF81C30174B42F8103F0C48234626
:106E60004FF4E65103F00AFAAD469EE76FF057047F
:106E70009BE7044699E700BF416C030048200020CF
:106E80001D6D03007C3A0020FC5605001C7C0500AB
:106E9000145C0500357C0500110001007D7C0500B7
:106EA000903A00200D6C0300FF7B0500037C050079
:106EB000997C0500030000012DE9D04303780C46BE
:106EC00053B3002113F0C8F8154B002280468946C1
:106ED000F9F71AFCF9F788FDF9F782FA104B00224E
:106EE00006460F46F9F7E6FA02460B464046494683
:106EF000F9F728F90B4B0022F9F706FC3B4632461E
:106F0000F9F722F9237803F0FB03532B02D101F1A7
:106F100000431946BDE8D08300200021FAE700BFF6
:106F20000000594000004E40024883685B6A03B18C
:106F3000184770479C57050013B504468368DB6B00
:106F4000DBB19847C8B902B010BDA3681B69002B1C
:106F5000F9D001220DF10701204698470128024689
:106F6000F1D10A480DF1070119F017F89DF8073023
:106F70000A2B02D106480FF085FBA368DB6A002BC1
:106F8000E3D0204698470028DFD1DCE7AC3A002068
:106F90009C3A002008B508481CF00EFF40B1FFF7EE
:106FA000C3FFBDE80840044800220B2118F01DBAB9
:106FB0006FF0120008BD00BF1C57050038B5214D09
:106FC00028461CF0F9FE40B91F4A2048012119F05B
:106FD000E5FB6FF01204204638BD1D4C20461CF026
:106FE000EBFE08B91B4AF0E71B4B1C4A1A60002154
:106FF0004FF40072C3E90111D9601A6101221848E7
:107000001DF032F82269A168136823F4006313604D
:107010000B6820464FF4C0220B21984704460028F5
:10702000D9D1AB682BB11B6C1BB102460D49284668
:107030009847FFF779FF0C4A0448032119F0AEFB8B
:10704000C9E700BF9C570500407D0500FC5B0500BB
:107050001C570500547D0500AC3A0020075800205D
:107060009C3A0020396F0300757D05002DE9F0473B
:10707000174D2B789BB9DFF85C80D8F8003073B1DE
:10708000154C164F2668DFF8589001232B704FF4EB
:10709000097A16B12368013E1BB900232B70BDE8A5
:1070A000F0873968D8F800300AFB01F109EB0100DC
:1070B00001F59071D0F82022494498473B6801338C
:1070C00003F003033B602368013B2360E1E700BF5B
:1070D000C079002060430020C03A0020C43A00205C
:1070E000C83A00202DE9F04196B0054606AF0E469D
:1070F0000A46104612F8013B13B1303B092BF8D871
:1071000007F118034FF00008C7F81880049307F13F
:107110001403039307F11003029307F10C03019387
:1071200007F1080300933B493B1D3A4612F074FFF8
:107130000638012815D96C468AB006AA364BD661A6
:10714000C2E90535354B1362354B42F8103F3548DF
:107150004FF4225118F09FF9A5464037BD46BDE8CF
:10716000F0817B68013B0B2BE5D8B9684A1E1E2ACB
:10717000E1D8F8681728DED83C693B2CDBD8D7F873
:1071800014C0BCF13B0FD6D8BA693032602AD2D8CD
:10719000FB623B68C7F83C806433C7E9090107F12B
:1071A0001C00C7E907C43B63C7E90D8802F00EF96C
:1071B000BA690B461C490446C2FB01431B4AA24262
:1071C00078EB0303B7DAEFF31186402383F31288D9
:1071D000BFF36F8F164B1C6018F04FF9154BC3E9C6
:1071E000000186F31188BFF36F8F6E468AB006AA3E
:1071F000114BD461C2E905354FF4007313840F4B72
:1072000042F8103F07484FF4135118F044F9B546BF
:10721000A3E700BF987D0500B37D050000020103D0
:1072200004000002345C05007CFCFFFF7F009265D7
:107230005843002078200020FB7D05000400000159
:1072400038B5054D441E14F8011F01B938BDAB68AF
:1072500001485B689847F6E77C57050002460648F8
:1072600003691B6803F001039A4283684FF0010130
:1072700014BFDB681B691847FC56050013B50446AC
:10728000A368DB6A23B12046984708B902B010BD55
:10729000A3681B69002BF9D001220DF107012046DC
:1072A000984701280246F1D107480DF1070118F06F
:1072B00074FE012804D0054A0548022118F0DBF8C5
:1072C00004480FF0DFF9DBE788430020187E050053
:1072D000345C050078430020054BBFF35B8F53E817
:1072E000002F43E800010029F9D1BFF35B8F7047FD
:1072F0005C43002001480FF043B900BF6443002005
:107300002DE9F04782B000AF8846814618F0B5F805
:10731000002618EB000841F1000A344618F0ADF8D9
:10732000404571EB0A0107DB002C6DD0002E50D1D7
:1073300009F8046020465FE037480122F91D18F083
:107340004CFE012820D018F098F8B8EB00056AEB45
:107350000101012D71F10003E6DB332D71F1000114
:10736000A8BF32254FF4004C40F2E73000214FF423
:107370007A720023E5FB0C01F9F7F8FE02460B4692
:1073800026480FF0B3F9C9E7FA790D2AC6D00A2AC0
:1073900022D10CB9002EC1D0002309F80430002EF0
:1073A000C8D06D468AB06A461D4B05934FF42073D2
:1073B000CDE9063440F20243ADF82430194BCDF844
:1073C0002090194842F8103F4FF4315118F063F8FB
:1073D000AD466FF079000FE0631CB3F5207F0FD24C
:1073E000012B09F804200DD166B999F800203E2A36
:1073F00008D189F8016018460837BD46BDE8F08716
:10740000234606461C4689E7002E14BF6FF079001C
:107410006FF07300F0E700BF88430020784300203E
:10742000377E050005000001345C05002DE9F04FB2
:1074300087B06A4900AF062205461DF042FD0028CC
:1074400040F09B80222128461DF02EFD002870D0A0
:10745000461C222130461DF027FD002869D0A0EBF4
:107460000609B9F5907F06D35D4A4B465D48012178
:1074700019F09DF95DE0222101301DF015FD054652
:10748000002856D0441C222120461DF00DFD002866
:107490004FD0DFF854B1DBF80030032B02D9534A48
:1074A0000423E3E7524A1268134403F00303FB602A
:1074B000FA68041B4FF40973534314F00102BA60D5
:1074C00051D16408B4F5807F54D8DFF8288103F2E5
:1074D0001F1A05EB4402C2447A607A6895422DD1A6
:1074E00043444A46314618461DF094FCF9684FF46F
:1074F000097202FB0188002208F80920DBF800204D
:10750000C8F8204201326D468AB0CBF800206A46A6
:10751000394907944FF40073ADF82030374BCDE96B
:10752000051042F8103F2F484FF4135117F0B3FFE6
:10753000AD4601201C37BD46BDE8F08F6A783A742D
:1075400015F8022F7A7410223B6007F11401BB6812
:10755000BB74B8187B6112F02BFF79693B6807F1A7
:107560001202914203D06FF01503254A7EE70AF814
:10757000010FB2E76FF00B03F7E7DFF88880002612
:1075800058F8041B28461DF0E3FC0446B0B16C46D5
:1075900088B06A461C4B1348CDE905354FF400739B
:1075A000ADF81C30194B42F8103F4FF4E45117F07E
:1075B00072FF0020A546FFF78FFEBAE70136052EC1
:1075C000DED11349062228461DF07BFC20B9114864
:1075D000A91DFFF787FDACE72046ABE7907E0500CD
:1075E000977E0500345C0500C03A0020AF7E0500A0
:1075F000C43A0020C83A0020F77E050004000001CC
:10760000197F0500F46205003C7F050003000001BE
:10761000517F0500587F05002DE9F04FADF5237D22
:10762000044600AF8B46164698464C484FF0FF3252
:107630004FF0FF330EF032FF2CB12046FFF700FE73
:107640004748FFF7FDFD17F018FF361841F100031A
:107650007B6007F1080517F010FF7B68B042994185
:107660000ADA17F00AFF311A2846FFF749FE10F12F
:107670007A0FF0D0002809DA6FF07304FFF73AFEB2
:10768000204607F52377BD46BDE8F08F2846FFF773
:10769000CDFE81460028DED12CB121462846F9F7DF
:1076A000BFFD0028D7D02F492846F9F7B9FD2D494D
:1076B00082465846F9F7B4FD60B3594628461DF096
:1076C00047FC50BB284928461DF042FC031E18BF4A
:1076D0000123B8F1000F02D0D7F8B02232BB002B43
:1076E000B9D0224B6E468AB0002C08BF1C466A46B1
:1076F0001F4B0795CDE905341E4B08931E4B42F8EE
:10770000103F1E484FF4225117F0C5FE6FF00404DD
:10771000B546B3E7BAF1000FD4D1B8F1000F1BD0D2
:10772000D7F8B032C3B100234FF001092A7882B1F3
:10773000BAF1000F0DD03B60D7F8B03203F1FF3A39
:107740005246294640461DF0CEFB002208F80A208A
:107750003B68B9F1000FC2D000248FE764430020DA
:107760006A7F0500D7830500C9870500617F050092
:107770006D7F05000002010304000002345C050077
:1077800007B50023044900934FF4FA62FFF744FF62
:1077900003B05DF804FB00BFD783050010B5364881
:1077A000ADF5047DFFF7ECFF044640B1334A0121FB
:1077B000334817F060FE20460DF5047D10BD3148BA
:1077C000FFF7DEFF044608B12F4AF0E72F4A304B9F
:1077D0000292304A4FF40071CDE9003204A82E4ADB
:1077E00012F0F0FB04A8FFF7CBFF044608B12B4AC8
:1077F000DDE72B48FFF7C4FF044608B1294AD6E766
:1078000042F2B323284A00934FF40071274B04A897
:1078100012F0D8FB00942346254947F2305204A8C1
:10782000FFF7FAFE044608B1224AC0E7009003467B
:107830002149224843F69822FFF7EEFE044608B19C
:107840001F4AB4E71F4B204A4FF4007104A812F0FE
:10785000B9FB009423461D4942F2107204A8FFF7B9
:10786000DBFE044608B11A4AA1E70120FFF734FD08
:10787000184A03219CE700BF867F05009F7F050013
:10788000345C0500EE7F0500148005008B80050048
:10789000D26E05006C7F05005A8005009F800500B0
:1078A000B1800500BF800500268105001981050013
:1078B0003D81050048810500928105009D810500FC
:1078C000AE810500DF810500F4810500038205001B
:1078D0000A8205004382050010B50848FFF750FFF3
:1078E000044618B9BDE81040FFF758BF044A0548E0
:1078F000012117F0C0FD204610BD00BF52820500D7
:1079000070820500345C050070B50446274D28469A
:107910001CF052FA40B9264A2648012117F0ABFD67
:107920006FF01204204670BD234E30461CF044FA1E
:1079300008B9224AF0E7224B224A1C60224B00245D
:107940001C60224B1C60224B1C70224BC3E900249C
:107950004FF40062C3E902441A61012221461E4825
:107960001CF082FB1D481CF0D7FA3269B16813681D
:1079700043F0010313600B68194A214630469847CB
:1079800004460028CED1AB682BB11B6C1BB102465C
:10799000144928469847AB681B6A0BB103489847BF
:1079A000114A0448032117F066FDBBE77C57050028
:1079B000DC820500345C0500FC560500F182050000
:1079C00060430020C1790020C43A0020C03A002062
:1079D000C0790020884300207843002064430020C1
:1079E00001000A009DF404000783050008B5BFF3F9
:1079F0005B8F0E4B1B68BFF35B8F43B10C48FFF7E7
:107A0000BFFE0C48FFF7BCFE0020FFF765FC0A48EC
:107A1000FFF7B6FE034630B1084A0948022118F0C4
:107A2000C6FE17F04BFD002008BD00BF5C430020E0
:107A300023830500328305003D830500488305004C
:107A4000345C0500044BBFF35B8F1868BFF35B8F9A
:107A5000003818BF012070475C4300202DE9F04F2B
:107A6000ADF5237D064602AF0C46154699465D4BA3
:107A7000BFF35B8F1B68BFF35B8F002B00F0AC8004
:107A800040F63C739A4245D8DFF85C8101EB020B6B
:107A9000C246A3454DD100230AF81530534A544835
:107AA000CDE9009533464FF4A07112F08BFAB0F592
:107AB000A07F80F094804FF0FF324FF0FF334D48AD
:107AC0000EF0ECFC4A48FFF7BBFB4B48FFF7B8FB56
:107AD00017F0D3FC10F5FA6441F10009B84617F02D
:107AE000CCFCA04271EB09010ADA17F0C6FC211A9E
:107AF0004046FFF705FC10F17A0FF0D0002822DA9B
:107B00003E4A3F48012117F0B6FC6FF07304FFF7BF
:107B1000F1FB08E03A48009301211346394A18F076
:107B200050FE6FF00604204607F52177BD46BDE8FC
:107B3000F08F404614F8013B334A032112F042FA19
:107B400008F10208A5E798F800303E2B1FD02F4916
:107B500040461DF0FDF9B0B16C4688B002AA2C4B2E
:107B60002748C2E905384FF400739383294B42F844
:107B7000103F4FF4E25117F08EFCA546FFF7BAFB19
:107B80006FF00404CFE74046FFF750FCA7E7164824
:107B9000FFF756FBFFF7AEFB002305F2E2421E495A
:107BA000009392001846FFF737FD04460028BAD02C
:107BB000E8468AB002AA194BD561C2E905364FF4EE
:107BC00000731384164B42F8103F0D484FF41151C7
:107BD00017F061FCC546A6E76FF07F04A3E76FF0DE
:107BE0000B04A0E75C430020475B00208F83050067
:107BF000075A0020644300206A7F0500A783050020
:107C0000345C05006E8305008A830500C987050082
:107C1000BF83050003000001D2830500DA8305005D
:107C20000400000110B5402492B02246002102A8B1
:107C30001DF017F90C490D48009402AB4FF4FA629D
:107C4000FFF7EAFC18B14FF0FF3012B010BD3A2137
:107C500002A81DF029F90028F5D001301DF009F91E
:107C60006228F2D9EFE700BFD7830500038405003F
:107C700070B5EFF31182402383F31288BFF36F8F47
:107C80000B4B1C680B4BD3E9005682F31188BFF3F2
:107C90006F8F5CB117F0F1FB401B4FF47A724FF01D
:107CA000000361EB0601F9F711FA0444204670BDA8
:107CB000584300207820002030B53C2593B0402464
:107CC0002246002102A81DF0CCF800942349244844
:107CD00002AB4FF4FA62FFF79FFC044630BB214928
:107CE00002A81DF035F9D8B103211F4A1F4817F02B
:107CF000C2FBFFF7BDFF014630BB40252A4602A864
:107D00001DF0AFF815491A48009502AB4FF4FA621E
:107D1000FFF782FCD8B9164802A9FFF7E3F913E090
:107D2000144902A81DF014F90028DDD14FF40040D9
:107D3000002117F0C1FB013DC1D10F4A0B480121C1
:107D400017F099FB6FF07104204613B030BD0B4A59
:107D50000648022117F08FFBF6E700BFD783050026
:107D60000A8405000082050014840500345C0500C7
:107D70004284050024840500278405004B84050007
:107D800013B50120FFF76AFA0446002848D14FF4E2
:107D90004040002117F090FB2046FFF75FFA0446B1
:107DA00000283DD14FF48040002117F085FB0023CF
:107DB0001E491F4800934FF4FA72FFF72DFC01345F
:107DC00028BB1C4A1C482346032118F0F0FC1B4822
:107DD000FFF7D6FC1A48FFF7D3FC1A48FFF7D0FC90
:107DE00020B1194A1448022117F045FB1748FFF744
:107DF000C7FC20B1164A1048012117F03CFBFFF7E1
:107E00005BFF80B902B0BDE81040FFF765BD1E2CD6
:107E1000C8D1104A0848012117F02DFB6FF07304F8
:107E2000204602B010BD6FF07104F9E7D78305005A
:107E3000898405008C840500345C0500B28405004B
:107E4000B7840500C6840500F38405002985050074
:107E50003F850500D184050010B52A4A2A48022131
:107E600017F009FB0020FFF737FA2848FFF788FCD6
:107E7000FFF732FD38B9264A2348032117F0FBFAF1
:107E80000024204610BD234A1F48022117F0F3FAB0
:107E900000214FF4C03017F00FFB0020FFF71CFA51
:107EA0001A48FFF76DFC1C48FFF76AFCFFF704FF58
:107EB00020B9FFF711FD08B9184ADDE7184A124842
:107EC000022117F0D8FA00214FF4C03017F0F4FA6D
:107ED0000020FFF701FA1348FFF752FC17F0EEFA03
:107EE0004FF48030002117F0E7FAFFF749FF04460E
:107EF00008B90D4AC0E70D4A03460121024818F0AF
:107F000056FCBEE7BD850500345C050023830500F3
:107F1000D6850500FC850500328305002586050011
:107F20004A8605003D830500748605009B86050092
:107F30002DE9F04FA5B002AF06460D467A60514BD1
:107F4000BFF35B8F1B68BFF35B8F002B00F0968045
:107F500080242246002107F108001CF082FF0094D3
:107F600049494A4807F1080344F62062FFF754FBE9
:107F7000044648B1464A4748022117F07CFA204699
:107F80008C37BD46BDE8F08F3A2107F108001CF0A0
:107F90008BFF002843D02C211CF086FF00283ED008
:107FA00000F1010A2146504612F056F880468946F3
:107FB00050462C211CF078FF88B32146013012F086
:107FC0004BF80022002382468B46F8F7DBFC0022A8
:107FD00040B3002340464946F8F7D4FC68B92E4B1D
:107FE000002240464946F8F7D7FC30B92B4B002217
:107FF00040464946F8F7EEFC10B36C468AB002AA38
:10800000274B53610623C2E906ABC2E90889214820
:1080100042F8103F4FF4425117F03DFAA5466FF079
:108020001504ACE71F4B50465946F8F7B5FC00283D
:10803000E3D11D4B002250465946F8F7CBFCCDE763
:10804000C6E900AB7A68194BC5E900891360D5E928
:1080500000896D468AB0D6E9000102AA144B53612B
:108060000623C2E90601C2E908890A4842F8103F1E
:108070004FF4435117F00FFAAD4680E76FF07F04DD
:108080007DE700BF5C430020E6860500F286050020
:1080900003870500345C0500008066C000806640F0
:1080A00053870500008056C00080564000007A4487
:1080B0008A8705002DE9F0410A4600AF0E460123EC
:1080C00015490546FFF7CAFC044608B3FFF7BAFC9A
:1080D0000346E8B9E8468AB06A4610490794CDE9F4
:1080E00005154FF40071ADF820100D4942F8101F2E
:1080F0000C484FF4125102F0C1F8C546FFF7ACFE30
:1081000030B90549012332462846FFF7A7FC04464B
:108110002046BD46BDE8F081C1810020E287050010
:1081200004000001C45C050001480EF029BA00BF3C
:108130009045002080B500AF88B06A46084BCDE975
:1081400005304FF40073ADF81C30064B42F8103F79
:10815000054800234FF4E45102F090F8BD4680BD7D
:108160001A88050003000001C45C05002DE9F041F8
:1081700084B004AF0E4690460446FFF779FD0546ED
:10818000FDF704FD2A460346CDE901681648009430
:1081900040F63C71FDF7BEFA021E08DA134813469A
:1081A0000121134A18F003FBBD46BDE8F0810E49DA
:1081B00010480123FFF752FC0028F5D06D468AB025
:1081C00004AA0D4BD061C2E905344FF40073138447
:1081D0000A4B42F8103F054800234FF4125102F0B9
:1081E0004DF8AD46E0E700BFC1810020C45C05004A
:1081F00032880500448805005B8805000400000102
:10820000F8B5164BBFF35B8F00AF53E8004F43E860
:108210000012002AF9D1BFF35B8FA1421CD00229C2
:1082200096BF0F4B0F4B53F821306D468CB06A460A
:108230000D4E099340F20353ADF828300B4BCDE9B6
:108240000564CDE9071042F8103F094800234FF4B8
:10825000525102F013F8AD46BD46F8BD84470020E8
:10826000086305008A8805009F8805000600000154
:10827000C45C0500034BBFF35B8F1868BFF35B8FD3
:10828000704700BF8447002001480EF0FBB900BFD3
:1082900080450020F8B505460E464FF0FF324FF0FE
:1082A000FF3321480EF0FAF8204B002219461C46F5
:1082B00091F8390008BB3C2303FB0244FFF7D8FCCC
:1082C0002060FDF763FC00276060257267723EB195
:1082D0002F22314604F109001CF005FE84F83870A5
:1082E000012384F8393005F0FD05FFF71DFF042D4B
:1082F00001D1FFF7C9FF0020F8BD0132082A01F1C2
:108300003C01D5D1094C0122186C61683C33013223
:10831000884238BF1C46082AF6D1054A0548022182
:1083200017F001F9CAE700BF90450020A4450020DE
:10833000C6880500C45C05002DE9F04196B00D46E5
:1083400000AF7549044690461CF002FE0646002820
:108350006AD03A4641462846FDF710FA10F1160F4A
:1083600008D16E4A6E48012117F0DDF85837BD4636
:10837000BDE8F08186300AD16A4A6948022117F0C7
:10838000D2F8694A00213846FFF7F0FEEEE797F889
:108390002030013B062BF4D8DFE803F026040C1351
:1083A0001A2B3200002201213846FFF7DFFEFFF7CB
:1083B0006BFFDBE75D4A5A48022117F0B4F85C4ACC
:1083C000E0E7FEF779FCB0FA80F15A4A4909DAE7AA
:1083D000786A00280BDDFDF765FC40B97B6A564AD8
:1083E0004F48032118F0E3F900220121CBE7534A5B
:1083F000C8E7534A4A48022117F095F8514AC1E7A5
:10840000002201213846FFF7B1FE4F4A44480221BD
:1084100017F089F8FDF7AEFB4FF4804000211CF007
:1084200009F8012000F01EFF484920461CF090FD8D
:1084300000286CD03A4641462846FDF713FA034619
:1084400048B1434A3648012118F0B1F93B78002B76
:108450008CD0404A96E707F120053F492846F8F7B7
:10846000DFFE70BBBA8DB86A07F12E01FDF778FD0B
:108470000446202107F12E0016F067FF002C374A32
:1084800006BF0121324600213846FFF76FFE64BB6C
:108490006E468AB0B96ABB8D6A463148CDE907138A
:1084A0004FF40073ADF824302E4BCDE9050542F8AA
:1084B000103F4FF433512346194801F0DFFEB54613
:1084C00054E729492846F8F7ABFE18B9B86AFDF712
:1084D000A3FDCDE725492846F8F7A2FE10B9FDF720
:1084E000CDFDC5E76FF08504C3E76E468AB06A46E6
:1084F0001F4B0794CDE905354FF40073ADF82030DC
:108500001C4B42F8103F00234FF41151D4E7204692
:10851000FFF710FE2AE700BFEE880500F688050089
:10852000C45C050018890500368905003E890500F0
:10853000828905008B8905008E890500A6890500C2
:10854000AC890500DD890500E5890500F88905008D
:10855000038A0500228A050017A20500C6740500DB
:10856000328A050005000001298A05002D8A0500D0
:10857000568A0500040000012DE9F04FA1B004AFB8
:108580000546FFF7FDFB814660B16B4A03460121BA
:108590006A4818F00CF9FFF729FA48467437BD46C7
:1085A000BDE8F08FFFF764FB0646FDF7EFFA644C79
:1085B0008046FDF71BFBD4F800B08246BBF1000FEC
:1085C00011D1604B2360C7F840B007F140001AF0AA
:1085D00081FA034600285AD05B4A5848022118F015
:1085E000E6F8D4F800B0FDF79BFC40F63C71CDE90D
:1085F00001B0CDF800A0554843463246FCF7E2FFF3
:10860000011E02DD5248FFF755FD002D00F0BD8030
:108610000021302207F140001CF023FCFFF728FB6B
:108620003864FDF7B3FA4B4B78647B665A214FF6FA
:10863000FF7307F11800A7F8683087F86A30FCF775
:1086400097F900285BD1672387F84830D7E90623DC
:10865000C7E91423D7E90823C7E91623FB6A3B6659
:108660003B6B7B66BB8EA7F8683097F8363087F88F
:108670006A3040F63C71354807F1400216F053FE6F
:10868000011E40F382803448FFF714FD7DE01AF0AC
:108690004AFA20B1314A2948022116F044FF3B6CC6
:1086A000BBB9284B396C2360EB468AB004AA2C482E
:1086B000D36140F2013313842A4BC2E9050142F829
:1086C000103F1E4800234FF4135101F0D7FDDD4643
:1086D00087E7DA070BD4D8060BD419060BD49A0710
:1086E0000BD4214A1548032118F061F8D9E71F4B34
:1086F000D8E71F4BD6E71F4BD4E71F4BD2E73A1DF5
:1087000007F1100107F10800FFF712FC002837D12C
:108710006C2387F84830D7E90223C7E91423D7E947
:108720000423C7E916237B683B66144A03480321E8
:1087300016F0F9FE9DE700BF7E8A0500C45C0500C7
:108740007C450020D08A0500A68A0500C181002052
:108750006D8B0500000080BFE08B0500D48A05000A
:108760004C8B050004000001128B05006D8A05008A
:10877000718A0500758A0500798A0500868B0500D7
:108780007C4A7D48022116F0CEFEFEF7B3F918228E
:1087900000210546B8181CF064FBFFF769FAB861C0
:1087A000FDF7F4F9002DF86140F3C2802846F8F790
:1087B0004DFA7249F8F752FB002DD4BF0023012374
:1087C000386287F82430FFF72DFA87F825001BF070
:1087D000DCFE4FF47A72A0FB024302FB0131E40B92
:1087E0004FF47A72002344EA4140C90BF8F76EFC5B
:1087F00040F63C71B86207F118026148FCF704FFCB
:10880000011E02DD5F48FFF755FC284616F0BBFD50
:10881000041E10DD386AF7F7F5FD5B4ACDE900016B
:108820002346302107F1400011F0CCFB07F1400155
:108830000620FFF72FFD21462846FFF7E1FCDFF871
:108840004C815348DFF84CB14FF0FF324FF0FF330B
:1088500007F140060DF022FEB246C6464FF0000C6E
:108860009EF839300AF8013B63B175460FCD0BEB2A
:108870000C040FC40FCD0FC40FCD0FC495E8070033
:1088800084E807000CF13C0CBCF5F07F0EF13C0EC7
:10889000E6D1FFF749FC404C002516F8013B6BB3CD
:1088A000207814F8011C54F8053C54F8092C0028D1
:1088B00014BF20460020CDE90010314840F63C713D
:1088C000FCF700FF031E35DA344A2B48012117F06C
:1088D0006EFF4FF0FF332E484FF0FF320DF0DEFDFC
:1088E00098F8393043B154F8053CD8F804209A423E
:1088F00004BF002388F83930FFF716FC0135082D36
:1089000004F13C0408F13C08C7D141F2883016F06C
:10891000E3FD00221A4840F63C71FCF721FF021EDD
:108920007FF739AE16491E480123FFF797F832E664
:10893000002041E71B481946FFF7BCFB824698B967
:108940004FF0FF3312484FF0FF320DF0A7FD98F8BB
:108950003930002BD0D0D8F8042054F8053C9A4286
:10896000CAD188F839A0C7E70F4A0348022116F098
:10897000DAFDC3E7AA8B0500C45C050000007A4459
:10898000C1810020F78B05000F8C0500A445002055
:10899000904500209C430020A5430020228C050028
:1089A0008B8005003E8C0500578C050008B50948F2
:1089B0001BF0B2FA0122002107481BF055FB0748C3
:1089C0004FF4F07200211CF04CFABDE80840044856
:1089D000FEF79ABF9045002080450020A445002066
:1089E0003983030000487047804500202DE9F84F87
:1089F0008A4600AF002974D004680E1F361BF508A4
:108A000026F0070604EB0608B8F802B01BF0010BCD
:108A100016D1E94688B06A46334BCDE905310323C8
:108A200042F8103F31485B464FF4C25101F026FC3A
:108A3000CD468BF31188BFF36F8F0423184602DFF6
:108A40002946204616F079FD284434F83030C01A03
:108A5000854217D0E94688B06A46254BCDE9053AEC
:108A6000032342F8103F214800234FF4C25101F084
:108A700005FC0023CD4683F31188BFF36F8F0423D9
:108A8000184602DFB8F8023023F00103A8F80230DC
:108A90002946204616F051FD05EB000804EBC803FB
:108AA0005B88DA0708D44146204616F08FFD42461F
:108AB0002946204616F0CFFDA65BAE1B04EBC6038D
:108AC0005B88DB0709D43146204616F07FFD2A4635
:108AD0003146204616F0BFFD35462946204616F0A1
:108AE00031FDBD46BDE8F88F118D05007C5C0500A9
:108AF000E88C05002DE9F04F91B08407009302F057
:108B000004030293C2F3C20303F10103DDF868A07A
:108B1000039205460E46059340F09D81041D0028F2
:108B20004AD101F00706341DC6F10806009B002754
:108B30005A1E4FF004084FF0FF3301930497B946D3
:108B4000BB4643460DB1009921600598002800F30B
:108B5000D78090480099814203D38F488142C0F06A
:108B6000CF80039911F0020CA4EB050040F0D680F1
:108B7000B9F10F0F00F2CF80002D00F0D68009F17F
:108B800040010DEB010EC0F3870001990EF8200C97
:108B90000EF8101CBCF1000F00F0C38060F07F00E5
:108BA0000EF8200C013709F10109C5F10801043460
:108BB00006914FF6DA7E8CE00729B7D86FF01B00DC
:108BC00011B0BDE8F08F7A285BD84B280FD8472822
:108BD00057D829282ED8252850D052D8202818BF59
:108BE00023280CBF4FF0010B4FF0000B71E04C3805
:108BF0002E2846D8DFE800F06D45454545454545FA
:108C000045454545484545454545454545564548FD
:108C1000485656566D486A456D4518481845457F73
:108C20007C48454548457C0000204FF0000B4FF044
:108C3000040835E02A38C0B2012101FA00F010EA38
:108C40000E0F46D110F0625C2CD110EA010B40D01F
:108C50006046013C4444B4FBF8F408FB04F425B13D
:108C6000A3EB050CA444B445A8D8002870D00599FE
:108C7000013905915AF8041B009163E70199013904
:108C800001914FF0000B24E012F8010C6C2834D154
:108C900012F8023C00206C2B8346C8D14FF0080824
:108CA0004346D6E70AF1070A2AF0070A0734FAE82A
:108CB00002BC24F0070435B106982044B0423FF6C8
:108CC0007DAFC4E900BC08344FF0000B4FF008083A
:108CD000434612F8010F002853D0BBF1000F7FF478
:108CE00072AF2528F5D1019B013301934FF0010BA1
:108CF0004FF00408ECE7584697E700208346A8E7C2
:108D0000039988077FF551AF601B4FF0010CB0F558
:108D1000007FFFF42DAF6FF0150051E74FF0000C0E
:108D2000F5E70498013004903DE7BCF1000F01D055
:108D3000013638E70298023600287FF434AF0098F5
:108D4000CDE90632F8F77EFADDE9063206442AE775
:108D5000042B08D10AF1040015B1DAF800102160E3
:108D600004348246B5E70AF1070323F0070303F151
:108D7000080A1DB1D3E90001C4E900010834082341
:108D8000A7E7631BB3F5806FC5D23DB9A6F1080410
:108D9000E01815E7D455050034B50500029A28609F
:108DA0009B082B709DF81030AAB1EB70AF702FB1FB
:108DB00008A80022C5F1010C91450ED1C5F10103AF
:108DC0000DF120084FF0000A01930DF1300BD14551
:108DD00012D1601BF4E66B70E8E710F8013B19064E
:108DE00008D50CEB040EB64503F07F033FF6E6AE64
:108DF00004F8013B0132DFE71FB198F90020002A97
:108E000017DB029BD3B11AF80B2004F8012B0022C8
:108E1000019B18191044B0423FF6D0AE98F80000FC
:108E200004F8010B0099039220461BF0F3FF039A0C
:108E300014440AF1010A08F10108C8E798F8002073
:108E400055F822300093029B45F822300098F8F73D
:108E5000F9F9421CDCE76FF00D00B1E62DE9F04FA7
:108E600097B000AFC7E90A3205468A4649B9037888
:108E70004678807800EB83002844564524D8A0EB40
:108E8000050AD7F8803095F80280D7F8804003F0C3
:108E90000103FB61EB787B62B8F1000F0CBF00248B
:108EA00004F001041BB1D7F880309A0715D4A4B997
:108EB000FB6A1BB1BA6A5146284698475646304667
:108EC0005C37BD46BDE8F08F441C2046F8F7BAF980
:108ED000013020440AF1010ACFE7D7F88030C3F30C
:108EE000C0033B622B78BB619B003B616B687B617D
:108EF000BB6905EB830BFB6A002B77D15646D84440
:108F0000BCB11C461BF8013B55F82300F8F79AF951
:108F1000D7F88430013043B1D7F88830A34282BFFC
:108F2000D7F8843023F814000134C3450644E9D14E
:108F3000D846D7F8803013F0050F0CBF4FF0020B66
:108F40004FF0010B4FF000097B6A9945B7D298F8B2
:108F5000013055F823A0AE4B9A4508F10208C0F045
:108F60004B81AC4B3A6A9A452CBF002301230AB3CC
:108F700018F8021C7869FB6216F042FCFB6AC8B163
:108F8000EA468AB06A46A44B05937B69CDE906316F
:108F90004FF40073ADF82030A04B42F8103FA048CA
:108FA00000234FF4125101F069F9023ED54609F150
:108FB0000109C9E723B1FB6933B9A6EB0B06F6E754
:108FC000D7F880309B07F2D55046F8F73BF9D7F831
:108FD00084304BB1D7F888309C423FBFD7F884200B
:108FE000431C22F8143001340644E0E7002C69D118
:108FF000B8F1000F6CD0D7F8803058076BD5C14658
:1090000007F14800424659461BF004FF0BEB0803EA
:10901000FB6000220233796A8A425ED3D7F880204F
:1090200095F801B0F969920704EB0B03DBB254BF6A
:109030004FEA59020022002940F0A680D7F880109C
:1090400011F0040F14BF494600216B70A970EA703B
:109050003969BA6AFB6A28469847061EFFF62FAFA1
:10906000BB692B707B6AEB704946BA6AFB6A85F86C
:1090700001B085F8028007F148009847B0F1000977
:10908000C0F2B6803B697A6A786A03EB4201FB68FA
:10909000BA6A414403EB4000AAEB0101FB6A98471E
:1090A0000028C0F2A780B14409EB00064FF0000B86
:1090B00007F1380AA34569D30021BA6AFB6A08465A
:1090C0009847FCE6444607F138004FF0000999E75D
:1090D0004446C1469AE7A14698E713F8016CDFF8C9
:1090E00030C155F8260013F8021C6045C0F08A8094
:1090F000DFF820C16045386A2CBF4FF0000B4FF0FD
:10910000010B38B17869C7E9013216F079FBD7E96C
:109110000132F0B9BBF1000F1ED0F96949B1611CF1
:1091200004F1280007F13004041904F8206CCCB2D3
:109130000FE0D7F8801049070BD509F1280007F197
:10914000300C09F1010100EB0C0909F8106C5FFA11
:1091500081F9013202335EE7D7F880008007DED460
:1091600009F1280C07F1300EF44409F101000CF864
:10917000101C07F1580151FA80F009F102095FFA59
:1091800089F900F8106CE4E700215EE71BF80A306B
:1091900087F8373055F82390D7F884302BB3D7F8B9
:1091A00088309B4521D2D7F8843033F81B80BA6AC7
:1091B000FB6A012107F13700984700281ADB0644B3
:1091C000B8F1000F06D14846F8F73CF800F1010865
:1091D0001FFA88F8BA6AFB6A414648469847002851
:1091E00008DB06440BF1010B64E74FF00008DEE7F3
:1091F0004E4664E6064662E63B6A002B3FF4E0AE6C
:109200000023B5E6386A0028A6D04FF0000B79E7B6
:10921000D455050034B505003E8D0500040000015D
:10922000C45B0500014B1860704700BF6807002051
:1092300080B505460E46174698460DF093FF034647
:1092400002F094FBDFF81890044649F800304246DB
:1092500030463946A84754F8090002F023FB00BF06
:109260000800000008B50446EFF31183402383F3A0
:109270001288BFF36F8FEFF3108372B60AF0E4FC2D
:10928000204602F03FFE034816F0DBFA17F0E6FE38
:10929000FCE700BFF28D05002DE9F043DDF81CE08E
:1092A000DFF8208100273C463E46764526D3D4BBD6
:1092B00014600020BDE8F0830135754531D013F806
:1092C00005C0BCF1200FF7D0AEEB0509B9F1010FD5
:1092D00016D0BCF10D0F13D103EB050999F80190DD
:1092E000B9F10A0F1BD0B54205D1BCF13D0F0AD12F
:1092F0000137022F0AD96FF01500DBE73546DCE7AE
:10930000BCF10A0FEEE71CF0800FF4D118F80C60E6
:109310007F2EF0D03F2E01D8002FECD101346E1CEF
:10932000C3E72E46C3E704F007054FF0060CE40838
:109330000CFB05F50CFB04F40735E41B04EBD5042A
:1093400070B18C420CD80027DFF878E0DFF8788025
:109350001E44014603253C46B34205D10C1AA7E73B
:1093600014606FF00B00A5E713F8019BA9F10A0C3C
:109370005FFA8CFCBCF1160F04D828FA0CFC1CF028
:10938000010FE9D11EF809C00134BCF1400F08BF3C
:10939000013D0CF03F0C042C4CEA8717DCD17DB169
:1093A0003C0C012D0C7002D101310024D4E7022DB8
:1093B0004FEA17244C7016BF8F7002310331F4E767
:1093C0002C46C9E731B30500090040002DE9F843F8
:1093D00044690569C76840F26C73E1170135E41808
:1093E00041F10001022D8CBF00230123E41A61F139
:1093F00000010029064607F1FF3751DA6FF4C77004
:1094000020184FF4C8724FF0000361F10001F7F724
:109410005DFE264B03FB0044D6E90083B6684FEAA5
:10942000E37C4FF03C0E99466346C6FB0E93A9FBC6
:109430000EC60EFB0366A30840F26D1E032D0EFB45
:10944000043302463B4434BF09206FF00200642716
:109450000544B4FBF7F499201B1B154C45431CEB4A
:10946000080C4FF0050005F10205B5FBF0F5A2FB75
:1094700004202B4404FB010146EBE87698180D4AC2
:1094800041F1000380180C4A63F10003A0FB0201C4
:1094900002FB031110EB0C0041EB0601BDE8F88361
:1094A0004FF4C87200232046B1E700BF70FEFFFFF3
:1094B000B13A02009405F5FF805101002DE9F04713
:1094C000058B0446280717460CD501290CBF45F02B
:1094D000100545F02005258387F31188BFF36F8FB2
:1094E000BDE8F087022905F0070540F0948020468A
:1094F00016F039FC052864D801A353F820F000BF0A
:10950000D994030017960300C395030085950300C3
:109510009F950300B195030001F007035A1F012A2C
:109520001FD8002221F00701062BD4F8008089B251
:10953000C4E9002209D1434603E0628B0132628311
:109540001B68002BF9D141F002012183204616F05F
:109550000AFC4FF0000900286DD041F02001218362
:1095600069E0042B0AD121F0070189B2218320464A
:1095700016F0F9FB10B141F0200121834FF00008F3
:10958000C14658E02369D3F80090238B23F00703EA
:1095900043F0060323834FF0000846464BE023695F
:1095A000D3F80490238B23F0070343F00403F1E77F
:1095B0002369D3F80890238B23F0070343F00503B6
:1095C000E8E74FF00008C146E7E7012243F008034F
:1095D000238387F31188BFF36F8F002A3BD1B8F143
:1095E000000F4AD1B9F1000F02D02D492046C847DB
:1095F000EFF31187402383F31288BFF36F8F238B20
:1096000023F008039BB22383D9063FD523F0100231
:10961000228303F007056669218B002EBFF67CAF1D
:109620000023D4F8008021F00701C4E9003341F0A1
:10963000010121839946238B03F0070AAA4502D032
:10964000A268002AC1D1B8F1000F02D1B9F1000F10
:10965000DAD00022BAE7A1680029C0D00D6800293D
:10966000BDD04F68334652462046B8471DB12B68DF
:1096700029461D46F3E72B46FAE741463346524654
:109680002046D8F8008016F09AFBA8E79A067FF5E6
:1096900023AF23F02002228303F0070527E700BF52
:1096A000EBFD040037B504460821C06A124D16F0E0
:1096B000C6FD00234FF6FF72ADF804306368ADF8C5
:1096C00000208DF80620E26819182B401344181A60
:1096D00060606846ADF8021016F009FD6946204644
:1096E00016F0CCFD211D204616F0D9FC63682B40F6
:1096F000A36003B030BD00BF0000FFFF2DE9F743BA
:109700000F4681460821C06A144D16F098FD3C684A
:10971000241A80463C6004EA0506B4421CD3A0B279
:1097200010B903B0BDE8F08308236A4621464846D5
:1097300016F07CFC0028F4D16946A0B216F06BFD4F
:1097400038B1BDF80230BDF804203C602E4013440F
:109750001E44A4EB0804E0E70020E2E70000FFFF5E
:109760002DE9F04704468AB000F1140738461AF094
:10977000D3FBA06A8368DB689847E06250B99F4AD0
:109780009F48012116F098FC6FF0150528460AB095
:10979000BDE8F087A06A8368DB6898470368013BEF
:1097A0001F2B01D9974AEBE7E368B3F5803F08D94F
:1097B0004FF4803200929248934A012117F001F849
:1097C000E2E7A06A216807AA19F0C8F808B18F4A31
:1097D000D6E7E5682DB1089BB5FBF3F203FB125504
:1097E0000DB18B4ACCE7238A012B01D8894AC7E700
:1097F000E36A029593F805804FF0FF334FF0FF3294
:1098000038460CF04BFEE06A082116F018FDA94618
:109810000646238A1FFA85FA534544D8238A4B45C6
:1098200000F02D8153450BD1029908234246891B34
:10983000204616F009FC18B902A9204616F02FFCA4
:1098400002A92046FFF75AFF0546002840F0B280E3
:10985000029961604FEA11494FEA0949C4F808903A
:10986000A3688B420DD8082303AA204616F0DEFB1E
:10987000B8B903AB13F8012B904532D10130082859
:10988000F8D1636802A96FF30F032046029316F024
:1098900006FCE36802994246204616F0D5FB0028F4
:1098A0003CDA054686E0E1682B04891B13FA81F156
:1098B000424608232046029116F0C6FB78B102A961
:1098C000204616F0ECFB09F10109029908234246F3
:1098D00020461FFA89F916F0B7FB00289ED0013503
:1098E00097E7A08803A916F096FC626810B9911B4F
:1098F0006160B5E7BDF810A0BDF80E10E06AC4F8CD
:109900000890514416F09BFC48448242A060EED17E
:10991000BAF1000FEBD06FF01C054BE000F08B802C
:1099200063684FF6FF7906EB0308E368CDF808801B
:109930001FFA88F29B1B9A4223D3374A30480321EF
:1099400016F0BAFB6168204616F0B8FB014680BBF2
:109950006368324AE06813400344A3EB4603636044
:109960001340A360204616F02AFD002899D1E36831
:10997000A288A3EB46039A421CD1204616F09BFC1A
:109980008FE7082305AA4146204616F04FFB002822
:1099900087D105A91FFA88F016F03DFC38B1BDF853
:1099A00014304B4503D1BDF81830002B6AD0B044B9
:1099B000BBE70D4638460CF0E3FD002D7FF4E6AE24
:1099C0000123A374E268238A0D4800920321144AFC
:1099D00016F0F7FE63689AB200920948114A1B0C10
:1099E000032116F0EEFEA3689AB2009204480E4AD4
:1099F0001B0C032116F0E5FEC8E600BF3A8E0500F9
:109A0000F45B05005C8E0500798E0500A28E0500D2
:109A1000BA8E0500CE8E0500408F05000000FFFFC6
:109A2000F18E0500088F05001A8F0500E26AA36811
:109A300012681344A360D4E901318B4208D95B1A40
:109A40004246204616F000FB0028FFF62AAFEDD173
:109A50006168E36801EB46029A4288D1124BA06824
:109A600001EA0302904282D0204616F027FB00282C
:109A70007FF417AF62680C4B1A40A26077E76FF073
:109A80002C0597E7094A0A48032116F015FB63687D
:109A900002A96FF30F032046029316F000FB029910
:109AA000204616F00BFB60E70000FFFF2B8F050040
:109AB000F45B05002DE9F04F1E46837C95B004460B
:109AC0008946904653B96B4A6B48012116F0F4FA67
:109AD0006FF00C05284615B0BDE8F08FC26A08216A
:109AE000104616F0ACFBB1B20190104616F0A7FB81
:109AF000E368019AA3EB820383420746C0F0B68075
:109B00001EB1B8F1000F00F0B180D4F804A0CDF878
:109B100010A005AA04A9204616F007FC0546002857
:109B2000D8D1BDF814304B4507D0DDF810A06368DC
:109B30005345EED1002E39D1CCE705A91FFA8AF0A2
:109B400016F069FB0028F0D0BDF8183066B3B342B8
:109B50002CD14FEA1A43BDF816A0CDF800801B04A3
:109B60009A44E36A1B685B4203F020030293B34606
:109B7000029B5B4528BF5B460CAA514620460393D7
:109B800016F054FA00284DD1039B00981A460CA9F0
:109B90001BF07AF950B9039B009ABBEB030B1A44F4
:109BA0009A440092E4D195E7002B93D0002F3CD14A
:109BB000BA4604F1140B4FF0FF324FF0FF33584612
:109BC0000CF06CFC238A9D424DD0D4E901320AEBA3
:109BD00002018B422ED39BB263B3FF23ADF81E204C
:109BE000002118220CA88DF82230ADF81C90ADF899
:109BF00020601BF036F90CA92046CDE90E8616F040
:109C000028FB074648B907A816F071FA07A92046AD
:109C100016F034FB074600B9374658460CF0B0FC46
:109C20003D4657E7C2DC054654E7019B1F441FFA37
:109C300087FABEE72046FFF735FD3DB9ADF8249021
:109C4000CDF82880ADF82C608DF82E5009A920465B
:109C500016F0B5FB07460028DFD19DF82E30013500
:109C6000002BAFD0D8E76FF01B07D6E76FF01505D4
:109C700030E700BF268E0500F45B05002DE9FF47A5
:109C80001E46837CBDF8309004460F4690464BB983
:109C90002848294A012116F00FFA6FF00C0004B091
:109CA000BDE8F087C06A082116F0C9FAE368A3EBA3
:109CB0004003B3423AD3656801954FF0000A02AA07
:109CC00001A9204616F031FB0028E8D1BDF8083084
:109CD000BB4206D102A9A8B216F09DFA50441FFA61
:109CE00080FA019B62689A4219D0CA4515D9BDF81D
:109CF0000C30C3B1CA4516D3BDF80A10B3426FF396
:109D00000F0528BF334642462944204616F08EF9F7
:109D10000028C4D1BDF80C00C1E71D46CFE7BDF84F
:109D20000830BB42E3D06FF00100B8E76FF01500D8
:109D3000B5E700BFF45B0500268E05002DE9F0476E
:109D4000DFF85480044607464FF0010994FAA4F561
:109D5000B5FA85F509FA05F32E0108EB05156FEA4A
:109D6000030A24EA03042B7B63B158F806301B690D
:109D70006BB94644042273682846196807EA0A0743
:109D800016F09CFC002CE1D13846BDE8F08728464F
:109D900098470028F6D1ECE7CC5C050010B50F49D8
:109DA0000F4888B000221AF038FC00220023CDE9C9
:109DB000062300240E23CDE90334CDE90144094BE9
:109DC000094900944FF4407208480CF053FF0849C9
:109DD00006481AF06EFA204608B010BDF59D030043
:109DE0000825002025A1030000AD002080200020D0
:109DF0006E8F050001480CF045BC00BF400C0020F0
:109E00002DE9F047804621480F4616F037FC0646FC
:109E1000002833D000252846BDE8F087237B83B196
:109E20002368DB680BB120469847636883F8069087
:109E300023681B69D3B9636804221968204616F0A9
:109E40003DFC013610345445E8D3B8F1000FE2D0A0
:109E5000002DDFD02846FFF771FF0546002FF7D011
:109E600000214FF4A4701AF0E5FAF1E72046984774
:109E70000028E0D009FA06F31D43E2E7044CDFF8BE
:109E800014A005464FF00109DDE700BF9847002008
:109E9000CC5C0500DC5C0500014B53F820007047EA
:109EA0002863050008B5034608462BB1044A136031
:109EB00000F044FC002008BD6FF01500FBE700BF78
:109EC0006C07002010B5044C237813B903480CF03C
:109ED000D9FB0123237010BDFD900020400C002011
:109EE00010B504460B4816F0C9FB5CB1BFF35B8F9D
:109EF000094B53E8001F013943E80012002AF8D14A
:109F0000BFF35B8F05480DF051FC0548BDE81040DC
:109F10000CF0B8BB90470020944700200825002093
:109F2000400C0020064BBFF35B8F002253E8000F6C
:109F300043E800210029F9D1BFF35B8F704700BFD0
:109F40009047002070B5FFF7EDFF084C084E05461E
:109F5000B44200D370BD63685B792BB123685B6842
:109F600013B12946204698471034F1E7CC5C050030
:109F7000DC5C050010B5044C0449204615F07BFD5F
:109F8000034B1C6010BD00BFE80A002014630500ED
:109F9000884700200D4A0E48002310B513700D4A63
:109FA00013600D4A4FF400411360FFF77BFFFFF78A
:109FB000E1FF0A4B0A4918468B4200D310BD1A1A1A
:109FC0005C681211013222711033F5E7FE90002017
:109FD000790605009047002094470020CC5C0500DE
:109FE000DC5C0500014600220148002315F064BD39
:109FF000E80A0020014815F0FBBD00BFE80A002078
:10A00000024B0146186815F04EBE00BF884700207D
:10A01000014815F083BE00BFE80A002070B52A4B46
:10A020001B78002B4ED0FFF7E5FF0446002846D1F1
:10A03000264B274D1B68002B19DD1AF0A6FA4FF4AA
:10A040007A76A0FB063206FB0121D5E90020DB0B66
:10A0500043EA41439B1A4FEAD13140F2E93261EBC6
:10A060000001934271F1000101D3FFF76BFFD5E9C5
:10A07000003213F57A7342F10002C5E900320CB3E5
:10A08000BDE87040FFF7C4BF6B685B7923B12B68F4
:10A0900021461B68284698471035B542F4D3204620
:10A0A000FFF7AEFFBFF35B8F0A4B53E8001F013988
:10A0B00043E80012002AF8D1BFF35B8FB8E7064DE2
:10A0C000064EEAE7002070BDFD900020904700207A
:10A0D0000025002094470020CC5C0500DC5C0500D6
:10A0E00070B50D4D297861B90120FFF789FE0B4C41
:10A0F0000B4EB44206D3FFF791FF0028FBD101239A
:10A100002B7070BD63685B791BB1236820469B6828
:10A1100098471034EDE700BFFE900020CC5C0500AE
:10A12000DC5C050000212DE9F8430846FFF768FED6
:10A13000044648B340F267684FF0000901F016FC8E
:10A140001A4B1B4A1B58136033B11A4B1B68092B5F
:10A1500002DD19480CF096FA184F002544B120464C
:10A16000FFF7ECFD044618B94FF0FF384FF0FF3908
:10A17000FFF754FF064628B9B5B90F4842464B468B
:10A180000CF0B4FA3546E9E74FF0FF384FF0FF39ED
:10A19000D4E72B689B691BB10022114628469847DB
:10A1A0001035BD42F5D3E8E7054DFAE70800000099
:10A1B0008C47002094470020400C0020DC5C050008
:10A1C000CC5C050013B5184816F058FA174B1B78ED
:10A1D00073B1EFF31184402383F31288BFF36F8FC1
:10A1E000FFF71CFF84F31188BFF36F8F02B010BD1F
:10A1F0000F4B1B68002BF9D050B900220023CDE98A
:10A2000000230C484FF4004200230DF097FAEDE7CD
:10A210000928EBD107480DF0C9FA074802B0BDE89C
:10A2200010400CF02FBA00BF94470020FE90002091
:10A230008C47002008250020400C002010B5064B5C
:10A240001B68044698472146A060044815F0B1FCFD
:10A25000BDE81040FFF7B6BF6C070020E80A0020F9
:10A26000044A054B9B1AB1EBD30F34BF52F83100AF
:10A2700000207047445B0500CC5C05002DE9F04FE1
:10A280008FB004AFC1F34A26B8600D4690467B609C
:10A290000C0D002E61D04FF000090A234FF0040B83
:10A2A00007F1140AFE60C7E90799C7F824900093E4
:10A2B000CDF808B0CDF804A007F11C03F9684A46B0
:10A2C0004046FEF7CBFDB0F5006F03461CD36C464D
:10A2D0008AB0D8F8041004AB2448C3E9050140F261
:10A2E000FF71D9611A464FF400711984204B42F86E
:10A2F000103F20484B464FF41251FFF7BFFFA546D1
:10A300002C37BD46BDE8F08FC0F30A0604F11700F4
:10A31000184420F0070080083B60FFF763FE66F3F7
:10A320005325044680B13B68134A00F11001C7E988
:10A330000839F961CDE901AB0A230093F96807F107
:10A340001C034046FEF78AFD66F353257B68B96817
:10A350002A46204616F0D2F9D2E704F1170020F081
:10A3600007008008FFF73EFE0446EDE7838F0500F7
:10A37000040000011C5C0500CF0605002DE9F04F2C
:10A3800087B0DDE9127ADDE9106B05468846144690
:10A390009946BFB11021CDF800A03B465A46002097
:10A3A000CDF814A0FEF7A6FBB0F5006F01460BD365
:10A3B000194A1A4840F2FF73022107B0BDE8F04F76
:10A3C00016F0F5B93946384604F0070305F00704DE
:10A3D000E40044EA831444EA402444EA065406F1C3
:10A3E0001700084420F0070080080391FFF7FAFDEA
:10A3F000054640B13FB10399CDF800A03B465A460F
:10A400001030FEF777FB4B4622464146284607B000
:10A41000BDE8F04F16F072B9C28F05001C5C050054
:10A42000406820B1034BC01A40F3CF0070474FF093
:10A43000FF307047445B05000EB403B503AB014623
:10A4400053F8042B0448019301F016FC02B05DF8A8
:10A4500004EB03B0704700BF11080500CA0605D41D
:10A460008B064CBF02490349FFF7E6BF704700BFA8
:10A470006B7F05006A7F05002DE9F04F89B0984693
:10A48000159B0693DDE916A39DF85090189F059241
:10A4900004460D460493B9F1000F00F0B08007F4B4
:10A4A0008073079316F008F907F0020B02460028A4
:10A4B00074D078492046FFF7BFFF0646BBF1000F76
:10A4C00008D017F0440F6BD173492A462046FFF796
:10A4D000B3FF064407F0010353B1704B704953F8C2
:10A4E0002920704B2046002A08BF1A46FFF7A4FF18
:10A4F00007F48073002B07F0080318BF4FF0000823
:10A50000002B79D0684B694953F829202046FFF782
:10A5100093FF0546059B2BB165491A462046FFF778
:10A520008BFF0544B8F1000F05D062494246204632
:10A53000FFF782FF054460483544069B1BB15F4925
:10A54000224615F02CF9049B002B00F08E80DDF8DC
:10A5500010803946B8F1100F204628BF4FF0100880
:10A56000FFF77CFF0026B54250DC002633461AF880
:10A57000032053492046FFF75FFF0136102E4BD0D2
:10A58000710703D14F492046FFF756FF4645334632
:10A59000EDD34D492046FFF74FFFEEE706468DE726
:10A5A0004A4B1868002894D0494B4FF47A7B1B68BB
:10A5B000B5FBF3F54FF46163B5FBF0F100FB11550A
:10A5C0000BFB05F54FF03C0CB1FBF3F203FB121152
:10A5D000B5FBF0FEB1FBFCF300FB1E550CFB1311A9
:10A5E0000BFB05F50091B5FBF0F53A49CDE901E526
:10A5F0002046FFF721FF6CE707F008058AE7B8F16E
:10A60000010F0CBF2C4834484D4696E72D49204693
:10A61000FFF712FF0136A6E7304920460026FFF774
:10A620000BFF33461AF803202D49A2F120035F2BBC
:10A6300028BF2E222046FFF7FFFE0136102E0DD038
:10A64000720703D11F492046FFF7F6FEB045334697
:10A65000E8D81C492046FFF7EFFEEEE7049BB3EB7A
:10A660000803C24404937FF472AFB9F1000F0AD01B
:10A67000FB0704D50B4A0A492046FFF7DDFE3946A1
:10A680002046FFF7EBFE204609B0BDE8F04F16F07C
:10A69000B2B800BFFF8F05000390050038630500C6
:10A6A000449A0500FA8F05004C63050028900500C8
:10A6B0002E900500329005001108050079BC0300BA
:10A6C000379005003F9005003D900500A047002011
:10A6D0009C4700200C9005004708050041900500AC
:10A6E0004390050073B542F20F738B4228BF0B46AF
:10A6F00005680F4A0446052168460FF063FC63684D
:10A700000C495B6806460B22284616F066F863681B
:10A710003246694628465B6816F05FF8636806496A
:10A720005B681B22284616F058F802B070BD00BFC7
:10A7300026B10500CDB30500B1B30500074A0021DD
:10A740000123904206D8064A01B901231360054B44
:10A750001860704740085B000121F2E740420F009B
:10A760009C470020A0470020014B01221A7070472F
:10A77000FF900020014B002019607047B84700206F
:10A780000148FFF7AFBF00BF7C63050010B5064B63
:10A7900018680C46FFF780FB21460346BDE81040D1
:10A7A00002480F22184700BFB84700207C6305000D
:10A7B000F8B5094D094B0A4ED5E9004701221A7038
:10A7C0000CB92C60F8BD214630463A4600F01EF820
:10A7D000241A0644F4E700BFAC4700200091002093
:10A7E0000191002010B9074B18707047064B1B7879
:10A7F0001BB141F2883019F0C3BAA420002119F02E
:10A8000019BE00BFFF900020009100202DE9F04705
:10A81000DFF88090204E80460F46042599F80040CE
:10A82000ACB919F0A0FA3A468246414620460BF0F0
:10A8300093FB0446504619F09EFAECB101233370A5
:10A8400099F800307BB93C462046BDE8F0873A468F
:10A85000414600200BF080FB0446EEE72846FFF758
:10A86000C1FF6C1E254600200BF006FC0028EAD034
:10A870003378002BF2D1E6E7337833B1013D284637
:10A88000FFF7B0FF3378002BC8D13378002BDAD034
:10A89000DAE700BF00910020FF900020014B036029
:10A8A000002070478C63050070B5C4690D46002C0C
:10A8B0003FD0244A2379565CB3423DD0224A525CB1
:10A8C0009A423CD1A3689847002814DA022D10D090
:10A8D000032D0FD110F1860F0BD0BFF35B8F54E81F
:10A8E000003F43F0020344E80032002AF7D1BFF3EF
:10A8F0005B8F267170BD022D267101D00020F9E713
:10A90000BFF35B8F54E8003F23F0040344E80032B8
:10A91000002AF7D1BFF35B8FBFF35B8F54E8003F92
:10A9200023F0020344E80032002AF7D1BFF35B8F23
:10A93000E4E76FF05700DDE76FF07700DAE76FF0DC
:10A940008500D7E7DDB30500D9B3050070B5104B1E
:10A950001C680D46B4B10F4B196800238B4202DB13
:10A960006FF0010070BD224612F8106B864202D0D3
:10A9700001331446F2E7E06819F01EFA28B12C60A2
:10A980000020EFE76FF00C00ECE76FF01200E9E752
:10A99000700700208C63050010B588B043680293EF
:10A9A0008368C068CDE903320A680023CDE9062335
:10A9B0000C4601AA0449059317F0D4FF079808B97B
:10A9C000059B236008B010BD4109050010B5DFF8F4
:10A9D00024C086B04FF42814CDE904C4082402949E
:10A9E00004AC0194BDF82040009417F08CFD06B033
:10A9F00010BD00BF180028002DE9F0410C4B1C6869
:10AA000005460E4617467CB100F052F963682046B1
:10AA1000D3F8108032463B462946C047044600F032
:10AA200051F92046BDE8F0816FF00104F9E700BF5D
:10AA3000BC47002000230360044B5A6812B9C3E9E5
:10AA40000000704710605860704700BFC04700208A
:10AA5000014B1860704700BFBC47002030B585B07F
:10AA60000023CDE902330546019000F021F9094B9E
:10AA70001C6844B9284600F0BDF8044600F022F9ED
:10AA8000204605B030BD636820461B6801A9984781
:10AA90002468EEE7C0470020024B0022C3E90022F1
:10AAA000704700BFC0470020024B0022C3E90022CC
:10AAB000FFF7F2BFC84700202DE9F74307460C46D1
:10AAC00009B100230B601F4DDFF87C9000264D4537
:10AAD0000FD31E4B1D6885B355F8188C01AA41464B
:10AAE0003846183D15F09EFF10B3D6B914BB2E465C
:10AAF0001EE0D5F8008001AA4146384615F092FFC5
:10AB000050B116B954B92E4606E0316800224046CD
:10AB100015F088FF0028F5D11835D8E7019B236090
:10AB2000F1E731680022404615F07CFF0028DDD1B6
:10AB3000AD69D0E7019B2360D9E7304603B0BDE89B
:10AB4000F08300BFDC5C0500F45C0500C847002012
:10AB50002DE9F04784B002AF0446D7F8289078601A
:10AB60000D4616469846B9F1000F07D0D9F80010E7
:10AB700031BBD9F804A0BAF1000F28D1391D204605
:10AB8000FFF79AFF08B3D0F80C9078684346324636
:10AB90002946C847C8B16D468AB002AA124BD06197
:10ABA000C2E905344FF400731384104B42F8103F90
:10ABB0000F4800234FF41151FFF760FBAD4604E04E
:10ABC0003A1D15F02FFF0028D3D1002007E0D9F857
:10ABD000083000937868434632462946D047083704
:10ABE000BD46BDE8F08700BF8D9005000400000160
:10ABF000945C05002DE9F047DFF8A890DFF8A8A0E5
:10AC000080464FF000470026284C3D464C450DD36A
:10AC1000DAF80040002C40D0183CB8F1000F24D1E5
:10AC2000226952BBA469F5E72F46EDE7B8F1000FA2
:10AC300003D122694AB91834E8E720680022414666
:10AC400015F0F0FE0028F4D1F5E76368BB4206DD9D
:10AC5000AF4202D0AB42A8BF2B461D46EBE7EAD17C
:10AC60009047002E08BF0646E5E7206800224146CF
:10AC700015F0D8FE0028D3D1D4E76368BB4206DDC7
:10AC8000AF4202D0AB42A8BF2B461D46CAE7C9D18E
:10AC90009047002E08BF0646C4E7AF42C4D13046F5
:10ACA000BDE8F087F45C0500C8470020DC5C0500C7
:10ACB00003484FF0FF324FF0FF330BF0EFBB00BF04
:10ACC000180C002001480BF05BBC00BF180C0020E2
:10ACD00038B5094DFFF7ECFF2B785BB9FFF7E4FEC1
:10ACE00000F068F8044608B901232B70FFF7EAFF6B
:10ACF000204638BD0024F9E7119100202DE9F043EA
:10AD0000048F013499B006460F46A4B200F108083A
:10AD1000651EADB2B5F5004F47D04A2305AA2946B6
:10AD2000404615F090FC04F57F543F34A4B28146B0
:10AD3000214601230DF10B02404615F084FCB9F1C8
:10AD4000000F014610DC002810DC338FAB4209D124
:10AD500032466B1E22F8383F4FF400410223404632
:10AD6000FEF7A8FE2C46D3E7002808DC294640461B
:10AD700015F065FC2146404615F061FCE5E709F158
:10AD800060030DEB0309002309F84C3C084A0097C7
:10AD900003AB05A8CDF80C80ADF81040FFF7D8FE46
:10ADA0000028DFD019B0BDE8F0830020FAE700BF2B
:10ADB000710A05007FB50123694602200193FFF760
:10ADC000C5FD044660BB02AA01A9022015F0DAFD08
:10ADD000044610B110F10C0F22D10399B1F5803F58
:10ADE00023D2009A002394681846084484421AD358
:10ADF0000133082BF9D10E4D69612B835368AB6089
:10AE00002846D368EB6315F0C9FE044640B9094EE5
:10AE10006E602846FFF70EFE28466E60FFF718FEAC
:10AE2000204604B070BD9BB2E5E76FF02004F7E761
:10AE3000D04700205C64050008B5044814F001FD0B
:10AE4000034814F0FEFC002008BD00BFC1900500BF
:10AE5000F6900500014811F02DBB00BF7864050095
:10AE600038B5044618B90F4B0F485B6898476168BE
:10AE7000B1F5683F10D0B1F5680F0DD00B4DA94268
:10AE80000AD011F46861206807D00146084818F01C
:10AE9000F9FF00232360656038BD142219F0E1FF3B
:10AEA000F9E700BF200A0020239105002C5F5CA970
:10AEB000104D002008B520B34368B3F5683F10D1AA
:10AEC00001220368BFF35B8F53E8001F002903D101
:10AED00043E800200028F7D1BFF35B8F0DD100209D
:10AEE00008BD094A93420AD000684FF0FF324FF084
:10AEF000FF330BF0D3FA0028F1D00448F0E7044800
:10AF0000EEE76FF4E040EBE72C5F5CA9E98FFFFF11
:10AF1000EA8FFFFF08B5D8B14368B3F5683F10D199
:10AF200000220368BFF35B8F53E8001F012903D1A0
:10AF300043E800200028F7D1BFF35B8F0BD100203E
:10AF400008BD074A934208D000680BF019FBF6E7EA
:10AF50006FF4E040F4E70348F2E70348F0E700BF8E
:10AF60002C5F5CA9E98FFFFFEA8FFFFF10B5044655
:10AF700018B91D4B1D485B6898476368B3F5683F77
:10AF80002FD0B3F5680F2CD0194A934219D12368FA
:10AF900003BB18484FF0FF324FF0FF3321460BF050
:10AFA0004FFA08B923681BB90F4B13485B689847E1
:10AFB00020681422002119F054FF4FF46863636085
:10AFC00008E0B3F5680F0DD83A2B03D040F6BA620B
:10AFD0009342DED1206818F09FFF636843F03A0384
:10AFE000636010BD054AF3E7200A002023910500A5
:10AFF0002C5F5CA9104D0020499105003A00003AF1
:10B0000008B5064906484023142218F02EFFBDE873
:10B0100008400449044811F0DDBC00BF104800207E
:10B02000104D0020806405009464050008B50348B5
:10B03000034A0021121A15F0F0FF08BD800D002010
:10B04000809400200748084A084908B5121A15F0EC
:10B05000E6FF0748074A0849BDE80840121A15F0FC
:10B06000DEBF00BFC00400206C0D00203CB5050011
:10B07000B8040020C004002034B505002DE9F047D5
:10B08000064600AF0C46002936D0E9468AB0D1E921
:10B090000012A3686D462148E8464FF0050ACDE945
:10B0A0000501CDE9072348F810AF1D4842460023AB
:10B0B0004FF42151FFF7E2F8CD46D4E9031263695A
:10B0C000AD461848C5F810A0C5E90501C5E9072334
:10B0D0001348002342464FF42151FFF7CFF8CD46E5
:10B0E000E369114A0E48012115F061FBA3690F4A7B
:10B0F0000B48012115F05BFB012E07D1EFF305830F
:10B100000B4A0748103B314615F051FB21463046AB
:10B110000AF0E2FFBD46BDE8F08700BF769105006A
:10B12000745C0500A5910500D4910500E39105002C
:10B130001192050030BFFFF7FDBF00BF2DE9F041C0
:10B140000B4EDFF8308006EB0807CC1B0546324675
:10B150000949204619F05EFEA01942460021083C2C
:10B1600019F07FFE2C6707F10800BDE8F08100BFF1
:10B170000000000008000000F45C050010B5204C41
:10B180002049214815F058FFA36A990136D51E4879
:10B190001E4915F051FF1E20A36ADA0104D51A4892
:10B1A0001B4915F049FF1F20154CA36A1B0304D54A
:10B1B0001548184915F040FF2120A36A590304D50A
:10B1C0001148154915F038FF22200D4CA36A9A0347
:10B1D00004D50D48114915F02FFF2320A36ADB0386
:10B1E00004D509480E4915F027FF2420044A936A24
:10B1F0006FEA03436FEA1343936210BD1D20CBE750
:10B2000000ED00E024920500745C05003C9205000E
:10B210004F9205006992050087920500AC920500E7
:10B22000C692050070B506460D46284C28492948A7
:10B2300015F002FFA36AD9043CD52648264915F02B
:10B24000FBFE1720A36A1A0504D52248234915F0EE
:10B25000F3FE18201D4CA36A9B0512D51D482049FA
:10B2600015F0EAFEA36BA26A100409D51D4A19481D
:10B27000012115F09CFA1EB1A36A23F40043A362D6
:10B280001920124CA36A590504D51248164915F025
:10B29000D3FE1A20A36ADA050ED50E48134915F01D
:10B2A000CBFE1B20094A936A43F47F439362002339
:10B2B0002B7070BD1620C5E7A36A9B04F2D5054824
:10B2C0000B4915F0B9FE1C20ECE700BF00ED00E0D3
:10B2D000F1920500745C05000793050018930500C2
:10B2E0002B930500449305005993050074930500C2
:10B2F0008C9305002DE9F843804689461746354D65
:10B300003549364815F098FEAB6ADE0627D5344934
:10B31000324815F091FE1124AB6A1D0704D531495E
:10B320002E4815F089FE12242A4DAB6A980718D5CD
:10B330002D492A4815F080FE6E6BAB6A190646D57A
:10B340002A4A26483346012115F031FAB9F1000F97
:10B3500003D0AB6A23F08003AB62132403E0102414
:10B36000DAE76FF015061B4DAB6ADA0704D5204902
:10B370001A4815F061FE1424AB6A9B0604D51D49DA
:10B38000164815F059FE1524124B9A6AD50602D4B8
:10B390009A6A90070AD55B68190507D54146304679
:10B3A00000F036FA10B180F309880224094B9A6A3A
:10B3B000920642BF5A6A22F400525A629A6A42F0D6
:10B3C000FF029A6200233B702046BDE8F8836FF0CD
:10B3D0001506C2E700ED00E0BB930500745C0500B4
:10B3E000D193050018930500049405001C940500F2
:10B3F000329405008C9305002DE9F041684B8AB02A
:10B40000D3F8048000AF0446C8F30806002585F38E
:10B410001188BFF36F8F02F07F43B3F17F4F07D1E5
:10B4200002F00C03082B12D15E495F4815F004FEB0
:10B4300000252C460023FB71F31E092B00F28F80A0
:10B44000DFE803F00A8588818D8D8D8D8D8B100747
:10B450004CBF0C460125EDE754495348504E15F0BA
:10B46000EBFD0023FB71F36A9A0705D550494E485E
:10B4700015F0E2FD00232DE0F36A002B01DA4D49BF
:10B48000F5E7F36A5B00F5D54B49474815F0D4FD65
:10B490007369A26943F480737361BFF34F8FBFF385
:10B4A0006F8F32F8023C726922F480727261BFF3CE
:10B4B0004F8FBFF36F8F03F47F42B2F55F4F2BD1F5
:10B4C000DBB2022B28D123683C4A3748012115F012
:10B4D0006EF92368FA79DAB907F1080604F1200C4D
:10B4E00020686168324603C2083464451646F7D1C5
:10B4F0007A6A002D50D0C2F3080121B96FEA5222B6
:10B500006FEA42227A6207F108011846FFF7B6FD9A
:10B510002837BD46BDE8F081214B9A6AD2B22AB1E4
:10B52000FA1D01212046FFF7E5FE0EE09A6A12F4AB
:10B530007F4F04D0F91D0120FFF774FE05E09B6AE0
:10B54000B3F5803F96D3FFF719FE0346C2E7FA1D15
:10B550000021E7E7F91D0020EEE7194987E7194ABE
:10B56000194B18F4F87FE8468AB008BF13466A46BC
:10B570001649CDE905134FF40073ADF82030103EA5
:10B58000134B079642F8103F074800234FF4115120
:10B59000FEF774FEC5466DE76FF30802B2E700BF21
:10B5A00000ED00E07F940500745C0500AA9405009E
:10B5B000C1940500E2940500F09405000F95050084
:10B5C0002B95050051940500669405004F950500E4
:10B5D00004000001044B5A6942F010025A615A6992
:10B5E00022F008025A61704700ED00E0EFF3088096
:10B5F000EFF3098101B57246FFF7FEFE01BD00BF02
:10B60000002080F31488BFF36F8F0F4880F3088801
:10B6100009F0FCF900200D490860BFF34F8F00F0DE
:10B620002BF8402080F3118809484FF4046140183A
:10B6300080F30988EFF314800221084380F3148813
:10B64000BFF36F8F00F0B4F840DD002094ED00E010
:10B6500080C300200749D1F890200023C2F30722BD
:10B660001846934200DB7047C1F89830C1F8A0003B
:10B670000133F6E700ED00E008B572B6002383F36E
:10B680001388FFF7E7FF144B4FF0FF32C3F8802019
:10B69000C3F88420C3F88820C3F88C20C3F8902016
:10B6A000C3F89420C3F89820C3F89C20C3F88021E5
:10B6B000C3F88421C3F88821C3F88C21C3F89021F2
:10B6C000C3F89421C3F89821C3F89C2162B6BFF354
:10B6D0004F8FBFF36F8F08BD00E100E01EF0040F35
:10B6E0000CBFEFF30880EFF30980816911F8021CA9
:10B6F0000229FFD001B5724615F093FC01BD00BFD1
:10B7000040B2002807DB044A4109012300F01F0072
:10B71000834042F82130704700E100E040B2002849
:10B720000CDB4309064900F01F0020330122824050
:10B7300041F82320BFF34F8FBFF36F8F704700BFD7
:10B7400000E100E0054B420900F01F0053F8222001
:10B75000012303FA00F01040704700BF00E100E051
:10B7600040B2D30754BF023100210028ACBF00F122
:10B770006040074A4FEA4113ACBF00F5614000F05A
:10B780000F00DBB2B4BF135480F80033704700BF22
:10B7900014ED00E0044B054A23F07F039360BFF3F0
:10B7A0004F8FBFF36F8F70470060020000ED00E025
:10B7B00008B5FFF7EFFF074AD2F8883023F470038B
:10B7C000C2F88830FFF732FCFFF73CFC00F0B0F81D
:10B7D0000AF0A8FD00ED00E042F8203C009B42F892
:10B7E0001C3C0A49019B42F8183C029B42F8143C5D
:10B7F00021F001014FF0807342F8043C42F8081C2C
:10B800000023203A02654367704700BF319203006E
:10B81000094A0346906870B113F1160F006E05D007
:10B82000A0F14002934205D3834203D2814228BF54
:10B8300000207047002070475851002008B5154679
:10B840000B4A0C4B9060026F1A600E4600F0A0F895
:10B850002C4686F309880020034B98472046002198
:10B8600000220023014C20474F10050031920300B5
:10B87000585100202C4D0020014B10221A617047B6
:10B8800000ED00E0054B5A699B689A421FBF044ACD
:10B89000536843F080535360704700BF58510020F5
:10B8A00000ED00E0084B9B6883420BD1EFF305836A
:10B8B00043B1064B5A6842F080525A605A6A22F4E9
:10B8C00000425A620BF054BC5851002000ED00E0D9
:10B8D00014498A684FF030001044EFF3098C80E877
:10B8E000F01F402080F31288BFF36F8F0E4F4FF090
:10B8F00000664A698A603E60106F0C4C2060506F91
:10B900000023536780F3118804B5104600F040F817
:10B91000BDE8044002F1300090E8F01F8CF3098884
:10B92000704700005851002004ED00E02C4D00202D
:10B93000044800234021C2180133302B82F8001341
:10B94000F9D1704700E100E008B5EFF30583064A3E
:10B95000103B02EBC30152F8330049688847BDE849
:10B960000840FFF78FBF00BF7C5805000148006802
:10B97000704700002C4D0020024B034A0348012170
:10B9800000F08AB80000042000000020A464050034
:10B99000036E054A403B1360044B4021C2E901138A
:10B9A0001046012100F082B8304D002000000B1538
:10B9B00008B503461048D0F89020C2F30722013A98
:10B9C000934207D90D480E4A012114F0F0FE6FF0A2
:10B9D000150008BDC0F898300A6822F01F021A430B
:10B9E00042F01002C0F89C208A6842F00102C0F8C0
:10B9F000A0201846EDE700BF00ED00E04C5C05001C
:10BA000066950500F0B50E4685B01F460446002534
:10BA1000B5420DDA606810B397B1431E18420AD0E0
:10BA2000104A11482B46012114F0C1FE6FF0150297
:10BA3000104605B0F0BD1F28F2D921680B42EFD1A6
:10BA40002368019315F026FBA36801A90343D0B234
:10BA50000393FFF7ADFF10F1160FE7D0421C01353D
:10BA60000C34D5E78C9505004C5C0500044B052291
:10BA7000C3F89420BFF34F8FBFF36F8F704700BFA1
:10BA800000ED00E0BFF35F8F024B0022C3F894206B
:10BA9000704700BF00ED00E010B5034C0123227891
:10BAA000FFF7B0FF207010BD1291002008B50B4ABF
:10BAB00000231278FFF7A6FF10F1160F07D0084AEF
:10BAC0000021D2F89030C3F30723984200DB08BD71
:10BAD000C2F89800C2F8A0100130F2E712910020DD
:10BAE00000ED00E02DE9F0435D485E49D0F890306C
:10BAF0000C68C3F307239C4285B000F2AE80FFF7C9
:10BB0000C1FF49680022944201F10C011AD1564F3D
:10BB1000564D3C706846FEF7C1FE554C554E814669
:10BB20004FF00008C14520D13B784D490020D1F8A5
:10BB30009020C2F307229342C0F28980FFF796FF5C
:10BB4000002050E0C0F8982051F80C3C23F01F036F
:10BB5000134343F01003C0F89C3051F8043C43F009
:10BB60000103C0F8A0300132CDE7009800EB0811C6
:10BB70004FEA081CCB682340B3F5000F49D00BD81F
:10BB8000B3F5001F32D0B3F5800F37D0B3F5801F67
:10BB900014D008F10108C5E7B3F1007F42D0B3F13A
:10BBA000805F48D0B3F1807FF3D150F80C308868C3
:10BBB0004A6815F06FFA40F0887009E050F80C30D0
:10BBC00088684A6815F066FA40F0885040F43020E2
:10BBD000039001A93878CDE90123FFF7E9FE002899
:10BBE00031DA6FF0150005B0BDE8F08350F80C3085
:10BBF00088684A6815F04EFA3043E9E750F80C308F
:10BC000088684A6815F046FA40F0007040F4003049
:10BC1000DEE750F80C3088684A6815F03BFA40F0CF
:10BC20008270D5E750F80C3088684A6815F032FA0F
:10BC300040F48020CCE750F80C3088684A6815F052
:10BC400029FA2843C4E73B7801333B70A1E7C1F8E8
:10BC50009830C1F8A000013369E74FF0FF30C2E728
:10BC600000ED00E0B0640500129100200000021118
:10BC70000000F0FF00000811F0B587B007460E463F
:10BC800014460021102268461D4619F0EAF80223E6
:10BC90008DF802302A46054B019321466846CDE9CE
:10BCA00004760EF019FD07B0F0BD00BFB510050019
:10BCB00008B502480EF066F9FEE700BFC195050021
:10BCC00008B5024B1B689847002008BD3C4D00207A
:10BCD000034B044A1860937843F002039370704753
:10BCE0003C4D0020CC07002008B50649064821F04D
:10BCF0000701C1F1005202F5802213F00FFD002070
:10BD000008BD00BFB7F00020404D002070B541696C
:10BD1000867A0B4D044659B1437ADB0706D42423B7
:10BD200003FB0653DB691B689B689847002363612C
:10BD30002420214600FB0650BDE8704018F086B96B
:10BD4000700C0020024B242202FB0030704700BF21
:10BD5000700C0020827A064B242101FB02331A6A00
:10BD60001B7D1B33801A23F00303B0FBF3F07047F5
:10BD7000700C002038B5074B827A242404FB023370
:10BD8000DB69D3E901240C601568FFF7E3FF04FBCE
:10BD9000005038BD700C00202DE9F04385B00546F9
:10BDA0006846039190461C4618F0F1FBDDE90067F8
:10BDB000EFF31189402383F31288BFF36F8F6B8AEF
:10BDC000002B41D02A8A9A4225D9002200232846F6
:10BDD0000AF026FC0446F0B189F31188BFF36F8F97
:10BDE000039B002B41D032463B46684618F0F4FBDB
:10BDF000A27A264B242101FB02332046DB691B6813
:10BE000003A91D68DDE90023A847606170BB2046D7
:10BE1000FFF77CFF24E0698A4B1E6B8289F311884F
:10BE2000BFF36F8F2B7D2A8A2C6A1B3323F0030309
:10BE3000521A02FB0344154B154AEB1A9B1053434D
:10BE4000A3722B7DE372CBE789F31188BFF36F8F69
:10BE50002346424628460AF0E3FB04460028BFD1A9
:10BE60000024204605B0BDE8F0836361012300256E
:10BE70002381039B6382E27A6560294604F11800FE
:10BE800018F0EFFF63692582E360EAE7700C002099
:10BE9000398EE33870B50D4C242500B970BD037A96
:10BEA0004668002BFAD0013BDBB20372002BF5D1C0
:10BEB000C3604360837A05FB03439B6913B19847D2
:10BEC0003046EAE7FFF722FFFAE700BF700C0020D8
:10BED000024B0122C3F840250020704700E00140DA
:10BEE00048B1054B054A1B68B3FBF2F35843044BBA
:10BEF00043F0010318477047040A002040420F0036
:10BF0000605F0500BFF34F8F0549064BCA6802F416
:10BF1000E0621343CB60BFF34F8F00BFFDE700BF6C
:10BF200000ED00E00400FA0508B5054A054B136072
:10BF300010463F23536008F06FFE002008BD00BF8D
:10BF40004C4D0020FFFF010070B50B7892B0064603
:10BF50000C4607AD032B31D8DFE803F0022A2C2E64
:10BF600019492846F5F766F9059563780493A3788F
:10BF70000393E37802932379019363790093A37980
:10BF8000124A1E210AA80EF01DF810AD0AAB324667
:10BF90001C4603CCAC4210605160234602F10802FB
:10BFA000F6D120681060A3889380304612B070BD2F
:10BFB0000749D6E70749D4E70749D2E7074A0A21E4
:10BFC00028460DF0FFFFCFE7DD760500FF76050080
:10BFD000E4760500EB760500F576050024A605005D
:10BFE0000E4B402970B528BF40210D4C46181D4608
:10BFF000B04203F1020304D1002305F811300748D1
:10C0000070BD02781209A25C03F8022C10F8012B13
:10C0100002F00F02A25C03F8012CE9E71391002063
:10C02000FBB3050010B586B0094B0A480393002402
:10C03000CDE9044418F0E7F803AB0093064905483E
:10C040000A234FF4E8620AF025FD204606B010BD31
:10C05000E19505004025002040B000200146014840
:10C060000AF058BD4025002030B50378012B11D0CF
:10C07000022B21D06BB9154B0A4603F1100453F87B
:10C08000045B42F8045BA342F9D143881A0A8A7020
:10C09000CB7030BD0D4B0A4603F1100453F8045B1E
:10C0A00042F8045BA342F9D143681A0C180E4A7097
:10C0B0000870C3F30722EAE700F11003013913F80F
:10C0C000012901F8012F9842F9D1E2E70CB40500EB
:10C0D00010B515F023F918F0E6F8044608B90AF08F
:10C0E0007DFFBFF35B8F064B1B68BFF35B8F0BB10C
:10C0F0000A2098471CB9BDE810400AF083BF10BD64
:10C10000544D002038B50446084814F0E4FF0546B5
:10C1100048B1631EDBB21F2B96BF054A0021D15CDC
:10C120000C3015F047F8284638BD00BF240D00201C
:10C130001CB40500054BBFF35B8F53E8002F43E8A9
:10C1400000010029F9D1BFF35B8F7047544D0020E7
:10C150000F2810B50CD80D280CD90A4814F0BBFFD5
:10C16000044618B104210C3015F024F8204610BD07
:10C170001328F2D009B10448F0E7BDE810400220CE
:10C18000FFF7C0BF480D0020B80C0020C3681B7823
:10C19000024A0348022115F031B900BFF9950500A4
:10C1A000945B050038B5C5682B7893B9B5F80140A4
:10C1B0000F21204602F0EAFCEB78054650B90A4A06
:10C1C000118831B96FEA04506FEA10501080074AA5
:10C1D000137038BD4372012102F0EEFB2846BDE822
:10C1E000384002F093BB00BFDA5700209491002042
:10C1F00070B5C3681D78BDB9B3F801600F21304632
:10C2000002F0C4FC044638B9084A09483346012103
:10C21000BDE8704015F0F2B8294602F0CDFB20468B
:10C22000BDE8704002F072BB70BD00BF21960500F2
:10C23000945B050010B5C368B3F8014001212046A6
:10C2400002F0A4FC38B9064A064823460121BDE89D
:10C25000104015F0D3B8BDE8104002F057BB00BF46
:10C2600047960500945B050010B5C3681C88012142
:10C27000204602F08BFC38B9054A064823460121C6
:10C28000BDE8104015F0BAB8BDE8104002F03EBB62
:10C2900047960500945B050010B501210C3014F0A1
:10C2A000AAFF0378034A0448BDE81040012115F0B5
:10C2B000A5B800BF6B960500945B0500014610B55C
:10C2C000084814F00CFF0849084817F071FF031ED6
:10C2D00006DA074A0748BDE81040012115F08EB87C
:10C2E00010BD00BF740600207C08002080260020BE
:10C2F0008D960500945B050010B586B003AB002455
:10C3000000930749074805944FF0FF334FF44072FC
:10C31000CDE903440AF0BEFB204606B010BD00BFC5
:10C32000C0B70020E025002010B5084C01460622C9
:10C3300094F86F0002F042FF38B994F86F00044996
:10C34000BDE81040052202F039BF10BD40050020B5
:10C35000E1B30500024A0348012115F04DB800BFC2
:10C36000AA960500945B0500B0B50B460D8A00AF98
:10C3700004462946D868FFF733FE8AB06A46094B5F
:10C38000CDE9053440F20243ADF82430064BCDE947
:10C3900007504FF4325142F8103F044815F03FF86F
:10C3A000BD46B0BDC496050005000001945B0500C4
:10C3B00070B5C568B5F801600121304602F0E6FBB2
:10C3C000044638B90D4A0E4833460121BDE8704095
:10C3D00015F014B82B783BB9D5F80330C0F8993074
:10C3E000D5F80730C0F89D30201D4FF4803115F08E
:10C3F00007F82046BDE8704002F088BA479605006D
:10C40000945B05002DE9F84FD0F80C90018A99F85B
:10C410000040A30001338B4200AF63D96D468AB060
:10C420006A463248CDE907310523CDE905044FF4CA
:10C43000215142F8103F2E4814F0F1FFAD46BD46A1
:10C44000BDE8F88F2B4A2A482B46012114F0D6FF6D
:10C45000013699F800309E42F1DA09EB86030F218C
:10C46000B3F80150B3F80380284602F08FFB04466E
:10C470000028E7D000F1C00AB8F1000F06D06569C6
:10C4800045B91D4A1A48012114F0B6FF204602F0B2
:10C490003DFADDE7A2692B686361954208BFA3619D
:10C4A000204602F055F90AF0EDF8C5F800B0236A0D
:10C4B000ABB9C4E90755BFF35B8F5AE8003F013BB6
:10C4C0004AE80032002AF8D1BFF35B8F00212046F2
:10C4D00008F1FF3802F048F91FFA88F8CCE71D6030
:10C4E0002562E8E70026B346B3E700BFE6960500FD
:10C4F000945B0500119705002D97050037B502EBF9
:10C50000C303044608469A4202D16FF05E0010E071
:10C51000114611F8085BA54211D1038A517899425E
:10C5200009D90848084A0094012114F04AF96FF02B
:10C53000150003B030BD536898470020F9E70A465C
:10C54000E1E700BF945B0500449705002DE9F04743
:10C550000C460AF043FDE5682B78022B75D0042BBE
:10C560000AD03E4A3E48012114F048FF2046FFF71A
:10C5700091FC6FF015040EE0B4F81080B8F1020FD2
:10C580000ED8384A43463648012114F037FF20467A
:10C59000FFF780FC00240AF035FD2046BDE8F08757
:10C5A00068783E280CD1B8F1030F02D12E4A4346D9
:10C5B000E9E7EB78012B01D00A2B46D1032704E0F1
:10C5C00014F008FF0746F8073FD504F10C060121D7
:10C5D0003046D4F814A014F006FE0221304614F0C0
:10C5E0000AFE814600783E2807D1E3681B78012BBC
:10C5F00001D00A2B06D1032614E014F0EBFEC1078C
:10C6000006460FD4194A1A491A4841F2681313F022
:10C6100025F9002383F31188BFF36F8F0323184696
:10C6200002DF0226144A99F800000623214614F07E
:10C6300021FFB2070DD56369A4F81080A5EB0A05A8
:10C6400013FA85F5E560BB07A4D52046FFF736FE53
:10C65000A0E72046FFF71EFCF5E700BF0C98050099
:10C66000945B05006697050082970500A297050078
:10C67000D6970500EF9705005865050010B5012114
:10C6800004460C3014F0B7FD2146034A0078BDE89B
:10C690001040022314F0EEBE8865050073B53E48D5
:10C6A00014F032FD0446002873D000F10C05284632
:10C6B00014F0A9FD0228034603D0042847D0374AC6
:10C6C00003E0238A032B05D8354A3648012114F0AC
:10C6D00095FE13E00421284614F08DFDFF234288C7
:10C6E00006882376238AC6F30B009A42608309D01A
:10C6F0002C48009201212C4A14F063F82046FFF7E1
:10C70000C9FB12E00F2102F041FA054610B9638B14
:10C71000264ADAE702F060FA320B207621462846F4
:10C7200002F078F8284602F0F1F8214BD3F83431C2
:10C730007BB32049204817F03BFD031E29DA1F4A2E
:10C740001848012102B0BDE8704014F057BE2846D9
:10C75000022114F050FD054600783E2812D014F056
:10C7600039FE10F002060DD1154A1649164840F65A
:10C770009A4313F073F886F31188BFF36F8F032386
:10C78000184602DF114A28780423214614F072FE6D
:10C79000B4E702B070BD00BF74060020B598050074
:10C7A00020980500945B05004198050065980500F8
:10C7B000400500207C080020802600208D96050082
:10C7C000A297050087980500EF970500986505007A
:10C7D00010B5012104460C3014F00DFD2146034A2A
:10C7E0000078BDE81040072314F044BEB86505008A
:10C7F000F8B5012100AF04460C3014F0FCFC0678BB
:10C80000114A002321463046FFF778FE5F3019D1E8
:10C81000258AE0682946FFF7E3FB6C468AB06A4642
:10C820000A4BCDE9053640F20243ADF82430084BFF
:10C83000CDE907504FF4325142F8103F054814F04B
:10C84000EEFDA546BD46F8BDF0650500C99805009A
:10C8500005000001945B05002DE9F74FDFF818A1F2
:10C86000BFF35B8F80468946174600235AE8004F86
:10C870004AE80032002AF9D1BFF35B8F264644B95B
:10C880003E4A3F484346012103B0BDE8F04F14F053
:10C89000B5BD2046FFF75EFA3A4D4FF00C0B0BFB8F
:10C8A0000050438843451FD02046FFF753FA0BFB47
:10C8B00000504388344A009331484346012113F025
:10C8C00080FFBFF35B8F5AE8003F4AE80062002A0E
:10C8D000F9D1BFF35B8F002B4BD01E46304603B01F
:10C8E000BDE8F04FFFF7D6BAA74208D0204614F0B3
:10C8F000EDFB3A8AF96804F10C0014F052FC204672
:10C90000FFF728FA0C2707FB00504368ABB1B9F1D9
:10C91000000F12D12046FFF71DFA07FB005001213E
:10C920004268536803F01F00814010685B0900EB08
:10C930008300137ACBB114F063FD2046FFF70AFAA7
:10C940000C2707FB00508368002BC7D02046FFF759
:10C9500001FA784305F800902046FFF7FBF907FB42
:10C960000055A86809F08EFEB8E7C94314F05AFDD7
:10C97000E3E703B0BDE8F08F70060020FB980500E8
:10C98000945B0500584D00202399050073B5C568D8
:10C99000B5F801600121304602F0F8F8044640B9CC
:10C9A0003E4A3F483346012102B0BDE8704014F0D2
:10C9B00025BD2B781A2B00F1040619D1C378012B61
:10C9C00050D14FF48041304614F01AFD42040FD488
:10C9D000D4F88C3000936946D4F894300193204603
:10C9E00002F036FF204602B0BDE8704001F08EBF75
:10C9F0002B78BBBBB5F803302A4940F2E2425343DF
:10CA0000C4F88830B5F80520A4F89020B5F80720C0
:10CA1000A4F89220A3F5EA520C3A8A4204D9224A99
:10CA20001F48022114F0EAFCB4F89030B3F5FA7F05
:10CA300004D31E4A1A48022114F0E0FCB4F89230E4
:10CA4000A3F10A0292B240F676418A4204D9184A0A
:10CA50001348022114F0D2FC6FF48051304614F0D8
:10CA6000E1FC17E0BFF35B8F6368BFF35B8FDB0410
:10CA7000F2D52B78202BEFD194F89830002BEBD007
:10CA8000013B84F898304FF42032002304F1400039
:10CA90000AF06AF8204602F085FAA3E747960500F7
:10CAA000945B050095F03C00569905007D990500C2
:10CAB000A4990500B0B53C2800AF04461AD101F096
:10CAC00031FB6FF48071103014F0ACFC0020FFF7E4
:10CAD0002BFC054630B9124A1248012114F08CFC97
:10CAE000BD46B0BD4472002101F066FF284601F04A
:10CAF0000DFFF5E76D468AB06A460B4BCDE9053070
:10CB00000A4B079340F20133ADF82030084B42F84E
:10CB1000103F04484FF4125114F081FCAD46DFE79A
:10CB2000D0990500945B0500F19905006C7F050024
:10CB300004000001094BBFF35B8F1A68BFF35B8FE2
:10CB400002F00B02BFF35B8F53E8001F43E80020A5
:10CB50000028F9D1BFF35B8F704700BF1406002097
:10CB600010B5C1E900239DF808300B720C46FFF7A1
:10CB7000F1F8034B0C2202FB00335C6010BD00BFD8
:10CB8000584D0020F8B502460B46104814F0A3FAA1
:10CB90000446C0B104210C3014F0F2FA2046FFF72D
:10CBA000D9F80B4D0C2707FB005000264680204685
:10CBB000FFF7D0F807FB005086602046FFF7CAF861
:10CBC00007FB00556E602046F8BD00BF000D002039
:10CBD000584D002010B592B00446074948226846D7
:10CBE00018F018F9112C9BBF12AB03EB8404034817
:10CBF00054F8480C12B010BD205D050036890500C0
:10CC0000034B0146D3F84C0182689268104700BF7D
:10CC1000400500202DE9F04F91B0042100AF4A48B3
:10CC200014F0EEFB6D4688B06A46484B0593484BBE
:10CC300006934FF40073ADF81C30464C464B42F857
:10CC4000103F4648464E4FF4E65114F0E8FB454B82
:10CC5000E17907F12008AD46012998BF1E464046FC
:10CC60002146FFF771F98AB06A463F4BCDF81C8028
:10CC7000CDE905363D4B08933D4B42F8103F374810
:10CC80003C4EDFF8F4804FF4235114F0C8FBA24669
:10CC9000AD460125E3799D420AF1070A3BDB94F892
:10CCA00070502846FFF796FF6E468CB0B4F87210AD
:10CCB000B4F876306A46DFF8C4C00993CDE907516D
:10CCC0002F4B4FF40075CDE905C0ADF828504FF457
:10CCD000535142F8103F214814F0A1FBB54694F897
:10CCE00071603046FFF776FF8AB0B4F874306A4658
:10CCF0002449ADF82450CDE90763234BCDE9051055
:10CD000042F8103F15484FF4335114F088FB443774
:10CD1000BD46BDE8F08F51463846FFF715F9E946A4
:10CD20008AB06A4640F20133CDE905650797ADF850
:10CD300020300A4842F8108F4FF4135114F06FFB63
:10CD40000135CD46A6E700BF14060020119A050064
:10CD5000239A05004005002003000001945B0500B4
:10CD60000D9A05006C7F0500279A0500000201035B
:10CD700004000002369A050004000001479A0500ED
:10CD800006000001859A0500050000010048704773
:10CD9000BE7405000149024817F00ABA6C08002069
:10CDA000E025002070B505460C4639B1CB684A69CC
:10CDB0009B1A032B0ED86FF0150509E04FF0FF30DA
:10CDC0004FF0FF31FFF7DEFE044618B96FF068053B
:10CDD000284670BD2046FEF7BDFF174B0C2202FB14
:10CDE0000033A618032130465D8014F0EBF905806E
:10CDF000238A033B83700121304614F0EBF940F69F
:10CE000035439D420FD12046FFF7FAFE0546002824
:10CE1000DED00A4A03460121094814F0EFFA204601
:10CE2000FFF738F8D4E70748214617F004F9002542
:10CE3000FFF7B0FFCCE700BF584D0020AC9A0500CB
:10CE4000945B05007C0600202DE9F04784B0804605
:10CE500000AF91460C4671B94FF0FF304FF0FF31F3
:10CE6000FFF790FE044660B96FF06805284610375A
:10CE7000BD46BDE8F087887AFEF764FF3C4B8342ED
:10CE80006FD101220021384617F0EEF82046FEF758
:10CE900061FFDFF8E0A00C2303FB00A087602046C1
:10CEA00014F048F901464046FFF77CFF054618B1EB
:10CEB0002046FEF7EFFFD9E74FF4A02200233846C3
:10CEC00009F014FC064690B14FF4F1732A4A2B493D
:10CED0002B4812F0C3FC2B483246414612F0BEFCF0
:10CEE00085F31188BFF36F8F0323184602DF2046B6
:10CEF000FEF730FF0C2358431AF800605EB36D460E
:10CF00008AB06A46204B0796CDE905381F4B089337
:10CF100040F20243ADF824301D4B42F8103F1D484B
:10CF20004FF4325114F07BFA2046AD46093EFEF72D
:10CF3000B1FF092E0CD8DFE806F0050B0B08170B24
:10CF40000B0B0B146FF06E0590E76FF00C058DE77F
:10CF50006FF004058AE7B9F1000FA9D0C9F80040C5
:10CF600084E76FF0150581E76FF00B057EE700BFE2
:10CF7000000D0020584D0020A2970500CE9A050014
:10CF8000EF970500D79A05001C9B05006C7F0500F4
:10CF900005000001945B050073B506460D4601AA25
:10CFA000002142F22F00FFF74FFF044638B1154A27
:10CFB0001548012114F020FA204602B070BD0198F6
:10CFC000C368B3F801203280B3F803302B80FEF73A
:10CFD00061FF3388A3F11B02E02A04D90B4A0A48F7
:10CFE000022114F00BFA2B88A3F5A47292B244F23A
:10CFF00048118A42E0D9064A0348022114F0FEF99A
:10D00000DAE700BF3B9B0500945B05005B9B0500D6
:10D01000809B05002DE9F04F8DB05E4BB0F801907C
:10D02000198849F4704291424FF0000602BF1E80F9
:10D03000594B1E78C378012B08BF584B00F1040AE6
:10D0400000AF054650460CBF93F86F40002414F023
:10D0500061F907F10808514680B3404614F04FF9D2
:10D06000D5F81130C7F80130B5F81530A7F80530FC
:10D070004FF0010BEB78012B37D007F1100451462C
:10D080002046FEF761FF6D4688B06A46444B45482E
:10D09000CDE905344FF40073ADF81C30424B42F833
:10D0A000103F4FF4E25114F0BAF91321AD4648464F
:10D0B00014F014FA3437BD46BDE8F08F204614F062
:10D0C00091FA03460068B8609A889B796868A8F866
:10D0D000042088F80630BAF804209AF8063095F84B
:10D0E00004B03860BA80BB71C4E74046FFF71CF952
:10D0F00004460028C1D00346B5F8012023F8702B60
:10D10000B86898F80620B8F8041020679A719980DA
:10D11000B5F8173040F2E2425343C4F88830B5F80E
:10D120001930A4F89030B5F81B30A4F89230EB78A1
:10D13000E3700022012B62721AD187F800B0BA881E
:10D14000BB793868A4F87B2084F87D30C4F8770078
:10D1500000F0E8FF237A1149C3EBC3035A18CB58F8
:10D16000C4F87E309388A4F88230937984F88430B0
:10D170000721204601F020FC26B1667201212046DD
:10D1800001F01AFC204601F063FD204601F0BEFBD1
:10D1900090E700BFDA57002094910020400500205E
:10D1A000A39B0500945B05000300000100B5C36864
:10D1B000187889B020B109B05DF804EBFFF77ABCAC
:10D1C000B3F80120ADF80120DA788DF800008DF871
:10D1D0000320B3F80B20ADF81720B3F80D20ADF8FD
:10D1E0001920B3F80F20ADF81B205A7C8DF81D20B4
:10D1F000586801901A899B7A8DF80A30094BADF86E
:10D20000082068461A689B88CDF80B20ADF80F30CF
:10D21000CDF81120ADF81530FFF7FCFE09B05DF830
:10D2200004FB00BFF5B3050070B5324D022128465E
:10D2300014F0E6F810EA010458D16FF00401284612
:10D2400014F0F0F800F05EFF01F090FC2A4B22464B
:10D25000214640F603401C80FFF7F6FD044630B13E
:10D26000264A2748012114F0C7F8204670BDA5F1D1
:10D27000D406FFF75FFCD6F84C0183685B6853B9AE
:10D280001C486FF0020114F0CDF8042114F0B8F836
:10D290006FF08504E9E7984710F1580F0446EFD086
:10D2A00050B1184A03460121154814F0A7F804218B
:10D2B000284614F0A5F8D8E71348FEF7F3FA2146FC
:10D2C000402206F1800017F0CCFD104BF471186875
:10D2D00045F86C0C9A889B79A6F86C206FF00101D8
:10D2E000284686F86E3014F09DF8BEE76FF077049C
:10D2F000BBE700BF14060020DA570020BF9B0500E3
:10D30000945B0500DE9B050080260020E8B3050045
:10D31000F0B5002285B0114602AF40F60340FFF79A
:10D3200093FD044600285BD1FFF704FC21463A1D1B
:10D3300041F20300FFF788FD0446002850D17A68C7
:10D34000C74DD168D1F80100D1F8051005F1780377
:10D3500003C31046FEF79EFD21463A1D41F201002F
:10D36000FFF772FD044600283AD17868C3685A78FE
:10D3700085F870205A88A5F872201A7985F87120EE
:10D38000B3F80720A5F87420B3F80530A5F8763077
:10D39000FEF780FD21463A1D41F20200FFF754FDE1
:10D3A0000446E8B9D7F804C0DCF80C2005F1800683
:10D3B000531C413218685968344603C408339342F9
:10D3C0002646F7D16046FEF765FD95F87C30590694
:10D3D0000AD4A44AA448012114F00EF86FF01204F4
:10D3E00020460C37BD46F0BD3A1D002142F2030035
:10D3F000FFF72AFD04460028F2D17A689B4BD168DA
:10D40000D1F80100D1F8051003C31046FEF742FD24
:10D4100021463A1D42F20200FFF716FD044600289D
:10D42000DED17E68F468B4F801309AB292B1E27845
:10D4300082B1A5F8FC30E378032B06D003220092DA
:10D4400089488B4A022113F0BCF9E27889481146D9
:10D4500016F00AFE3046FEF71DFD95F87C601F238E
:10D4600016F02006A5F8103119D14FF0FF304FF01B
:10D47000FF31FFF787FB0446002800F09E81022160
:10D480000C3013F088FE01230370467021463246AB
:10D4900040F66D40FFF7D8FC04460028A0D195F86F
:10D4A0009C301A0712D53A1D002142F21C00FFF7EA
:10D4B000CBFC0446002893D17868C368D3F80120D8
:10D4C000D3F80530C5E93823FEF7E4FC95F8D830E9
:10D4D0009B0623D5B91C3846FFF75EFD044600289D
:10D4E0007FF47EAF4FF0FF304FF0FF31FFF74AFB84
:10D4F0000646002800F0618104210C3013F04BFE39
:10D500003B8803807B8843802246314642F22400D8
:10D51000FFF79AFC044600287FF462AF4FF0FF301B
:10D520004FF0FF31FFF72EFB0446002800F0458145
:10D5300008210C3013F02FFE95F8D82012F0020FBE
:10D5400014BF2F230F23960695F8D92048BF43F028
:10D55000400312F0090F18BF43F400630022037068
:10D56000C3F3072343708270C270027142718271EB
:10D57000C271214642F20100FFF766FC0446002812
:10D580007FF42EAF95F87C30B5F8FC1098065DD48A
:10D59000C9B93A1D41F20500FFF756FC04460028C0
:10D5A0007FF41EAFB5F8FC307C684BB9E368B3F884
:10D5B0000120A5F8FC209A882E48114616F054FD4B
:10D5C0002046FEF767FC4FF0FF304FF0FF31FFF7CA
:10D5D000D9FA0446002800F0F08008210C3013F03E
:10D5E000DAFD1023037088230022437002262023D3
:10D5F0008270C670027142718271C371214640F619
:10D600000140FFF721FC044600287FF4E9AE014603
:10D610003A1D4FF60140FFF717FC88B3164A12482F
:10D62000022113F0E9FEEB79002B40F0B68000F008
:10D63000A9FC044600287FF4D3AE01F0FFFE0446A7
:10D6400000287FF4CDAEFFF7E5FAC9E60029BAD18C
:10D650000A4A0548012113F0CFFE6FF00404BFE62B
:10D6600040050020FB9B0500945B05001806002088
:10D670001F9C050040060020889C0500659C050055
:10D680007B68DC68B4F80130042B96BF584A5949CE
:10D6900052F823106E468AB002AA5748D3614FF45D
:10D6A00000731384554BC2E9050142F8103F5448FA
:10D6B0004FF4135113F0B3FEB4F80120B4F8033063
:10D6C000022AB54649D1052B47D84E4A52F82310B5
:10D6D0006E468AB002AA4C48D3614FF4007313849B
:10D6E000464BC2E9050142F8103F4FF4135144483C
:10D6F00013F095FE637994F806C0D4F80900032B63
:10D70000B54698BF414AB4F8076094BF52F8231059
:10D7100038496C468CB002AADFF8F4E0C2E9073C55
:10D720004FF4007393853B4BC2E905E1C2E9096000
:10D730004FF4735142F8103F314813F070FEA54684
:10D740007868FEF7A7FB3A1D00214FF60240FFF76D
:10D750007BFB044618B1304A61E72649B8E7786890
:10D76000C368B3F80130A5F8C130FEF793FB95F814
:10D77000C1305A077FF557AF3A1D21464FF6034097
:10D78000FFF762FB08B1254A49E77868C3685B7810
:10D7900085F8C030FEF77EFB45E72E78002E7FF43B
:10D7A00046AF95F8C1309B061FD54FF0FF304FF0C4
:10D7B000FF31FFF7E7F9044610B96FF068040FE690
:10D7C00006210C3013F0E7FCD5F801300360144B50
:10D7D0009B888380214632464FF60640FFF734FB94
:10D7E000044600283FF423AFFAE56FF08504F7E51F
:10D7F0004465050036890500AC9C05000400000165
:10D80000945B05002C650500C59C05001C650500A2
:10D81000DD9C0500070000010A9D0500339D050001
:10D820004105002010B5FFF773FD034B1B6813B1D2
:10D83000BDE81040184710BD7C4D002073B52A4D3F
:10D840000646D5F84C0116F0B7FA48B9274A2848D9
:10D85000012113F0D1FD6FF01204204602B070BD1B
:10D860006FF0020105F1D40013F0DCFD012113F08B
:10D87000C7FD10EA010434D11E4B1E600A4605F5AF
:10D88000907016F0F1FB05F59E7016F0CCFB1A486F
:10D8900016F0B9FC1949184800946FF007034FF4CB
:10D8A000806209F0F7F81649134816F002FDD5F822
:10D8B0004C01144983681B689847044630B1124AEA
:10D8C000034601210A4813F099FDC6E726B902B0C4
:10D8D000BDE87040FFF71CBD05F1C40009F0D4F8A5
:10D8E000BBE76FF07704B8E7400500205C9D0500BA
:10D8F000945B05007C4D00208026002000BB0020AA
:10D90000749D05004DC503007D9D050073B5C3687A
:10D91000D9789A781E8842EA0122ADF80020597918
:10D920001A7942EA0122ADF80220D9799A7942EABD
:10D930000122ADF804201A7A5B7AB4B242EA0323DA
:10D9400001212046ADF8063001F020F9054658B90E
:10D950001D481E4A0121234613F050FD0221204696
:10D9600013F01AFE02B070BD694601F06DFB38B9C4
:10D970001E21204613F010FE284600F0C7FFF1E7F5
:10D980004FF0FF304FF0FF31FFF7FCF8044600285E
:10D99000F2D00E210C3013F0FEFB00230680C0F8FD
:10D9A0000A30BDF800304380BDF802308380BDF8F6
:10D9B0000430C380BDF806300381214642F22000C6
:10D9C000FFF7F0F9D8E700BF945B05004796050024
:10D9D00038B5042104460C3013F00DFC0346408892
:10D9E0005D7818B119782246FEF736FF35B1044844
:10D9F00008F048FEBDE83840FFF7CCB938BD00BF9D
:10DA000060060020B0B50321044600AF0C3013F0CF
:10DA1000F2FBE2680346B0F80100117840F63542A7
:10DA2000904216D16C468AB06A46104B1048CDE938
:10DA30000531104B079340F20133ADF820300E4B07
:10DA400042F8103F4FF4125113F0E9FCA546BD46D1
:10DA5000B0BD1D7810B12246FEF7FEFE002DF6D0B7
:10DA6000064808F00FFEFFF795F9F0E7999D0500CD
:10DA7000945B05006C7F0500040000016006002037
:10DA800038B509F0ABFA2F4DD5F83C31002B56D004
:10DA90000022002305F5907008F028FE00284ED1E2
:10DAA0000022002305F59E7008F0BAFD044668B90F
:10DAB000254A2649264840F6AA4311F0CFFE84F3B2
:10DAC0001188BFF36F8F0323184602DFD5F830317A
:10DAD0005BB1204A2048012113F08EFCD5F83001BB
:10DAE000FEF7D8F90023C5F83031204613F022FBA9
:10DAF000C5F830012046FFF783F80346C8B1174A3E
:10DB00001548012113F07AFC154808F0BBFD2046AA
:10DB1000FEF720F9134B0C2202FB0033588818B192
:10DB200022461F21FEF798FE2046FEF7B3F9FFF7C5
:10DB300031F9FFF72FF9BDE8384009F063BA01F079
:10DB400097F8F8E740050020A2970500ED9505003D
:10DB5000EF970500D19D0500945B0500AC9A050088
:10DB600060060020584D0020F8B50A4DEF790646B2
:10DB70000024E3B29F4202D86FF0010007E029467B
:10DB8000304613F025FD0735631C08B12046F8BD6B
:10DB90001C46EEE74005002070B51A4E06223146BD
:10DBA000054617F071F938B34FF0FF304FF0FF31F1
:10DBB000FEF7E8FF044608B3062229460C3013F0AE
:10DBC000F0FA2146002242F20500FFF73DF9044633
:10DBD00048B110F10D0F04D10B4A0C48022113F08B
:10DBE000FFFC204670BD33462A6843F86929AA889D
:10DBF000B280012283F868200024F2E76FF0680405
:10DC0000EFE700BFA9050020119F05009C5B050000
:10DC100073B504460D4689B11749284613F0D8FC60
:10DC200060B9164A2968C4EBC404A3181151AA8824
:10DC30009A80AA799A71002002B070BD6E46304673
:10DC400013F04FFB0028F7D13046FFF78DFF002877
:10DC5000F5DA0A4A0098B179C4EBC404A31810514C
:10DC6000B08898809971002DE5D012592A609A8861
:10DC7000AA809B79AB71DEE7E8B305004005002080
:10DC800070B5044629BB38B3274913F0A1FC18BB73
:10DC90002046FFF769FF002840DA23786BB9234A52
:10DCA000D379002B3AD120681060A179A0889171B6
:10DCB00001219080D171184670BD012B04D1A37948
:10DCC00003F0C003C02B07D0194A1A48012113F0F2
:10DCD00087FC6FF01500EFE7144DEB79012B20D096
:10DCE000BFF35B8FD5F8D430BFF35B8FDB0707D46E
:10DCF000002CEED00C49204613F06AFC0028E8D135
:10DD0000EE792146731C3046EB71FFF781FF08B9AD
:10DD10003046D1E7EB79013BEB71CDE76FF077004F
:10DD2000CAE76FF00B00C7E7E8B305004005002025
:10DD3000209F05009C5B05002DE9F341044640B996
:10DD40001A4A1B48022113F04BFC002002B0BDE828
:10DD5000F08101AA002141F20900FFF775F805469C
:10DD600008B1144AEDE7019E1349D6F80C8008F17A
:10DD700001070622384617F087F828B10F49062216
:10DD8000384617F081F818B93046FEF783F8DCE71B
:10DD9000D8F80130C4F80130BB88A4F8053030460B
:10DDA0002570FEF777F80120D0E700BF4E9F0500F1
:10DDB0009C5B0500679F0500F5B30500EFB3050008
:10DDC00007B56846FFF7B8FF044BD87118B169462C
:10DDD0000020FFF71DFF03B05DF804FB40050020A5
:10DDE0002DE9F041304EF17988B0002954D196F8F0
:10DDF000C24014F0010411D12C4A2D48022113F025
:10DE0000EFFB0024F471162500240127F379E0B21A
:10DE100083422BD8002B3FD000203AE06A464FF6D1
:10DE20000940FFF711F808B1224AE6E7DDF800C023
:10DE3000DCF80C5095F80180B8F1000F0ED0AB1C47
:10DE400002AA123518685968174603C70833AB424F
:10DE50003A46F7D1186838609B88BB806046FEF769
:10DE600019F8B8F1000FCDD1134AC6E708AB05FB8E
:10DE70000033694653F8182C33F8143CCDF80120D0
:10DE8000ADF805308DF80070FFF7C2FE01340028B0
:10DE9000BCD008B0BDE8F0810021084608B0BDE85C
:10DEA000F041FFF7EDBE00BF40050020859F050053
:10DEB0009C5B0500B19F0500D19F05002DE9F04155
:10DEC0001D460E461746034648B145B10A0311D513
:10DED0004C0708D5284A2948012113F081FB6FF02F
:10DEE0001500BDE8F08113F08AFB0028F9D1012369
:10DEF0002B70F6E7B107047824D021492FB1B20680
:10DF000003D591F8D820500632D5C4EBC40411F8DB
:10DF10000480B8F1010F09D101342144184613F0EF
:10DF200066FB0028DDD185F8008002E0B8F1000F23
:10DF3000F9D02FB1B30642BF2B7843F002032B7008
:10DF40000020CEE7720710D50D49C4EBC4040F5D65
:10DF5000012F07D10134214413F049FB0028C0D11F
:10DF60002F70E7E7002FE5D1FAE713F048FBBEE793
:10DF70006FF08500B5E700BFFA9F05009C5B0500C8
:10DF80004005002038B5104DEB7913B10024204630
:10DF900038BDFFF715FF044628B10C4A0C48012193
:10DFA00013F01EFBF3E7EB79002BEFD1FFF718FF1F
:10DFB00004460028F1D1681CFFF7EEFD0446002856
:10DFC000E5D0044AEAE700BF4005002019A005009B
:10DFD0009C5B050038A005002DE9F74F88460190AD
:10DFE0004FF0FF314FF0FF30FEF7CCFD0446002824
:10DFF0004ED020210C3013F0CEF80021202206460E
:10E00000002716F02EFFD8F8005006F1010B394614
:10E01000D8F804309F4208D301983170002221467D
:10E0200003B0BDE8F04FFEF70FBF6A7895F800C067
:10E03000881C13181F2B5FFA80F915D9BCF1090F42
:10E04000C9F11F0201D1002A0CDC134A1348012137
:10E0500012F0A4FB2046FDF71DFF6FF0150003B082
:10E06000BDE8F08F4FF0080C5FFA82FA0AF1010E5A
:10E070000BF801E00131C9B258440BF801C0D1449A
:10E08000696816F0C7FE01375FFA89F10835BFE706
:10E090006FF06800E3E700BF5BA00500645B05006C
:10E0A000F7B5CDE90001694642F208009DF82070FD
:10E0B00016461D46FFF790FF044668B97FB9BFF3C7
:10E0C0005B8F0C4B53E8001F41F0040143E8001242
:10E0D000002AF7D1BFF35B8F204603B0F0BD69463D
:10E0E00042F20900CDE90065FFF776FF0028E6D08F
:10E0F0000446F1E76805002003460148184700BFC1
:10E100005805002008B505480021FFF7F5FFBDE8D8
:10E11000084003485022002116F0A3BE87160500D0
:10E120005805002000487047580500202DE9F04FA1
:10E13000D0F81090DFF884A289B0B9F10004054648
:10E1400002919346039318BF0124BFF35B8FDAF863
:10E150000030BFF35B8F5A0740F18F81466873052B
:10E160000CD56FF01504029B002240F2011093457C
:10E1700040F08C81204609B0BDE8F08FD0F81080C7
:10E18000B8F1000F01D0B707EBD08D4F2878FB799D
:10E190008342E6D9C0EBC0008A490722384416F012
:10E1A00073FE0028DDD0B00706D197F87030082B39
:10E1B00002D8AB689F2BD4D916F0300F74D0B8F1C9
:10E1C000000FCED0F10672D406F46036B6F5603F8B
:10E1D000C7D0284613F02AFA80460028C1D07A4ECC
:10E1E000BFF35B8F3268BFF35B8FC2F30023D205AE
:10E1F00000F146816A68CDE90533CDF81B30AB6884
:10E20000ADF8103012F4004FEB68ADF8123014BFC7
:10E2100006230723D00348BF03F00503910348BF3B
:10E2200003F0FB038DF81D30BFF35B8F5AE8003F0E
:10E2300023F480734AE80032002AF7D1BFF35B8FE2
:10E240002B783B7687F86F30224669685F480DF17E
:10E250001503FFF733FE0446002884D15C4BB9F167
:10E26000000F30D02A6911684AF8B31C9188998050
:10E2700092799A716B689A0727D0B9F1000F2BD069
:10E2800013F0100F0CBF012304238DF814302B69F9
:10E290001A68CDF816209A88ADF81A209B798DF867
:10E2A0001C304FF000081AE0B8F1000F8CD1D5E90E
:10E2B00002239A423FF655AF1F2A7FF652AFB3F5BD
:10E2C000804F81D94DE73F4ACDE79B0502D4039BA0
:10E2D000002B3CD0022300E04B468DF814304FF069
:10E2E000FF304FF0FF31FEF74DFC0446002800F0F0
:10E2F000CA800F2204A90C3012F053FF21460022DD
:10E3000042F20600FEF7A0FD044600287FF42BAF82
:10E31000B9F1000F1FD0686810F0030027D107463D
:10E320002A48012113F086F90446002858D0294ACA
:10E330002948012112F032FA002F3FF414AF384679
:10E34000002100F039FB384600F0E0FA0BE7032328
:10E350008DF81430A5E7129B039A0298CDF800803F
:10E360005946FFF79DFE04460028D4D0FBE63C7ECC
:10E370001449174887F86F40072216F085FD60B9E9
:10E380001649204600F09CFE074610B96FF00B04BA
:10E39000E9E6052100F010FBC2E70D49204600F038
:10E3A000D3FE00287FF4DDAE387E094900F088FEF8
:10E3B00007460028EAD00621ECE700BF140600203B
:10E3C00040050020E8B3050068050020580500203E
:10E3D0006105002074A00500645B0500E1B3050041
:10E3E00017B1384600F092FA6B68BFF35B8F9F0756
:10E3F00028D056E8003F43F4007346E80032002A74
:10E40000F7D1BFF35B8FBFF35B8FB8F1000F22D062
:10E4100056E8003F43F4806346E80032002AF7D113
:10E42000BFF35B8F6B68BFF35B8F58071CD556E853
:10E43000003F43F4805346E80032002AF7D1BFF38F
:10E440005B8F90E656E8003F23F4007346E8003205
:10E45000002AD6D0F6E756E8003F23F4806346E86A
:10E460000032002ADCD0F6E756E8003F23F4805360
:10E4700046E80032002AE2D0F6E76FF00A0472E6BE
:10E480006FF077046FE66FF068046CE619888142DC
:10E4900004D1596811B10978C90702D4013208338F
:10E4A00065E60549054815F0B4FE4FF470220023D7
:10E4B000024808F08DFB5DE63DE503007005002095
:10E4C00010B51B4C204613F0DBF8BFF35B8F2369BC
:10E4D000BFF35B8FDA05C3F3002027D5BFF35B8F53
:10E4E0002369BFF35B8F9B0516D504F10900114921
:10E4F000072216F0C9FC034614F8180993B90E490F
:10E50000052200F05BFE044630B10021417200F0AC
:10E5100053FA204600F0FAF9BDE810400448002103
:10E5200013F088B8062204F12101EAE710BD00BF0C
:10E5300058050020E8B30500E1B3050010B5FFF76A
:10E54000BFFF034630B1044A0448BDE81040022131
:10E5500012F02DB910BD00BF8FA00500645B05004F
:10E5600070B50C4B1C68054644B154F8143C143C7F
:10E5700013B1697A284698476469F5E7064C074E57
:10E58000B44200D370BD236813B1697A2846984716
:10E590001834F5E7B44D0020145B05002C5B050032
:10E5A00010B50446FDF7D6FB044901EB00112046E7
:10E5B00012F0F1FEBDE81040FEF7ECBB804D0020EC
:10E5C00070B5D1E9015600220446C1E9012206488E
:10E5D00015F031FD3DB1314620462B466FF06D02FE
:10E5E000BDE87040184770BD600C002037B5031DB2
:10E5F0000446BFF35B8F53E8002F42F4806143E889
:10E600000015002DF7D1BFF35B8F55053ED4BFF346
:10E610005B8F6368BFF35B8FD90326D5E37823B99B
:10E620001B4A1C48022113F049F8A37A072B2DD16D
:10E63000194B93F8D8309B0628D512F029FF28B340
:10E640000DF1060101A8FEF7A7FCF8B9BDF80620F8
:10E65000BDF80410204612F080FF0346B0B10F4A07
:10E660000C48012113F02AF810E00B4B93F8D83036
:10E670001A07D3D512F056FF034620B1084A0548C1
:10E68000012113F01BF8A37A072BC7D003B030BDCC
:10E69000D6A005007C5B050040050020EFA005002A
:10E6A000B5A0050070B505460F480022002308F00C
:10E6B0001DF8B8B90D4B1C6834B154F80C3C143C2F
:10E6C00003B198476469F7E7094C0A4EB44204D392
:10E6D0002846BDE8704008F0D7B9A36803B1984751
:10E6E0001834F3E770BD00BF500C0020B44D00207B
:10E6F000145B05002C5B05002DE9F0410446402722
:10E700000025EFF3118287F31288BFF36F8FE16961
:10E7100029B1206A0B68E361814208BF236282F35A
:10E720001188BFF36F8F71B1D1E901680748C1E962
:10E73000015515F080FC1EB1002241462046B0472D
:10E74000FEF728FBDDE7BDE8F08100BF600C00208C
:10E750000448B0F8FC30002B00F5807008BF0020A2
:10E76000704700BF4005002030B50446FDF7FEF8B5
:10E770000D4A0D460D490858D2F88010884289B0DC
:10E7800005D1204609B0BDE83040FFF7B5BF2434BD
:10E790002146104615F00CFD1DB16946204615F0C6
:10E7A00017FD09B030BD00BF703100200800000027
:10E7B00038B5002204468A4202D10024204638BDE2
:10E7C00004F1C8030120BFF35B8F53E8005F002D05
:10E7D00004D143E8000CBCF1000FF6D1BFF35B8F0E
:10E7E00002D0D0340244E6E7002CE6D0C822002153
:10E7F000204616F036FB04F14000044915F009FDEF
:10E80000034904F1240015F0B7FCD7E721F3030016
:10E81000CD160500F7B516460D4601210446FFF753
:10E82000A3FF012E23D0022E52D123693BB13148E0
:10E83000314A012111F0B2FF204612F065FF256137
:10E8400021690B8A012B53D9CA681288043292B20B
:10E8500093424DD343D9274800920121274A11F012
:10E86000B0FF204603B0BDE8F04012F04DBF206974
:10E8700040B9234A1F48314611F090FF204612F05C
:10E8800043FF01E02A8A2AB9284603B0BDE8F040D8
:10E89000FDF700BB018A438A47695B1AC168C91B3F
:10E8A0005B1A9A420CD9174A1248314611F076FF8A
:10E8B00021690022204600F09FFF00232361E3E747
:10E8C000E9680C3012F06DFC2846FDF7E3FAB7E773
:10E8D0000D4A08483346012112F0F0FECEE700232E
:10E8E00001222046236103B0BDE8F04000F084BF60
:10E8F00003B0F0BD7C5B05000BA105008BA10500FA
:10E9000028A1050046A105006DA1050008B500F18C
:10E91000C803BFF35B8F53E8002F013A43E800219F
:10E920000029F8D1BFF35B8FAAB90B4B984212D3E1
:10E9300003F1D00290420ED2C01AD023B0FBF3F202
:10E9400003FB120038B9054807F09CFEBDE80840FB
:10E95000034808F099B808BD20270020500C00207B
:10E960009C08002010B5044612F0D7FE08F036FBD4
:10E97000104AD2F8141104F1BC0361B9C4F8BC10F8
:10E98000D2F8181159B9C2E9453308F03BFBBDE88C
:10E990001040FEF7FFB98B4205D00968EDE70B6028
:10E9A000C2F81831F1E708F02DFB2046FFF7AEFF63
:10E9B000EDE700BF40050020F8B5867A8E4200AF33
:10E9C00004460D461BD1082E96BF534B534B53F8AC
:10E9D00026306C4688B06A465149CDE905134FF49C
:10E9E0000073ADF81C304F4B42F8103F4E480023E7
:10E9F0004FF4E451FBF742FCA546BD46F8BD8172D9
:10EA00000EB912F08AFEA37A082B00F2818001A2CF
:10EA100052F823F061EA0300B7EA0300FBE90300C0
:10EA2000FBE90300FBE90300FBE90300FBE903004A
:10EA300039EA0300FBE903000023C4E90D33E3785E
:10EA4000012BDAD1A378012B04BF032384F898307B
:10EA50004FF42032002304F1400008F085F8CCE7A1
:10EA6000082ECAD8DFE806F02005171C1C1C17204A
:10EA7000200004F14005284615F0D7FB012120466F
:10EA8000FFF772FE204612F03FFE002200232846C8
:10EA900008F09EF8B1E7637A13B12046FFF760FDF6
:10EAA0002046FFF733FFA8E7204A2B461E480221E5
:10EAB00012F004FEA1E7637A3E2B0FD16D4688B0B9
:10EAC0006A461B4BCDE90534032342F8103F164834
:10EAD00000234FF4C451FBF7D1FBAD46154D05F5AE
:10EAE0008076616911B9FEF755F986E7A2690B686E
:10EAF0006361914208BFA3612046FFF761FDB5F84D
:10EB0000FC30002B14BF3046002007F0BBFDE8E7C7
:10EB1000094A2B46CAE700BF04660500A6A1050006
:10EB2000B0A10500030000017C5B0500C1A1050048
:10EB3000D8A1050040050020FFA10500F8B5074653
:10EB400009480D46164612F0E8FD044650B1837898
:10EB50001F4203D1BDE8F840FFF7D8BE3146A847B1
:10EB60002046F7E7F8BD00BF202700200249002219
:10EB70000F20FFF7E3BF00BF531705000249002233
:10EB80000120FFF7DBBF00BFC116050070B50546C9
:10EB90000E480E4612F0C1FD0446A0B1837A012B47
:10EBA00002D0073B012B0CD82388AB4208D1A378B5
:10EBB0001E4209D1064A07482B46022112F07EFD6B
:10EBC0002046FFF7A3FE0024204670BD202700202A
:10EBD0001BA205007C5B0500034BC01A034B001110
:10EBE0005843C0B2704700BF20270020C54EECC478
:10EBF00070B51C46144305460E460DD00F49FCF770
:10EC0000B5FED1F880400E4909588C4206D10D4A14
:10EC10000D48022111F0C2FD002213460B49002DC0
:10EC200014BF2846084612F056FA044618B1711D62
:10EC30000C3012F0A5FA204670BD00BF70310020E4
:10EC40000800000032A205007C5B0500700C00206B
:10EC500010B50446054807F017FF204600F012FDE6
:10EC60002046BDE81040FFF77BBC00BF8C080020A9
:10EC70002DE9F04F87B000AF0023FB607B61BE4BF6
:10EC80005A8A3AB1BD4DD5F814413CB91C37BD463E
:10EC9000BDE8F08F1B68002BF4D1F7E754F8BC39BE
:10ECA00003B1BC3BB649002601E01C461346B5F84B
:10ECB000FC20002A00F07381D5F808214AB904F13C
:10ECC000BC06002BE2D0D3F8BC20002AEDD0BC3A21
:10ECD000EBE70A68002AF2D0D4F8A820002AEED088
:10ECE000D4F8AC20002AEAD0D4F8B020002AE6D02C
:10ECF000A37A072B6CD120469047002868D0BFF339
:10ED00005B8FD4F8C030BFF35B8F022B60DC2046F2
:10ED100012F003FD04460028B8D0A37A072B40F078
:10ED20003B81D4F8A830B5F8FC1007F1100220465A
:10ED300098478146002800F00E81B5F8FC203B6919
:10ED40009A4208D30146D4F8AC6007F1140307F1E6
:10ED50000C022046B0477B693B60B9F81030D7F809
:10ED60000C80002B00F001814846D7F810A012F06B
:10ED700028FB7860002840F0FB80B5F8FC30DFF815
:10ED800004B2002B14BF584600200022002307F0D5
:10ED9000ADFC78B97A480022002307F041FC064612
:10EDA00000283BD1B5F8FC30002B18BF5E4630463A
:10EDB00007F068FC6FF00B054846FDF76BF8B8F1FB
:10EDC000000F00F0B38039682A462046C047ADE006
:10EDD000D4F8BC3004F1BC02C6B9D5F81811C5F896
:10EDE00014318A4201D1C5F818310023C4F8BC306F
:10EDF0002046D4F8B030984700288ED0A37A072B4D
:10EE000040F0CA802046FFF7ADFD86E73360D5F8B5
:10EE100018319A4208BFC5F81861E6E73B68C0F8A8
:10EE200004808360B5F8FCB05348DA454FF0000227
:10EE30004FF000034FF0000198BF1FFA8AFBFCF768
:10EE4000ABFF804650B1FCF785FF4F4B5A4603EBB2
:10EE500000134946404612F079FA8046B5F8FC3076
:10EE600094F8C4909A4584BF01237B607B6884F842
:10EE7000C4309CBF09F102095FFA89F904F1C00AA4
:10EE8000BFF35B8F5AE8003F01334AE80032002AA3
:10EE9000F8D1BFF35B8F00233360A369002B5ED1F1
:10EEA000C4E90566A378012B5CD108F10C0B0421A1
:10EEB000584612F087F9238809F0FD0943EA09331F
:10EEC0000380B8F81030043B43800221584612F00A
:10EED00081F94046FDF794FE814600285CD0BFF3DF
:10EEE0005B8F5AE8003F013B4AE80032002AF8D124
:10EEF000BFF35B8F314604F1140012F0EAFB234AA2
:10EF000023484B46012112F0D9FB4046FCF7C2FFD3
:10EF100020463146FFF754FBB5F8FC301948002B6A
:10EF200008BF002007F0AEFB6FF004056E4688B006
:10EF3000184A0794CDE905256A46042342F8103F94
:10EF400013484FF401510023FBF798F91321B546FC
:10EF5000204612F010FC2046FFF7D8FC96E61E6013
:10EF6000A6619FE76FF01509B9E76FF0790523E710
:10EF70006FF0040520E700BFDC0C002040050020F6
:10EF8000600C002040060020804D0020AC9A050057
:10EF90007C5B05005BA20500FDF7FCFEDBE79368E8
:10EFA000FFDE00BF2DE9F04140F2E243D0F8886077
:10EFB000B6FBF3F60446B6B2031DBFF35B8F42689F
:10EFC000BFF35B8F920417D5B0F88C20B24213D8F0
:10EFD000B0F88E20B2420FD3D0E9241291420BD167
:10EFE000BFF35B8F53E8001F21F4005143E8001288
:10EFF000002AF7D1BFF35B8F104B1D6865B155F840
:10F00000047C143D37B1B4F89230B4F89020314606
:10F010002046B8476D69F1E7094DDFF8288045457E
:10F0200001D3BDE8F0812F6937B1B4F89230B4F85C
:10F03000902031462046B8471835F0E7B44D0020FF
:10F04000145B05002C5B05002DE9F04107460846DE
:10F050000D4612F01FFA064618B900263046BDE8E4
:10F06000F081144B1C6884B154F8083C143C0BB973
:10F070006469F8E72946384698470028EDD02846C5
:10F0800012F008FA0028F3D1E7E70B4CDFF82C80E8
:10F090004445E3D2E3680BB91834F9E7294638460A
:10F0A00098470028D9D0284612F0F4F90028F3D167
:10F0B000D3E700BFB44D0020145B05002C5B0500B6
:10F0C00038B505460C460E480121FFF771FBB0B17B
:10F0D000057223680367A388A0F87430A37980F8C9
:10F0E000763001238370074BC0F8A830064BC0F878
:10F0F000AC30064BC0F8B030054BC0F88C3038BD92
:10F100002027002081F50300A91605009D160500A3
:10F110001800280070B505460A480E4612F0FDFAA0
:10F12000044620B18378012B04D0FFF7EFFB0024C5
:10F13000204670BD3246294612F03DFB0028F7D12B
:10F140002046F2E720270020F0B589B000AF0D4639
:10F15000FFF7E0FF044610B329463846FCF7F4FEFB
:10F16000A37A082B96BF0F4A0F4B52F823306D46F7
:10F170008AB06A460D49CDE907730D4B09930D4BD3
:10F18000CDE9051442F8103F0B4800234FF44251DB
:10F19000FBF774F82046AD46FFF7B8FB0120243793
:10F1A000BD46F0BD04660500A6A105007EA20500CF
:10F1B00001030204050000027C5B0500F8B505466A
:10F1C0000E480E46174612F0A8FA044620B183787E
:10F1D000012B03D0FFF79AFB00240DE036B1324635
:10F1E000294612F0E8FA08B92046F3E7A37ABB42B1
:10F1F000FAD1237AAB42F7D12046F8BD2027002070
:10F2000070B58B78012B92B006460C4642D191F82E
:10F21000703007AD032B37D8DFE803F0023032340B
:10F220001E492846F2F706F8059594F871300493C4
:10F2300094F87230039394F87330029394F8743016
:10F24000019394F87530009394F87630144A1E2197
:10F250000AA80AF0B7FE0AAB324610AD1C4603CC32
:10F26000AC4210605160234602F10802F6D12068DA
:10F270001060A3889380304612B070BD0949D0E772
:10F280000949CEE70949CCE7094A0A2128460AF08C
:10F2900099FEC9E700238DF82830DCE7DD7605000C
:10F2A000FF760500E4760500EB760500F5760500AF
:10F2B00024A6050038B5044608460D4612F0EAF8C3
:10F2C00048B3164B93F8D830990707D4E37883B145
:10F2D00029462046BDE8384000F0BABA94F8993083
:10F2E0009A07F3D5BFF35B8F6368BFF35B8F5B0453
:10F2F000ECD42946204612F084FA58B92B88A4F899
:10F300008C306B88A4F88E30AB88A4F89430EB88EE
:10F31000A4F8963038BD6FF01500FBE740050020DB
:10F32000F7B510F8363C0446A0F140060BBB30465A
:10F3300012F0BAFA3A4B1D684DB155F8103C143D25
:10F340001BB114F8371C304698476D69F4E7354D0A
:10F35000354FBD4205D3304603B0BDE8F040FFF75E
:10F36000D5BA6B681BB114F8371C3046984718356E
:10F37000EFE710F83E3C012B31D1BFF35B8FA0F1DA
:10F380003C0555E8003F23F4005245E800210029E0
:10F39000F7D1BFF35B8F990429D5E36C00936946DD
:10F3A000636D01933046FFF785FF0346C8B9BFF38D
:10F3B0005B8F55E8003F23F4805345E80032002A74
:10F3C000F7D1BFF35B8FBFF35B8F55E8003F43F48A
:10F3D000006345E80032002AF7D1BFF35B8F03B02A
:10F3E000F0BD124A1248022112F068F9EBE7114A07
:10F3F0004FF4281369463046CDE90023FFF75AFF42
:10F40000034650B9BFF35B8F55E8003F43F4805388
:10F4100045E80032002AD4D0F6E7074AE2E700BF09
:10F42000B44D0020145B05002C5B0500B7A205005D
:10F430007C5B050018002800DCA2050010B50E4812
:10F4400014F0F1FD0D490C4814F0F5FD0C490A4883
:10F4500014F0F1FD0B49084814F0EDFD12F05CFECC
:10F4600002F00CFA044628B913F096F9044608B9DC
:10F4700012F0C3FA204610BD600C0020904D002011
:10F480009C4D0020A84D00200346024A024801215D
:10F4900011F08DB98FA30500A45B050080B500AF06
:10F4A00088B06A46074BCDE90530032342F8103F88
:10F4B000054800234FF4C251FAF7E0FE6FF00B004D
:10F4C000BD4680BDB7A30500A45B050008B5064A8C
:10F4D000136823B9054850600A60184608BDFFF755
:10F4E000DDFF6FF00B00F9E7BC4D00205066050012
:10F4F00070B5044652EA030008D0FCF737FA074D0E
:10F50000074ED5F880503058854201D1002213466D
:10F5100020460431BDE87040FFF76ABB703100201F
:10F520000800000073B5054618462B680BB39B7A9C
:10F53000072B1ED1002A0E7A0CBF012302239E4204
:10F5400009DD0D4A0D480096012111F03AF96FF0DE
:10F55000150002B070BDCB7A072BF8D9C8618A615B
:10F5600005F1300014F067FD284612F074F9002010
:10F57000EFE76FF07F00ECE7DEA30500A45B05007A
:10F580002DE9F84FD0F8B44000AF8846914644B119
:10F59000403C236B63B92068B43012F07BF9246CD3
:10F5A000F5E7FDF7F7FB00263046BD46BDE8F88FCE
:10F5B00004F1300A504614F053FD05460028F0D0FF
:10F5C00011F0FFFE80B16C4688B06A462A4BCDE947
:10F5D0000535032342F8103F284800234FF4C25159
:10F5E000FAF74CFEA546DEE7284611F0A3FD656C50
:10F5F00006469DB9A38C058A403B9BB23F2B03D89E
:10F60000238D9D4228BF1D46042106F10C0011F0F8
:10F61000D9FD0580A38C438004356564454520D819
:10F62000B6F810B0AB4506D100220023504606F0D4
:10F63000F7FFFCF72FFCA38CA3F140023F2A07D869
:10F64000AB4514BF00220E4AB26118BF1346F361E6
:10F650002068B43012F01EF9236B13B1204612F06B
:10F66000FAF8636CC9F80030984534BFA3EB080181
:10F670000021616498E700BFFEA30500A45B0500BC
:10F68000AB190500F7B5284D284F04460026BD42AA
:10F6900001D303B0F0BD2988204612F07CF96B68D5
:10F6A000019001A920469847002838DB019B2A8851
:10F6B0009A829A8403F11002BFF35B8F52E8001F15
:10F6C00042E800600028F9D1BFF35B8F1E645E64DE
:10F6D0009E60A16B03F1080219BBC4E90D221C60F6
:10F6E000DE6003F1300014F09EFC019843681B6853
:10F6F00003B19847019BBFF35B8F103353E8001FA2
:10F7000041F0010143E80012002AF7D1BFF35B8FFB
:10F7100001984368DB6913B100F11001984708357F
:10F72000B5E70A60A263DAE7FC5A0500145B05003E
:10F7300073B50D460646042105F10C0011F05BFD82
:10F740002B8A42889A42044607D000921C4A1D48E0
:10F75000012111F036F802B070BD43783BB91A4A66
:10F760001848012102B0BDE8704011F017B80378C5
:10F77000012BF0D0132B06D1022AECD002230093E8
:10F780001346124AE3E7124A0E48022111F00FF81D
:10F79000617835680222012012F0E3F8044600285F
:10F7A000D9D002210C3011F0F6FC00230370437015
:10F7B0002146284602B0BDE8704012F003B900BFF0
:10F7C00016A40500A45B050037A4050058A4050095
:10F7D00083A4050008B50B8A032B06D8044A054804
:10F7E000012110F0DBFF002008BDFFF7A1FFFAE7C1
:10F7F000ABA40500A45B050038B50B8A032B0546B6
:10F800000C4609D80F4A1048012110F0C7FF2046C6
:10F81000BDE83840FCF73EBB042104F10C0011F0B8
:10F82000EAFC4188284612F0DEF830B9074A06485B
:10F830000B46022110F0BBFFE9E7436821465B69F4
:10F840009847E4E7C9A40500A45B0500E6A4050009
:10F8500070B5144A137801330C4613F0FF010CBF46
:10F8600001230B461370064608BF194608221220D2
:10F8700012F077F8054688B108210C3011F08BFCA6
:10F880002288028062884280A2888280E288C280C8
:10F8900029463046BDE8704012F094B86FF00B0076
:10F8A00070BD00BF9591002023281FD81A2804D8C6
:10F8B000431E182B0ED906207047A0F11B03082BFE
:10F8C0001ED8DFE803F0051D1B231D19251D0500AB
:10F8D000032070470F4A012383401A40C2B90E4AE1
:10F8E0001A40002A0CBF06200120704700F07F0359
:10F8F000522B05D10020704701207047052070472A
:10F9000010F0400F14BF00200620704704207047FD
:10F9100002207047AAAA8A02545545012DE9F74FE3
:10F92000064608460C46FCF715FA2E4F18234343AB
:10F93000FA18054691680191E168BFF35B8FF06C9E
:10F94000BFF35B8FC0070AD4274A2848012112F071
:10F9500077F86FF01509484603B0BDE8F08FE0680E
:10F96000007810710022FA500B78D22B0FD1336837
:10F970002146186812F00DFF814640B11C4A1B4811
:10F98000012112F05DF82046FCF784FAE3E7182322
:10F9900003FB0573D4F80C80D4F814B0B4F810A0AD
:10F9A0009E6000231A462146301DFFF7BBFD8146AD
:10F9B0000028D0D010F1690F04D10E4A0B48012164
:10F9C00012F03EF86269019BA4F810A0A8EB0B08A6
:10F9D00012FA88F2E260182255437A1947F8059026
:10F9E0009360B8E70C4E002022A505006C5B050073
:10F9F0003CA505004FA5050008B5EFF31181402394
:10FA000083F31288BFF36F8F002303600F4B5A6894
:10FA1000C2B9C3E9000081F31188BFF36F8F0C48AE
:10FA200007F032F8031E0CDA0A4A0B48012110F0E5
:10FA3000BEFE002383F31188BFF36F8F03231846A4
:10FA400002DF08BD10605860E5E700BF044E0020EB
:10FA5000D408002072A505006C5B0500011F014859
:10FA600014F010BA400B0020024A0348012111F0A3
:10FA7000E7BF00BF9BA505006C5B050010B500F15A
:10FA800048030446BFF35B8F53E8001F41F00101B8
:10FA900043E80012002AF7D1BFF35B8F201F12F05A
:10FAA000A3F804F16400044914F0B3FB2068BDE836
:10FAB000104001F08FBE00BF850A040073B50E46EA
:10FAC000438D418B8B4202F1010228BF0B469A42C3
:10FAD000054609D91E48009202211E4A10F071FE07
:10FAE0000024204602B070BD3046FFF7DDFE6FF007
:10FAF0001403034113F0010310D0FBF737FF164B3B
:10FB00001958164BD3F8803099421ED0144B1B68FD
:10FB10005A1A18BF4FF0FF32134601E04FF470221B
:10FB200010480021FFF7E4FC04460028D9D0FCF778
:10FB300011F90D4B182202FB0033012104F10C00D6
:10FB40009D6011F028FB0670CBE70022E4E700BFC0
:10FB50006C5B0500B8A505000800000070310020AE
:10FB6000544E0020940C00200C4E0020F0B51D4691
:10FB700003680E46003987B0044618BF0121186893
:10FB8000174612F083FD40B904F14C0012F094F8CE
:10FB9000002846D0002007B0F0BD002D43D0182229
:10FBA0000021684615F05DF96FB10022132120464F
:10FBB000FFF784FF019030B91C481D4A012111F064
:10FBC0003FFF1120E7E723681A4A1B6800930023D0
:10FBD000ADF812300C9B0393BDF83430ADF8103003
:10FBE00001238DF8143029466B4628468DF80860AD
:10FBF00012F03EF89DF8143063B1002FCAD001987E
:10FC0000FCF748F99DF814302A463146204612F098
:10FC100062F8BFE701990029BCD0204611F07AFFB5
:10FC2000B8E71220B7E70120B5E700BF6C5B05001D
:10FC3000DDA50500A31A05002DE9F3410B8A044652
:10FC40000D4643B9294A2A48012111F0F9FE002046
:10FC500002B0BDE8F0810768012105F10C0011F048
:10FC6000CAFABB7A072B0646F1D154F8043C002BA4
:10FC7000EDD003781F4F043C002217F83200984261
:10FC80004FEAC20807EBC20114D12A8A4878904291
:10FC900026D91748009301211346174A10F091FD09
:10FCA00004234744BA78012AD1D1002BCFD0317830
:10FCB000002211E001320C2ADFD1104A0C48022147
:10FCC00010F075FD31780846FFF7EEFD2122C240A5
:10FCD00012F00102BBD10623204611F0FCFFB6E76B
:10FCE0004B682046294698470346DAE7F6A5050003
:10FCF0006C5B0500786605002BA6050011A60500C3
:10FD0000F8B54FF470220746002311480D4611F054
:10FD1000E2F9044638B90F4A0F482B46012110F08A
:10FD200046FD2046F8BD00F10C060921304611F0D1
:10FD300027FA2046FCF70EF8084B182202FB003386
:10FD4000012130469F6011F026FA0570E9E700BFF7
:10FD5000940C00208FA305006C5B05000C4E002066
:10FD60002DE9F0410E8A043EF6B2022E04468CB014
:10FD7000084601D0102E64D104210C3011F03BFA5A
:10FD80000DF1080805884788011D3246404611F0EC
:10FD900088FA002857D0A5B300268FB3AF4230D3DE
:10FDA0004FF4205301A940468DF80460ADF80630A9
:10FDB00011F04AFA48BB1422002107A815F051F8A7
:10FDC00011212046FFF79CFF0990002837D0012120
:10FDD0000C30CDE9074811F0DEF900230A903946CE
:10FDE00003701A4A0B93284607AB11F041FFDDE977
:10FDF00009131B78FBB90846FCF74CF80A2301E00D
:10FE00003D4601232A4610210EE042F6010307A9D0
:10FE100040468DF81C60ADF81E3011F015FA002830
:10FE2000C9D010232A461946204611F054FF00205D
:10FE30000CB0BDE8F081204611F06CFEF7E7112010
:10FE4000F6E70420F4E70E20F2E700BFA503040064
:10FE50002DE9FF41036804460D461868012112F0A0
:10FE600015FC40B904F14C0011F026FFA0BB122094
:10FE700004B0BDE8F08110220021684614F0F1FFC3
:10FE800021212046FFF73CFF029038B3009405F192
:10FE90000C074FF001082B8A012B04D80299204649
:10FEA00011F038FE18E0384611F0B5F96B460C4AEF
:10FEB0008DF80C800146064611F0DAFE9DF80C30F4
:10FEC000002BE8D00298FBF7E5FF9DF80C30324696
:10FED0002021204611F0FFFE0020C9E71120C7E7CE
:10FEE000291F05002DE9FF41036804460D461868E7
:10FEF000012112F0CBFB40B904F14C0011F0DCFE03
:10FF0000A0BB122004B0BDE8F08110220021684699
:10FF100014F0A7FF0F212046FFF7F2FE029038B33E
:10FF2000009405F10C074FF001082B8A012B04D82F
:10FF30000299204611F0EEFD18E0384611F06BF9F9
:10FF40006B460C4A8DF80C800146064611F090FE77
:10FF50009DF80C30002BE8D00298FBF79BFF9DF832
:10FF60000C3032460E21204611F0B5FE0020C9E7C4
:10FF70001120C7E7AD1F0500F0B51D46036885B029
:10FF800004460E4618680121174612F07FFB38B967
:10FF900004F14C0011F090FE50BB122005B0F0BDF2
:10FFA00065B310220021684614F05BFF39462046F5
:10FFB000FFF7A6FE029018B3BDF82830ADF8043064
:10FFC00001238DF80C3029466B460E4A00942846D2
:10FFD00011F04EFE9DF80C3002995BB10846FBF71C
:10FFE00059FF9DF80C302A463146204611F073FE29
:10FFF0000020D3E7204611F08DFDF9E70120CDE781
:020000024000BC
:100000001120CBE7AD1F05002DE9F0410E8A043E1B
:10001000F6B2022E04468CB0084601D0102E76D1DE
:1000200004210C3011F0E7F80DF104080588478829
:10003000011D3246404611F034F9002869D085B3DD
:1000400077B3BD422DD86068012112F01FFB064630
:1000500078BB8DF8000042F6020369464046ADF8D1
:10006000023011F0F1F820B342F6030306A940462E
:100070008DF81860ADF81A3011F0E6F8C8B1012D0E
:1000800003D14FF6FF739F4213D004F14C0011F0DF
:1000900013FE002814BF002012200CB0BDE8F08130
:1000A0003D4601232A460821204611F014FE002077
:1000B000F3E7182200210DEB020014F0D2FE092113
:1000C0002046FFF71DFE0890F8B101210C30CDE964
:1000D000064811F060F80023099003700A238DF898
:1000E0002C30394606AB0C4A284611F0C1FD9DF86C
:1000F0002C3008992BB10846FBF7CCFE9DF82C302C
:10010000D0E7204611F006FDD1E71120C5E7042015
:10011000C3E70E20C1E700BF5D0404002DE9F043F2
:100120000F4687B00446062107F10C0011F063F872
:100130000588EDB1B0F80280B8F1000F17D0454541
:1001400016D8002382888DF800308DF8043001A97C
:100150004FF420536846D7F80C90ADF80220ADF864
:10016000063011F071F8064660B10A2301E04546F9
:1001700001232A460621204611F0ADFD002007B0DC
:10018000BDE8F0830146142201A83F7C14F069FE0B
:1001900007212046FFF7B4FD0290D8B10A238DF85D
:1001A0001530414601AB0C4A01942846CDE903695C
:1001B0008DF8147011F05CFD9DF8153002992BB18B
:1001C0000846FBF767FE9DF81530D2E7204611F090
:1001D000A1FCD3E71120D2E7490204007FB5CB6828
:1001E0001D8804468DB15E8876B1B5420DD81022C7
:1001F0000021684614F035FE05212046FFF780FDFA
:10020000019058B9112007E0354601232A46042100
:10021000204611F060FD002004B070BD6B463146F1
:10022000084A0094284611F023FDDDE9011323B9A3
:100230000846FBF72FFE0A23E8E7204611F06AFC88
:10024000E9E700BF311B05002DE9F04391B0D2F87A
:10025000008006460F46002542F601030068D8F8E4
:1002600004908DF82C500BA91446ADF82E3010F0E8
:10027000EBFF00286DD04FF4205330688DF82C50E0
:100280000BA9ADF82E3010F0DFFF38B1A3681BB119
:100290005A88BA4200D25F80012010E061680846A7
:1002A00011F0B6FBB8F82A20B8F81A309A4294BF79
:1002B000C0EB0200C0EB0300032803D8002011B0FC
:1002C000BDE8F083084610F039FF6168054608462E
:1002D00011F09EFB6B8A2A8AA3EB020C6B69EA6819
:1002E000D21AACEB0203B8F82AC0B8F81A20944529
:1002F00094BFC0EB0C00C0EB0200834228BF034652
:100300006BB9887AFBF71EFD0022002310F0E3FE94
:1003100005460028D2D00146606810F020FF002377
:100320000093D6F804803146102302AA4846C047FD
:10033000061E0EDB227CE068964227D001460BA801
:1003400010F0AFFF40B9237C134A1448022110F08B
:100350002EFA0023A3609FE7F2B202A906A810F0CC
:10036000A0FF10B90E4A3346EFE706A90BA810F01C
:100370006BFF0028EDD100236374042105F10C000C
:1003800010F009FFA0600780A36884E7324602A945
:1003900014F07AFDEDE700BF4AA605006C5B05008E
:1003A00069A605002DE9FF4105460E464FF00008FD
:1003B0004FF42053006817688DF8088002A914468E
:1003C000ADF80A3010F040FFA0B142F601032868F2
:1003D0008DF80C8003A9ADF80E3010F035FF48B150
:1003E00023691BB15A88B24200D25E80012004B05A
:1003F000BDE8F0816168286810F026FF10B1002385
:100400002361F3E7E368A0681A786AB1B7F81AC005
:10041000798D038A8C4594BFC3EB0C03C3EB0103B6
:10042000934201DA0020E2E704210C3010F0B3FE21
:100430002061068023695E80074B00930194A268C7
:1004400000232946384611F0E6FC0028EADB206943
:10045000003818BF0120CAE7511C05002DE9F347F9
:1004600017680546894600685168D7F804A0144605
:1004700010F0EAFE804600284BD1952229465046CE
:1004800012F0B1F80646207540B1E3681B780BB155
:1004900084F81480002002B0BDE8F0872946504659
:1004A00012F03AF910B908232375F3E7A06826750E
:1004B00010F044FE02210C3010F06DFE164B20614E
:1004C000A0F8009000930194A2683346294638466C
:1004D00011F0A1FC002807DA10F1FF0F26BF4042FF
:1004E000C0B20E202075D5E72369002BD2D0A068BA
:1004F00011F08EFA7B8D7A8B9A4294BFC0EB02008A
:10050000C0EB0300E3681B78984294BF00200120F1
:10051000C1E70120BFE700BF211A05002DE9F04126
:1005200082B000AF044688463E4800220023394688
:1005300005F086FF0546B0B16D4688B06A463A4B75
:10054000CDE90534032342F8103F384800234FF427
:10055000C251F9F793FEAD466FF00B0630460837EF
:10056000BD46BDE8F081FBF701FA314B1A58314B1B
:1005700038681A602946242214F073FC3B682E4820
:100580001C603C687D60C4E90155C4E90755002240
:100590000023391D05F054FF064688B123686C46D8
:1005A00088B06A462549CDE90513032342F8103F78
:1005B0001E482B464FF4C451F9F760FEA546CBE721
:1005C0000146A022786814F04CFC78681C4B8360CC
:1005D000543013F028FD7B68BFF35B8F4C3353E836
:1005E000002F43E800610029F9D1BFF35B8F7B68DE
:1005F0001C60E3697D681BB904F10C0013F013FD66
:10060000E269C5F89820226A05F19803E36102B90E
:1006100023627B6817225A855A830433C8F8003056
:100620009CE700BF240B002088A605006C5B05003A
:1006300008000000544E0020400B0020ADA605002D
:10064000AC08002008B5837A072B06D00C4A02219B
:100650000C4811F0F5F9002008BD042111F0C3F990
:1006600010B9094A0121F3E7BFF35B8F836CBFF335
:100670005B8FDB0701D4054AF4E750F8040CEBE785
:10068000D2A605006C5B0500E0A6050022A50500CA
:100690002DE9F04F85B000AFB860EFF3118840232B
:1006A00083F31288BFF36F8F5B4D284611F0A6F9D4
:1006B0002E68044688F31188BFF36F8F00285FD03F
:1006C000FBF748FB5549182202FB00F3C81851F804
:1006D00003A00369FB600021D0E9025890F8049060
:1006E000B0F806B014F0BDFBA07AFBF72BFB6169F4
:1006F000034659B1627AD00706D4DA697B60126882
:100700002046926890477B68002262612146184625
:1007100013F09CFCB9F1000F0DD065B12B6853B1FB
:100720001B6843B1BAF1000F2ED03D4A3D485346F5
:10073000012110F03CF81EB3B968002013F038FD19
:1007400000281DDA6C468AB06A46374B0593374B52
:10075000CDE906304FF40073ADF82030344B42F849
:10076000103F304800234FF41151F9F787FD002363
:10077000A54683F31188BFF36F8F0323184602DF6A
:100780001437BD46BDE8F08F281D11F03FFC4846E8
:10079000FFF78AF80528CED801A353F820F000BF50
:1007A000E9070400B907040037070400E90704005B
:1007B00037070400B9070400BFF35B8FEB6CBFF38E
:1007C0005B8FDA0705D41B4A1648012111F038F96E
:1007D000B1E72B6D002BAED04FF47022002305F152
:1007E000680006F0F5F9A6E72B68D3F80090BFF390
:1007F0005B8FEB6CBFF35B8FDB07E4D5B8F1000FC9
:1008000099D0002403E0F9684846C0470134A3B2F8
:100810009B45F8D88FE700BF044E00200C4E002007
:10082000FBA605006C5B05001AA705003CB405009B
:100830000400000122A50500F8B50F461646FFF793
:1008400001FFB0B1C46920461CB150F8984904B109
:10085000983C731C194638B1428B458DAA4228BF7B
:100860002A469A4207D264B90A4A0B4802210FF07D
:100870009EFF0020F8BD32463946BDE8F840FFF73C
:100880001DB9D4F8985005B1983D20460B462C462A
:10089000E2E700BF35A705006C5B050007B50B4616
:1008A00002460021FBF762F801910E4909580E48F3
:1008B0000068884204D00D48D0F88000884201D1F9
:1008C0000022134601A90A4805F0BAFD014638B9CD
:1008D0000198102214F0C5FA019803B05DF804FBEA
:1008E0000020FAE708000000544E0020703100207C
:1008F0005C0B002010B50446806818B1FBF7CAFAFB
:100900000023A36021460248BDE8104013F0BABAA4
:100910005C0B00202DE9F743044668300F469046F3
:100920001E4613F082FC206D50B9154A154802216D
:1009300011F086F8204603B0BDE8F04300F08AB815
:10094000114B98424FF0000317D045684360206D6B
:10095000D0F80C90FFF7CEFF00232068236511F03C
:100960008AFB3DB12068CDF80090006843463A46C6
:100970003146A84703B0BDE8F0831D46ECE700BF51
:1009800050A705006C5B0500584E0020F7B550F8E5
:10099000044C0546002C59D000F1940104F11C00D0
:1009A00011F071F92E1F05F150070022002338467F
:1009B00005F036FE024678BBEB6C2BB101466FF0BA
:1009C00067033046FFF7A6FF002345F8043C05F116
:1009D0004803BFF35B8F53E8001F21F0010143E898
:1009E0000012002AF7D1BFF35B8FE36973BB04F1F8
:1009F0000C0600220023304605F012FE78B9666826
:100A000086B913482660214613F03CFA286803B0E3
:100A1000BDE8F04000F00EBFFBF73CFAC5E7FBF77E
:100A200039FAE6E7A26833686360964208BFA360BC
:100A300077683FB1F3680093002320681A466FF08F
:100A40006701B8473046FFF755FFD8E703B0F0BD60
:100A5000240B002010B504460430FFF797FF6068B0
:100A6000132110F088FE034630B1044A0448BDE863
:100A7000104001210FF09BBE10BD00BF67A705000D
:100A80006C5B0500F0B5044689B054F8683D00AFD2
:100A900019683846FEF7B4FB6E4688B06A460B4BC1
:100AA000CDE905374FF40073ADF81C30084B42F820
:100AB000103F00234FF4E2510648F9F7DFFB2046D0
:100AC000B546FFF7C7FF2437BD46F0BD85A7050033
:100AD000030000016C5B0500F8B51D460F46164685
:100AE000FBF738F9044C182303FB0040C0E90376F8
:100AF0000123C3800575F8BD0C4E002008B530B940
:100B00000749084811F0C4FB38B1074808BD054A39
:100B100012F8011C10F04FFEF6E70020F6E700BFC8
:100B2000E8B30500814E0020804E002010B5074C30
:100B30002378834207D1601C11F0AAFB002814BF60
:100B40002046002010BD0020FCE700BFE057002039
:100B500010B54A1C0C4628B1097810F02CFE30B1B3
:100B6000204610BD0349104611F092FBF7E7002024
:100B7000F7E700BFE8B30500024608B508490130B1
:100B800011F09DFB002313720C32BFF35B8F52E810
:100B9000001F42E800300028F9D1BFF35B8F08BD89
:100BA000E8B305002DE9F04180460F4616461D4684
:100BB000FFF7BCFF044680B91249FFF7B7FF0446B0
:100BC00030B9114A1148BDE8F04101210FF0E6BDEE
:100BD00000F8018B394611F072FB23892BB9628929
:100BE0002AB926816581BDE8F0819E4204D36289DD
:100BF000AA42F8D29E42F5D263892681AB42F2D254
:100C0000F0E700BFE8B30500B8A705008C5B05005E
:100C10002DE9F041214B154682689A42074602D1E0
:100C2000C4686389E3B90120BDE8F08105F170086B
:100C3000287A414610F050FC68B9194B9C4202D109
:100C4000284611F0C8FB1749304611F038FB002345
:100C50002370238119E04146304611F030FB14E047
:100C6000238993B12646284616F8011B324610F018
:100C7000A2FD0028DAD120783146FEF74BFA20B1E8
:100C8000857AFDF743FE072DCDD0E3680021618111
:100C9000002BC8D038469847C5E700BFCD0C0400EC
:100CA000FC080020E8B3050008B513F070FE38B169
:100CB000044A0346012104480FF079FD6FF0040057
:100CC00008BD00BFD7A705008C5B05002DE9F843E0
:100CD0001E46BDF82030D1F80C8081460F46002B0F
:100CE00045D1731E012B45D8012E41460CBF157806
:100CF0001588FFF72DFF0446C0B915B93046BDE889
:100D0000F8834146FFF724FF044638B91B481C4AC4
:100D100002210FF043FD6FF01000F0E709F17001C0
:100D2000013011F0CCFA99F808302370D8F810305F
:100D30008BB92581B8F80A30AB4203D0414638461A
:100D400011F0C4FA002DD9D10E49601C11F0B7FA88
:100D500025702581D2E72A4639464846984700281B
:100D6000CDDB01380128E4D96FF00D00C7E76FF043
:100D70000600C4E76FF00C00C1E700BF8C5B050004
:100D8000EDA70500E8B305002DE9F0419846BDF850
:100D90001830012B0646174635D84344012B4546EB
:100DA00034DCFFF7ABFE044668B9FFF7A7FE044644
:100DB00048B9194A194802210FF0F0FC6FF01005EC
:100DC0002846BDE8F081B8F1000F11D0217A002348
:100DD00021FA03F2D00703D53A78DA40D20718D5C2
:100DE0000133032BF4D13B7803F00703194321723D
:100DF000601C06F1700111F062FA337A237020460C
:100E000011F065FBDCE76FF00605D9E76FF00C0524
:100E1000D6E76FF01205D3E707A805008C5B050045
:100E200010B504461448BFF35B8F50E8003F23F031
:100E3000020340E80032002AF7D1BFF35B8FBFF313
:100E40005B8F0368BFF35B8FDA0704D500220023B2
:100E5000303805F0BDFE204611F0D4F950B12046DF
:100E6000FFF74CFE30B1037ADB0703D5BDE8104035
:100E700011F02DBB10BD00BFA028002010B51548F3
:100E8000012111F00DFAC30723D40221114811F0FA
:100E900007FA084007D11049104A0B88104CA242AB
:100EA00011D300B10B800F490F4813F0B2F90E486F
:100EB0004FF4A4720023FBF7D1F8BDE810400B49B2
:100EC0000B4813F0A6B9506803449BB208320120C6
:100ED000E5E710BD904E0020EC5700202C5B05008C
:100EE000445B05005D11040000280020AD140400DF
:100EF000702800202DE9F041034648B1008A38B936
:100F00001249DFF84CE001244FF0140C714501D375
:100F1000BDE8F081D1E90076BB4204D30CFB067238
:100F2000143A93420ED93444A2B208311446EDE784
:100F30000CFB0578434507D001356219AE4292B2E9
:100F4000F6D1F2E70025F8E71046E1E72C5B050053
:100F5000445B05002DE9F74FBDF8305000919946EC
:100F60004FF6FF73002D08BF1D46244B1B8883429C
:100F7000074690463CD203B0BDE8F08F7368234427
:100F8000BB4232D29CB208361D4B9E42F6D3F2E7EA
:100F900089580193404610F057F9019B90B10134F4
:100FA0000AF1010AA4B273685345ECD9009B9C4234
:100FB000E1D8BC42F3D331680BFB0AF28B18B8F1CD
:100FC000000FE5D1B9F1000F0BD1013DADB21846CC
:100FD0000E9A0D9B21469847002DCCD00028DED1DB
:100FE000C9E7DA689145DAD1EFE74FF0000ADAE7AE
:100FF000044E01244FF0140BC6E700BFEC5700204D
:10100000445B05002C5B050030B5E5B010220021E3
:1010100001A813F026FF182200210DEB020013F0A7
:1010200020FF4FF41053ADF81430274C8023ADF857
:1010300016304FF48063CDE90734102262AB01A96A
:1010400005A807F0F1F80CAD034630B11F4A20485F
:1010500001210FF0ACFB65B030BD01464FF4AC721E
:10106000284613F0FEFED5F858112246284613F004
:101070008BFC034608B1174AE9E7174A2B464FF69F
:10108000FF71012011F0A2FA144905AB1022284685
:1010900013F08FFC0446D5F8580107F087F814B117
:1010A0000F4A2346D3E70D4B214603F110020131CD
:1010B000187812F8014D03F8014B08291070F6D189
:1010C000084811F0EDF8C6E70002C00333A8050098
:1010D0008C5B05005CA8050023240500F027002098
:1010E0007AA80500A02800202DE9F0411849BDF894
:1010F00018700446A1F1300015461E4613F0A8F8FA
:10110000BFF35B8F134B1B68BFF35B8F190701D4D1
:10111000FFF77AFF2046FFF7F1FC044668B1037A37
:10112000DA070AD50C30BFF35B8FE368BFF35B8F40
:10113000DB0702D4022111F0B3F8102306933A46DC
:1011400031462846044BBDE8F04111F0D7B800BF46
:1011500030280020A0280020F0270020054BBFF3F6
:101160005B8F1B68BFF35B8F1B0701D4FFF74CBF7E
:10117000704700BFA028002007B500230193FFF7A8
:10118000B9FE411C89B20846034A01AB11F01EFAB0
:10119000019803B05DF804FB552205002DE9F043EA
:1011A00087B0837A072B02AF80460C46154640F085
:1011B000A68000233B73206842F6030307F10C016D
:1011C000FB8110F041F80646002834D1D4F8049091
:1011D000B9F1000F05D14C4A4C4801210FF0DEFA5D
:1011E0008DE00123009007F108022146C847031E45
:1011F00011DA6D4688B002AA4549D3610423C2E9D9
:10120000051442F8103F414833464FF40151F9F7B5
:1012100035F8AD4673E0012B05D03E4A3B4801212D
:101220000FF0C5FA6BE03B7A13F0300F67D0204621
:10123000FFF7A2FF0446002320683B7307F10C016F
:1012400042F60213FB810FF0FFFF18B12046FFF7B3
:1012500093FF0446002642F6021920683E70394684
:10126000A7F802900FF0F0FF18BB002320683B7333
:1012700007F10C0142F60213FB810FF0E5FF064671
:1012800000283CD1D4F80490B9F1000FA3D000900D
:10129000022307F10C0221464046C847031EA8DB83
:1012A000022BBAD1BB8905EA0300003818BF012020
:1012B00026E020683E7142F60303391DFB800FF0E3
:1012C000C3FF0028D1D020683E724FF4205307F1AD
:1012D00008017B810FF0B8FF0028C6D020683E735C
:1012E00042F6010307F10C01FB810FF0ADFF00286E
:1012F000BBD02046FFF740FF04460028ADD10020B8
:101300001437BD46BDE8F08390A805008C5B05004E
:10131000A4A80500CAA805002DE9F843894651682C
:10132000B1F8128018F09408074615463CD1022205
:10133000FFF734FF00283AD04FF470200021AE8A26
:10134000FFF7ACFA0236044660B11A4B4360C56041
:1013500032461D213846FFF76FFA064638B9204657
:10136000FFF7C8FA6FF00B052846BDE8F8830123A4
:1013700042464146FFF7B0FBA98A06F10C00023154
:101380000FF009FF20F8029BAA8A296913F042FD99
:10139000A6602146384610F018FF05460028E3D025
:1013A0002046FFF7A7FADFE74FF0FF35DCE76FF0E5
:1013B0001505D9E75B22050070B504468AB00D46D5
:1013C000374BBFF35B8F1B68BFF35B8F5A0761D549
:1013D00010B1837A072B60D16E6805963046FFF70F
:1013E00089FD2A68ADF8180032B305A902912D498C
:1013F00001910121002300914FF6FF710593FFF742
:10140000A9FD059E1EB96FF001000AB070BD6E60A7
:10141000002330688DF8103004A942F60303ADF8BC
:1014200012300FF011FF70B90598C3689B799B06C5
:1014300005D46FF01500E8E70028E9D1E3E711F0E3
:101440007EF8ADF81800BDF818003CB10123014644
:10145000AB752A462046FFF75FFFD6E76FF07F03A4
:1014600007930223ADF8203042F60213ADF8123094
:1014700005ABAC7502930C4B01930123009304AAB6
:1014800023464FF6FF7109958DF81040FFF762FD76
:101490000798BAE76FF00A00B7E76FF07F00B4E78C
:1014A0001406002089220500E916040013B550F83F
:1014B000082C01920346A0F1200100F13004BFF393
:1014C0005B8F54E8002F22F0010244E8002000283E
:1014D000F7D1BFF35B8F0D4A43F81C2C0C4A43F83D
:1014E000182C01AA002043F8102C042223F8080C21
:1014F00023F8060C23F80C2CFFF75EFF18B9022125
:10150000204610F0CDFE02B010BD00BF14670500EC
:10151000210E0400F8B5304B8168994200AF0446B3
:1015200021D1C66815683389EBB13246284612F8D6
:10153000011B10F040F9B0B14FF4957221462846D6
:1015400011F051F8032811D16D4688B06A46234B3B
:10155000CDE9053442F8100F214800234FF4C4515F
:10156000F8F78CFEAD460120BD46F8BD3146204659
:1015700010F0ACFE1B4B9E42F5D1287A05F17001AC
:10158000FFF7D4FA04460028EDD0038913B9438944
:10159000002BE8D02846FDF71FFB134B228923F8C8
:1015A000202003EB8003628910495A80182202FB35
:1015B00000110F4A4A600B610E4A8A6004232846D4
:1015C0008B82FFF7F9FE0028CDD00B4A0448012199
:1015D0000FF0E4F8C7E700BFCD0C0400E3A8050056
:1015E0008C5B0500FC080020DC570020684E0020C2
:1015F00014670500D7240500F7A8050070B5044658
:101600008AB00D46354BBFF35B8F1B68BFF35B8F12
:101610005A075DD510B1837A072B5CD16E680596A9
:101620003046FFF767FC2A68ADF8180032B305A909
:1016300002912B4901910121002300914FF6FF7186
:101640000593FFF787FC059E1EB96FF001000AB0F5
:1016500070BD6E60002330688DF8103004A942F62A
:101660000303ADF812300FF0EFFD70B90598C368B1
:101670009B79DB0605D46FF01500E8E70028E9D177
:10168000E3E710F05CFFADF81800BDF818002CB1CE
:1016900001462A46204610F0C4FFD8E742F602125F
:1016A000ADF8122005AA6FF07F0302920D4A07934E
:1016B0000123CDE90032ADF8203004AA23464FF6CD
:1016C000FF7109958DF81040FFF744FC0798BEE7BD
:1016D0006FF00A00BBE76FF07F00B8E71406002048
:1016E00089220500E9160400F8B5364B15468268D4
:1016F0009A42044601D00120F8BDC768324B9F4290
:1017000046D03A89AB899A42F5D1394611F8010B96
:10171000FDF700FD06460028EDD0837A072B05D0A3
:10172000FDF7F4F8E7E7FDF7F1F8EAE77B6923B1A5
:101730002146984708B93046F2E7648A14F09404C9
:10174000F9D1AB89022B16D13C8914F002040AD0DE
:101750002A69A9883046FFF7DFFD044618B92A69CF
:10176000937D013393753046FDF7D0F8002CAC60C3
:10177000C1DA0020C0E7012BF5D13C8914F0010447
:10178000F1D02A69A988304610F04BFF0446EAE7F9
:101790000E4E0F49304610F07BFD0028B1D116F8EF
:1017A000010C07223146FDF709FD0028BBD12B694A
:1017B00016F8010C1A69314653881288FFF7F2F9BE
:1017C0009FE700BFCD0C0400FC080020E15700207B
:1017D000E8B3050007B5064A00906B4601204FF6B6
:1017E000FF718DF8040010F0F1FE03B05DF804FB0A
:1017F000151504002DE9F0410D4B1B6806460F46F8
:10180000904623B153F8044904B1043C0BB9BDE838
:10181000F0811B681BB142463946304698472CB1CF
:10182000656805B1043D23462C46EFE72546FAE7F7
:10183000944E002070B503460F4A04464FF6FF71E0
:10184000012010F0C3FE2046FFF758F9054688B185
:1018500004F17006207A31460FF03EFE20B928468A
:10186000BDE87040FFF788B93146681CBDE870409C
:1018700010F025BD70BD00BF110C04007FB54FF402
:101880002052ADF8162004AA02920B4A0023012030
:10189000CDE900324FF6FF7105AA04938DF814309C
:1018A000FFF758FB049B012B14BF6FF015000020BD
:1018B00007B05DF804FB00BF2127050080B500AF2D
:1018C00088B06A46074BCDE90530032342F8103F44
:1018D000054800234FF4C251F8F7D0FC6FF00B001D
:1018E000BD4680BD1CA90500BC5B050008B5064AC5
:1018F000136823B9054850600A60184608BDFFF711
:10190000DDFF6FF00B00F9E79C4E00208C670500AF
:1019100010B5094C0A44914200D110BD11F8013BA9
:10192000584003090001E35CC0B2434018091B01A1
:10193000205CDBB25840EEE758B40500142870B5BF
:1019400003460C4612D80B4A12F81010D4E90005D1
:1019500002EB4302A0FB01065278002301FB056164
:10196000EFF7B4FBC4E90001002070BD6FF0150073
:10197000FBE700BF68B4050008B503F0E7FD0346C8
:1019800068B10748074A01210EF011FF06486FF0C1
:1019900004034362BDE80840143010F001BF08BDE5
:1019A0004C5B050048A9050090060020044B93F805
:1019B0003A3013B1034803F077BEFFF7DDBF00BF35
:1019C00090060020851A0400094BBFF35B8F53E893
:1019D000002F511C43E800100028F8D1BFF35B8FA3
:1019E0000AB9FFF7E3BF6FF00F025A62704700BFFA
:1019F0009006002080B500AF88B06A46094BCDE95B
:101A000005304FF40073ADF81C30074B42F8103F1F
:101A1000064800234FF4E251F8F730FC6FF0040061
:101A2000BD4680BD62A90500030000014C5B0500B6
:101A300010B500220F4904460F4812F0EEFD0020B9
:101A400003F070FC024678B901210720F9F788FEFF
:101A50000A48C36813B9043010F0A2FE20460849B2
:101A6000BDE810400EF048BF2068FFF7C3FF6FF0DD
:101A7000040010BDC9190400F006002090060020E3
:101A80009D270500F8B50378002B40F09A80574C4D
:101A9000E36A94F850701F42254607D1A36A002BD1
:101AA0003FD15348BDE8F84010F07ABE94F8981042
:101AB000A26D94F85160A1B90121DBB20B420BD0A9
:101AC0000F4208D016EA010CB2F9000024D000EB56
:101AD000D070401010800232490089B2B942EDD96D
:101AE000DCE73340018915D002EB41019142D5D0AA
:101AF000B2F9003003EBD3735B1022F8023BF5E739
:101B000032F91360002EB8BF22F8130001338B4264
:101B1000F6DBC3E71846FAE70028B8BFA2F800C012
:101B2000D9E7236C43B1B4F84C2032493248984786
:101B300001280BD0022837D0B4F84C30B4F8482034
:101B40009A4231D90133A4F84C30002094F89830EF
:101B5000B3B994F8521018B9A36D03EB4103A36510
:101B6000A06D03F0B3FC034650B12448244A012180
:101B70000EF01DFE6FF004031D48636210F010FEAE
:101B8000E36B1BB9BDE8F840FFF710BFBFF35B8FF5
:101B900055E8003F5A1E45E800210029F8D1BFF35F
:101BA0005B8F012BEEDCF8BDE36B002B3FF479AFCC
:101BB00094F89830002B7FF474AF124805F0F6FDCE
:101BC0006FE7022B0FD103F0C1FC03460028EAD0D7
:101BD0000A480D4A01210EF0EAFD04486FF00403A3
:101BE000436214305EE7052BDDD15AE790060020F2
:101BF000A4060020B8060020DC5705004C5B050059
:101C000082A90500F006002048A905002DE9FF4142
:101C10000F464FF0FF3380484FF0FF3204F066FD6F
:101C20007E68731EFE2B05D97C4A7D4801210EF08B
:101C3000B5FD10E00024254626FA04F3DA0715D591
:101C400003F0B8FBE040C3070ED4764A234674483D
:101C500001210EF0ACFD6FF015046F4810F0A0FDEF
:101C6000204604B0BDE8F0810135EDB20134082C06
:101C7000E2D10DB96C4AD8E73B7CA3F10802062AF1
:101C80000FD8DFE802F0100E120E040E0C00022135
:101C9000012D7A7C0BD0002A46D0644AC5E7032187
:101CA000F6E7634AD3E70021F2E70121F0E7082ACB
:101CB00006D8DFE802F00808080808080808080045
:101CC00013465C4AC3E73B6873B35C6864BB18683F
:101CD00001387F2828D88DF808208DF809401B6826
:101CE000554A1B01013BADF80A30012382F89830B8
:101CF0008DF80C3002AA514B304603F097FB044696
:101D00000028AAD13B686A0013B19B8903FB022219
:101D1000FB68934211D2424800920121484A0EF0DA
:101D200050FD6FF00B0498E7434B002083F89800B8
:101D3000424B304603F044FBE1E73F4E86F85250F9
:101D400096F89830B868B065B04673B13B689D8925
:101D50000135A9B203F0BAFB044640B1394A034643
:101D600001212F480EF023FD77E72946F2E7BC4614
:101D7000BCE80F00344D0FC5DCF800302B607462F6
:101D80003B68002B45D00FCB2F1D87E80F00F36B6E
:101D9000B762A6F84C40002B3BD0BFF35B8F58E8EE
:101DA000003F48E80042002AF9D1BFF35B8F96F864
:101DB0009810E1B9F46B2548254A4FF400470023F9
:101DC000E4FB0701EFF7D2F90022CDE9000100237F
:101DD00005F1280005F0B2FC1E484FF0FF324FF02D
:101DE000FF3304F083FC00B17062746A35E703F0DE
:101DF000ADFB03460028EFD0174A094801210EF039
:101E0000D6FC6FF00403A5F12400736210F0C8FC47
:101E1000E2E7FFF7CBFDDFE7940600209BA9050072
:101E20004C5B0500B9A90500D3A905000EAA050061
:101E3000E9A9050040AA050090060020851A0400C3
:101E400063AA050082A90500B80600203F420F00E2
:101E500040420F00A406002048A9050030B587B015
:101E600000230393CDF80F304B798DF813300B79A5
:101E700013F020050C4615D08A797F2A08BFFF226F
:101E80008DF81420C3F3040203F01F03072B8DF811
:101E9000152009D95A4A5B4801210EF088FC6FF0E1
:101EA00015059DE0FF22EBE722780C2A1ED8DFE81B
:101EB00002F00A07111D131D151D1D17191D1B000A
:101EC00001228DF80E206278032A15D0042A16D03C
:101ED0004D4A0CE00222F4E70322F2E70422F0E785
:101EE0000522EEE70622ECE70722EAE7474A4548E3
:101EF00001210EF053FCD2E701228DF80F206288F9
:101F000044F20A018A4227D843F6FE718A4203D876
:101F1000002A4BD03E4AEAE7A2F57F523F3A0B2A0D
:101F2000F8D801A151F822F0B51F0400151F0400D4
:101F3000151F0400151F04007B1F0400151F04005B
:101F4000751F0400151F0400151F0400151F040051
:101F5000151F0400AD1F040044F214018A4227D06B
:101F600044F228018A4225D044F20F018A42D1D19D
:101F7000032200E001228DF810202649012000FAFA
:101F800003F391F85020DBB26DB3A5797F2D13D107
:101F9000134381F85030237991F8512003F01F0347
:101FA00000FA03F3134381F851300BE00222E2E719
:101FB0000422E0E70522DEE722EA03028DF81100A1
:101FC00081F8502003A811F0A8FD054640B12379FF
:101FD00003F01F03104A009001210A480EF0F1FBA4
:101FE000284607B030BD134381F85030237991F86B
:101FF000512003F01F0300FA03F322EA0303D2E7A0
:1020000088AA05004C5B0500BEAA05009FAA050032
:10201000E2AA0500900600200DAB0500084B70B544
:10202000C31A0D4607499B100446594306484022EF
:1020300010F0C1FB2B4601462046BDE87040184712
:10204000F84E0020B76DDBB6DC56050073B50C4CBE
:102050000C4A4023041B00930D460B460A49A4106A
:1020600061430646094810F0D2FB014628B13046CC
:102070002B4602B0BDE87040184702B070BD00BFEB
:10208000F84E00207B280500B76DDBB6DC56050056
:102090000022F8B5012105461046F9F761FB10480A
:1020A00002F08EFB0446B8B911F0BEF92F690D4954
:1020B00038460DF0A7FE031E09DB01263E642D699C
:1020C000084905F11C000DF09DFE031E02DA1C46B6
:1020D0002046F8BDEE64FBE76FF00404F8E700BFAC
:1020E00011220400B46705001FB500220123CDE9C9
:1020F00002236C46074A6B46CDE9004410F0B6FB5C
:1021000028B94FF480420023684604F0EFFA04B087
:1021100010BD00BF8D28050010B5EFF311844023DA
:1021200083F31288BFF36F8F074A136823F002010D
:10213000DB07116002D4012011F070F984F31188DB
:10214000BFF36F8F10BD00BF484F002030B4104B5D
:102150000C2202FB003301460020D3E90E529863A3
:10216000EFF31180402484F31288BFF36F8F1C6C4F
:1021700004F0C00444F002041C6480F31188BFF32F
:102180006F8F1DB12B46034830BC184730BC7047D9
:10219000F84E0020DC56050010B4EFF31180402209
:1021A00082F31288BFF36F8F17490B6843F0020464
:1021B00013F001030C601AD04FF08043D3F80C14D5
:1021C000D3F80C3413F0010311D0EFF3118182F333
:1021D0001288BFF36F8F0D4A136C03F0C00343F0F6
:1021E0000203136481F31188BFF36F8F012380F31F
:1021F0001188BFF36F8F1BB110BC0020FFF7A6BF83
:1022000010BC012002F0CCBA484F0020F84E00204C
:1022100010B1012804D07047034B1B6C5B0701D140
:10222000FFF794BF704700BFF84E00202DE9F04142
:102230003849BFF35B8F8046012251E8003F41E8F7
:1022400000200028F9D1BFF35B8F33B932493348FE
:102250004B60CB608A600DF0E8FD08F1FF33012B85
:102260004BD8B8F1010F07D14FF08043D3F81C349D
:1022700003F00303012B40D012F015F8054658B1C6
:10228000EFF31186402383F31288BFF36F8F01258C
:10229000234F4FF080441EE0224B1B78002BEFD0E1
:1022A0004FF080430222C3F808230646F0E735B317
:1022B00030460EF0E0FED4F8183563B9D4F80421A6
:1022C0004AB1C4F80431D4F804310123C4F81835F4
:1022D000C7F88031A360D4F81824D4F81834D20396
:1022E000E5D503F00303012B02D0B8F1010FDED1D5
:1022F00055B186F31188BFF36F8FBDE8F0810021DF
:10230000212012F097F8D6E74FF080430222C3F85D
:102310000423F2E7F44E0020E44E0020144F002086
:1023200000E100E07C94002008B50448F6F77AFF4D
:102330000248F9F7CDFC002008BD00BF412304008E
:1023400073B5104E8DF807000446032501220DF1E8
:102350000701002003F076FE20B1012333702046F0
:1023600002B070BD3378002BF9D0013D08D011F0D8
:102370009AFF0028EAD10021422012F05BF8E5E73D
:102380003570ECE796910020EFF31182402383F340
:102390001288BFF36F8F0A4BD3F8001161B100218F
:1023A000D3F80805C3F80011D3F80031C0B282F3A6
:1023B0001188BFF36F8F70476FF00A00F7E700BF17
:1023C00000D00040F0B503468478C678EFF3118E54
:1023D000402080F31288BFF36F8F1D7893F801C0FF
:1023E000641B3440A24288BFA2B2AF1837402846CF
:1023F0001F708EF31188BFF36F8F8F188F4218D123
:1024000065450CD1EFF31181402080F31288BFF3B2
:102410006F8F1878587081F31188BFF36F8F1B7915
:10242000A41AA34228BF074B90B224BF01221A600E
:10243000F0BD03EB000E01309EF805E001F801EB62
:102440003040DBE700D00040DB432DE9F04713F0DC
:1024500001050F46144604D02448FFF7B3FFBDE83A
:10246000F087B2B3EFF31186402383F31288BFF3F2
:102470006F8F0D20F9F766F980460D20F9F74EF9B8
:1024800086F31188BFF36F8FDFF864A0194ECAF886
:102490000051DAF800314FF400590123CAF8003036
:1024A0002546C6F88091DAF80031A3B1FFF76CFF3A
:1024B000031EA4BF05F1FF35ADB2C6F88091A8BFD9
:1024C0007B55002DEFD1B8F1000F02D00D20F9F7A8
:1024D00017F92046C3E7EFF31180402383F31288F6
:1024E000BFF36F8F0EF0C7FDDDE700BF6C4F00201C
:1024F00000D0004000E100E070B50D4614460CB974
:10250000204670BD4FF0FF334FF0FF320C4804F00F
:10251000EDF8224629460B48FFF754FF06460848C7
:1025200004F0B0F83EB94FF0FF324FF0FF330648E9
:1025300004F0DCF8E6E7A41BA4B23544DFE700BFF3
:102540004C4F0020814F00205C4F002038B5012205
:102550001146174811F088FD154D0122002105F1A3
:10256000100011F081FD40F207432B874FF070639C
:102570002B620C2385F8243000240E4B85F835405F
:10258000EC86D3F8042522F00102C3F804250121CA
:10259000C3F80041D3F80021C3F8041322461960A0
:1025A0000D20F9F7DDF80D20F9F7AAF8204638BD1F
:1025B0004C4F002000D0004010B5FFF7E5FE00288A
:1025C00020DB174B93F8222093F8214093F8231037
:1025D000141B31EA0404C0B20DD193F8372093F8EC
:1025E000364093F83810141B31EA04040BD10D4B1C
:1025F00001225A600EE09C180132114084F8250037
:1026000083F8221010BD9C180132114084F83A0062
:1026100083F837100448BDE8104004F033B800BF19
:102620004C4F002000D000405C4F0020024B0B605C
:1026300001231360704700BF904F0020004870478F
:10264000E067050007B50346054A009105480121EA
:102650000EF0B7F86FF0150003B05DF804FB00BF93
:1026600092AB0500E45B050010B501221146074856
:10267000074C11F0F9FC02F0F1F811F02AFA206091
:1026800011F023FA6060002010BD00BF984F0020B9
:10269000904F00204FF08042D2F81015D2F810353C
:1026A00001F01E0123F01F030B4343F00103C2F8A6
:1026B0001035024B00221A70704700BF979100201E
:1026C0004FF08053D3F83031082B20D14FF08042A7
:1026D000D2F81015CB071AD5D2F8103501F01E012B
:1026E00023F01F030B43C2F81035D2F808315BB159
:1026F000D2F8103523F01F030B4343F00103C2F857
:1027000010356FF08B007047024B01221A700020C9
:10271000704700BF97910020F8B5044611F0D5F935
:10272000237B05460BB110F08EFE134F0026FFF7FA
:10273000C7FFE8B9606802F015FCA3685B1BA360E3
:1027400063682B4463603B780BB1FFF7A3FF237BE7
:1027500001363BB9A368002BE9D1A068003818BF47
:102760000120F8BD304602F005F90028F2D0F4E768
:102770006FF08B00F5E700BF9791002070B5037BE9
:1027800004460BB110F05FFE194E0125A368032B20
:1027900006D8184AD2F80034DB07FBD5002070BDFC
:1027A000FFF78EFF08BB23686068196802F0F6FB2C
:1027B00033780BB1FFF76EFF6368043363602368FF
:1027C00004332360A368043BA360237B0135002B03
:1027D000DCD0284602F0CEF80028D7D0054AD2F83F
:1027E0000034D907FBD50120D9E76FF08B00D6E77D
:1027F0009791002000E00140F0B589B00E461546E3
:1028000011F063F929460746304610F0E0F860B34E
:10281000B6FBF7F307FB136323B9B5FBF7F407FB2C
:1028200014545CB11F4A009533461F4801210DF036
:10283000C8FF6FF01504204609B0F0BDBD42FAD3C1
:102840004FF0FF334FF0FF32184803F04FFF10F006
:10285000EEFD04AB014660B91022184612F001FBF0
:10286000CDE90565FFF758FF16E0114A009533469C
:10287000DBE710222146184612F0F3FA01228DF808
:102880001C200C4ACDE902200B48CDE9056501F07A
:10289000EDFF02A801F0F0FF0446044803F0F2FE49
:1028A000C9E700BFAFAB0500E45B0500984F00200F
:1028B00092AB050019270400645E010070B50D4657
:1028C00088B01946284616461C4610F080F858B9BC
:1028D0001D4A00942B461D4801210DF072FF6FF038
:1028E0001504204608B070BD45EA04039B0703D0D9
:1028F000174A00942B46EEE7002CF2D04FF0FF333E
:102900004FF0FF32134803F0F1FE10F090FD034644
:10291000CDE9046504A806948BB101238DF81C3021
:102920000D4BCDE9023041F64C5001F09FFF02A85B
:1029300001F0A2FF0446074803F0A4FED1E78DF89A
:102940001C30FFF71BFFF5E792AB0500E45B0500C9
:10295000CEAB0500984F00207D27040070B5466877
:102960000546B06890B111F04FF8014670B9B068F3
:1029700011F02EF8044678B902460949B06811F002
:1029800011F8224605210620F8F7EAFE28460549F7
:10299000BDE870400DF0B0BF6FF0040070BD00BF27
:1029A0002D2B0400CD2A05002DE9F043476840F2A5
:1029B0000636D0063B7C87B002EA060654BFC2F357
:1029C000401C4FF0030C01F01F05B6F5837F144641
:1029D00045EA43158DF803C044D00DD8062E16D015
:1029E00005D8A6B1022E3FD06FF0150037E0B6F53E
:1029F000807FF9D101260AE040F20222964235D0CA
:102A0000B6F5407F34D0B6F5007FEDD10226220323
:102A100030D57A6801238B40C2F80835B868A0BB6E
:102A200005F01F036D092DD0012D77D13E4A02EB31
:102A30008302C4F30043D2F8001783F00103C4F308
:102A4000404444EA430421F4E16144EA8C0421F067
:102A5000070144EA06230B43C2F80037002007B001
:102A6000BDE8F0830726D2E70426D0E70526CEE7A7
:102A70000326CCE7630341BF01237A688B40C2F889
:102A80000C35CBE74FF0A042D1E70DF10202294609
:102A900010F08BFF14F4403F80460CD1B8682946F3
:102AA00010F0B8FFB8F1000FD8D19DF80210B86847
:102AB00002F054F9D2E74FF0000901ABCDE90199DA
:102AC000CDE90439CDF80C90B86803AA294610F076
:102AD00041FE4845C2DB14F4003314D0C4F3004473
:102AE0009DF803308DF80E3084F001048DF80C60F1
:102AF0008DF80D40B8684B4603AA294610F0DDFE5C
:102B00000028CFDAAAE7CDE904330DF103030393DC
:102B1000B86803AA294610F01DFEF1E703F5E0733B
:102B200050F82330FFDE00BF00030050420970B5AB
:102B3000034602D0012A17D070BD0D4E326951688C
:102B40000029F9D003F01F0301250C689D400029DE
:102B5000F2D08A682A4002D04B68304698472CB1A0
:102B6000236821461C46F2E7024EE7E72346F8E7D2
:102B70001C570500FC560500F0B544681646A068D1
:102B8000227C01F01F0587B045EA421500286DD070
:102B9000B6F5001F04D1294610F08FFF002056E043
:102BA0006268607CC2F8240501AA0020B6F5800F97
:102BB0000190506037D1B3F1007F14BF0523042387
:102BC0008DF804300023CDE904230393E36823FA4E
:102BD00001F111F001010DF103073AD1B6F1A07F27
:102BE00037D105F01F036A0903F5E07326D0012AE7
:102BF0003FD1214A52F82330DB072AD4A0683A4655
:102C0000294610F0D2FE16301BD00297A06803AA06
:102C1000294610F09FFD002819DBA06801222946F3
:102C200010F0FAFEBAE7B3F1C06F05D0B3F1007F40
:102C300014BF01230223C3E70323C1E74FF0A042DF
:102C4000D8E7A068394602F08FF80028DDDA07B02F
:102C5000F0BDA0683A46294610F0A7FE0028D5D15D
:102C60009DF80310A06802F079F8CFE76FF08500B7
:102C7000EDE751F82330FFDE00030050044A054B16
:102C80009362054A1A60012100220320F8F768BD0B
:102C900054090020C04F0020003000402DE9F04FC3
:102CA00089B002AFD0F810A0BB6043683A61D3F896
:102CB00020B09B8A7B614FF0FF324FF0FF33054617
:102CC0000C460FF061FF0AF13C03FB600023002279
:102CD0000AF13C00002603F009FD33463A699642AA
:102CE00001D300235DE0207A010700F19B803A695F
:102CF0002168013696420BD2820709D4227D80EAF0
:102D0000020C0CF0010C02F004025CEA020C24D06C
:102D1000002B50D101F06042B2F1005F4ED1D4F8E7
:102D20000080A3884FF00009BA68CAF85080217A61
:102D300000922846424600F0A5F8031E31DB4FF40E
:102D40008042F868002303F0D1FC00284BD02846CD
:102D50000FF031FF6FF0730323E04FF0010862685A
:102D6000D7F814E003EB020CF44529D96C468CB07B
:102D7000286802A92E4ECA61C1E905637B690A462B
:102D8000C1E9083040F203530B852A4B42F8103F4B
:102D9000002329484FF45151F7F770FA6FF01B03E5
:102DA000A54628467B610FF0F3FE7B691C37184669
:102DB000BD46BDE8F08F4FF00008D0E79846CEE75B
:102DC000C00705D40BEB03007B6012F023F87B688F
:102DD00062681A4493B2B8F1000F0CD1002B9ED058
:102DE0009946D846A0E7DAF84C30002B1DDB237A51
:102DF000DB0702D400230C3470E7C345FAD1234625
:102E00000AE0A9EB0201D8687B601FFA81F918FA81
:102E100081F111F0FFFF7B685A689145A3F10C0323
:102E2000EFD2E7E76FF08503BBE76FF00403B8E785
:102E300030AC0500060000010C5C050008B5CA07AF
:102E400043680AD4C1F34201012909D002290FD0F5
:102E50000A4A0B4801210DF0A1FC6FF0150006E0B5
:102E60009B6A1B684FF0CC72C3F82425002008BD74
:102E70009B6A4FF0C8621B68F6E700BF16AD0500FD
:102E80000C5C0500F0B589B047680C461646002179
:102E900012220DF10E001D4611F0E3FF04F00103B4
:102EA0008DF80C30BDF838308DF80D30BB8C0495A2
:102EB000AB4206960AD20A4800930A4A2B460121E1
:102EC0000DF07FFC6FF01B0009B0F0BDC4F34002B1
:102ED00082F00102B86A520103A902F07DFDF3E716
:102EE0000C5C050028AD0500B0B5456800AFAB69C6
:102EF00004469847E86901210FF04EFE2A69A86A46
:102F00002346294610F0A4FE002818DA23686C46F0
:102F100088B06A460C49CDE905134FF40073ADF84B
:102F20001C300A4B42F8103F094800234FF4E2518D
:102F3000F7F7A4F96FF00400A546BD46B0BD0549FA
:102F400020460DF0D9FCF8E762A905000300000156
:102F50000C5C0500292C0500036803F01F025B09C7
:102F6000026004D0012B034818BF002070474FF0C7
:102F7000A0407047000300502DE9F04F00EB81099D
:102F80004C4985B01746064640F2FF1AB14503D1B9
:102F9000002005B0BDE8F08F3368C3F3C72818F0F0
:102FA0000808C3F3C322C3F308047CD142481B0EB4
:102FB000855C544508BF4FF0FF34192B76D8DFE805
:102FC00003F00D1C232675757575757575292F759C
:102FD000757575757575757532696C6FC7F80C45C3
:102FE000621C55D003A80394FFF7B6FF039B012290
:102FF00002FA03F3C0F8083528E0C7F81445631C4B
:1030000046D04FF0000B23E0C7F80845E8E7C7F8C3
:103010001045F4E7C7F80845002DF0D10625EEE786
:10302000C7F80C45F8E7C7F860457388601C03F0E3
:1030300001032DD0002BD5D103A80394FFF78CFFFB
:10304000039B012202FA03F3C0F80C354FF0010B89
:103050003368019303F40040002803A80CBFD8464E
:103060004FF0010B0394FFF777FF039C019B00EBEC
:103070008400C3F3412CD0F800472B0243EA8C03B1
:1030800043EA08030C40234343EA4B03C0F80037EC
:1030900004367BE7C7F86445C7E7C7F86845C4E767
:1030A000C7F86C45C1E76FF0150072E76FF0850057
:1030B0006FE700BFF0F8FCFF92B4050080B500AFE9
:1030C00088B06A46094BCDE905304FF40073ADF87E
:1030D0001C30074B42F8103F064800234FF4E251E2
:1030E000F7F7CCF86FF01200BD4680BD6FAD05005C
:1030F00003000001445B050010B5436804465869AD
:1031000010F05AFE28B120460549BDE810400DF0E8
:10311000F3BB2068FFF7D2FF6FF0120010BD00BFB5
:10312000353204000C292DE9F74F154641D004D85B
:1031300003290CD96FF0850019E04D29FAD14068B8
:1031400001A90DF0EBFD9DF804302B600EE0D0F8E6
:103150001080DFF880A0DFF880B019BFCCB227461E
:103160000227002408F10209BC4203DD002003B05D
:10317000BDE8F08F39F91400EDF768FD0646B8F8A0
:103180000800EDF75FFD01463046EDF7B3FD51460F
:10319000EDF7B0FD5946EDF761FEF1F70DFA0F4A74
:1031A0000023EDF793FF45F8080B013445F8042C94
:1031B000DAE703690A48B3F900304FF224421B11E1
:1031C00002FB0300C117054A0023EDF77FFFC5E9A5
:1031D0000002CBE73AA3154B0024744940420F008C
:1031E00040787D0108B502460B46406819B9BDE834
:1031F00008400DF022BD012914D00C2911D9192144
:10320000B3FBF1F1B1FA81F1C1F12201C9B209298F
:1032100008D9064A064801210DF0C0FA6FF0850072
:1032200008BD022112695381E1E700BF8BAD0500A3
:10323000445B05002DE9F743064645680769032905
:1032400003D8DFE801F0080FC11F6FF085042046A6
:1032500003B0BDE8F0830021284603B0BDE8F04389
:103260000DF0EBBC7B89012BF6D90C2B81BF192209
:10327000B3FBF2F1B1FA81F1C1F122018CBFC9B205
:103280000221E9E70DF1030128460DF085FD041E3A
:1032900005DA4E4A4E4801210DF080FAD7E79DF835
:1032A0000330442B07D04B4A494801210DF076FAF0
:1032B0006FF01504CBE7012128460DF074FD041EC4
:1032C000C5DB642010F05CFD012128460DF0E1FC17
:1032D000041E01DA404ADDE72B7F70685A1E042A7B
:1032E00028BF00238DF8043001AA012320210DF00E
:1032F00099FC041EABDBD6F8048095F822900123DC
:1033000001AA252140460DF082FC041E0DDB9DF82C
:10331000043069F382038DF8043001AA01232521CA
:1033200040460DF07FFC041E01DA2C4AB2E7E98B1F
:103330003046FFF757FF041EEB8B05DA284A244876
:1033400001210DF034FA82E77B8195F82010B1FA63
:1033500081F1C1F11E01C9B230460FF0E6FC041E36
:1033600003DA95F820301F4AE9E795F8211028463E
:103370000DF073FD304600F0B9F8041E01DA1A4A68
:1033800088E795F8241028460DF07EFD041E03DA28
:1033900095F82430154AD2E795F82310090101F079
:1033A000F00128460DF02DFD041E03DA95F82330B8
:1033B0000F4AC4E795F8311028460DF017FE041E99
:1033C00002DA0C4A2346BAE7002440E798AD05002C
:1033D000445B0500B0AD0500C0AD0500D4AD0500EF
:1033E000F2AD050004AE050018AE050038AE0500CC
:1033F00061AE05007DAE050030B403460C46DA88A8
:103400000068197902F04002224383689C6984B104
:10341000130207D5056901232D688B402B4218BF85
:1034200082F0C062054BA446134030BC02F0B0727B
:1034300060476FF0570030BC704700BF4000000687
:103440007FB5044640682369866A151E18BF0125AA
:103450003EB9234A234801210DF0A0F96FF0850001
:103460002CE00E88012E03D0082E29D01E4AF1E749
:10347000C3E9072112B102A90DF06FFC646894F84A
:103480003030012B01A920460CD10DF04FFD9DF8E5
:10349000043065F300038DF8043001A920460DF0D7
:1034A0000AFD0BE00DF084FD9DF8043001A965F3E1
:1034B000000320468DF804300DF03FFD04B070BDD0
:1034C000C3E90921646802A920460DF02FFD9DF88B
:1034D000083065F345138DF8083002A9DEE700BF18
:1034E000B2AE0500445B0500CFAE05002DE9F04308
:1034F00089B045680669804608AFA86A10F05CFC90
:103500000346E8B9AC6AB4B12168D8F800006C464B
:103510008AB008AA5A4DD1615A4911625A49C2E982
:10352000055042F8101F59484FF42151F6F7A6FEF6
:10353000A5466FF0120420460437BD46BDE8F0836F
:10354000C6F80C806C468AB0D8F8001095F8303078
:1035500008AA4F48D3614FF4007313844D4BC2E95E
:10356000050142F8103F494800234FF41351F6F784
:1035700085FEA5464FF0FF32002106F5A06010F051
:1035800073FD00220023CDE9062300236FF005021E
:10359000CDE90323CDE9013306F140013E4B00960E
:1035A0004FF4806206F5906003F064FBB5F82EE0FE
:1035B000A86A95F82C104EF48032D0F810C0D0F8DC
:1035C0000890DCF8003001248C401EF0010F14BF7D
:1035D0002343A343CCF80030D9F800309847041EA9
:1035E00005DA2E4A294801210DF0D8F8A3E7AB6A85
:1035F000D8F80000196895F82C306C468AB008AAF3
:10360000DFF89CC0C2E907131E4B5362254BC2E989
:1036100005C042F8103F1D4800234FF44351F6F710
:103620002DFE95F82C30204A4FF0010808FA03F3DC
:10363000A546C6E90523A86A8368DB6906F110017F
:1036400013B96FF0040476E7424698470028F8DB88
:1036500095F8251028460DF0BDFB041E07DA95F8F5
:103660002530124A094841460DF0A1F863E74FF0B2
:10367000B86105F12800FFF7BFFE04465BE700BF15
:10368000EAAE05000002010304000002445B0500ED
:1036900005AF050004000001E12D05001DAF050088
:1036A00036AF050005000002B52D050049AF050045
:1036B0002DE9F041044647680D4610F0F4FD88B14D
:1036C0004FF04008EFF311810E4688F31288BFF3E4
:1036D0006F8F60680FF079FC50BB81F31188BFF3E6
:1036E0006F8FEFE7194B1B78002BE9D04FF04008A4
:1036F000642660680FF069FC70B901200FF0C4FE09
:10370000013EF6D10021212010F094FEF0E781F374
:103710001188BFF36F8FF5E7EFF311810E4688F341
:103720001288BFF36F8F60680FF04FFC0028EED057
:10373000BB691D70B969012220460FF02AFC86F38F
:103740001188BFF36F8FBDE8F08100BF7C9400202B
:103750002DE9F041446805460121E0680FF0C4FC02
:103760006B681A682369C2F82435617D237D0B4399
:10377000A17D0B43C2F86C356F68D7E9004313F0A5
:10378000010310D0D5F8108004F10C0108F10C02EF
:1037900004F590700FF0C0FE061E2BDB98F80C00AD
:1037A00001F04EFA01230822C4F80025BA69C4F8D2
:1037B000442501210022C4F84825A1606BB9D4F842
:1037C0002031002BFBD0C4F82021D4F82031012374
:1037D000E3604FF48073C4F80433D4F85831002BFD
:1037E000FBD00023C4F8003528460649BDE8F04167
:1037F0000DF082B8044A054801210CF0CFFF304695
:10380000BDE8F0810731050065AF0500B45C050037
:1038100070B5012383400F4ABFF35B8FDC4352E84E
:10382000001F01EA040542E80056002EF7D1BFF35D
:103830005B8F4FF4803282400748C0F80823BFF303
:103840005F8FBFF36F8F03EA0100003818BF0120BC
:1038500070BD00BF185000200010014070B4124924
:10386000D1E90034D01AC31844F1000422F07F4695
:10387000C1E90034A6F50013B3F5400F09D20B4B94
:103880001B681A0A1B069C19094B42F10005C3E983
:103890000045EFF31181402383F31288BFF36F8F4C
:1038A00070BC03F053BE00BFB82800201C5000209D
:1038B000C028002011B3BFF35B8F0123104A83405F
:1038C00052E800CF4CEA030C42E800C10029F7D1CE
:1038D000BFF35B8F0B4A4FF480338340C2F804334D
:1038E000094BBFF35B8F1B68BFF35B8FC340DB07E4
:1038F00042BF064B4FF40032C3F80021704700BFAF
:1039000018500020001001401450002000E100E099
:103910000D4B1868010A0006BFF35F8F0B4BD3F8FD
:103920000435181841F10001B3F5801F0AD2084B85
:10393000D3E90023904271EB030303D210F18070AE
:1039400041F10001704700BF1C50002000100140F1
:10395000C02800202DE9F04F85B016461F469DF87F
:1039600040A00446FFF754FF0190FFF7D1FFB0429B
:1039700071EB07035ED23E4B301A67EB01019842B0
:1039800071F1000109D36FF0150520460199FFF789
:1039900091FF284605B0BDE8F08F364B03EB0413CA
:1039A000D3E902239F4208BF964254D032494FF4D4
:1039B000803804F1500508FA04F8AD00C1F84883D6
:1039C0002046ADB20FF04DFC26F07F4B05F180454F
:1039D00004F5A87305F58835DC464FF0030902931A
:1039E000029A2CF07F4341F82230C1F84483D1F889
:1039F0000435224A6FF00200C01A604420F07F4074
:103A0000904228D9286868B1D1F804350393A3EB14
:103A10000B0020F07F40B0F5000F1CD920460FF0BE
:103A200020FC039BBAF1000FADD109EB030C09F1A7
:103A30000109D5E7BAF1000FA5D10123104ABFF360
:103A40005B8FA34052E8000F184342E800010029B1
:103A5000F8D1BFF35B8F07490E98230101EB0412E5
:103A6000C8500F9B5360C2E9026700258DE700BF75
:103A700001008000A828002000100140FDFF7F0009
:103A8000145000207FB51C4C1C4BC4F80833C4F8FC
:103A900048331B4B00254FF0FF304FF0FF31C4F887
:103AA0000855C3E902014FF48033C4F80433154BC1
:103AB00002264FF400320121C4F804631120C3F838
:103AC00080212A46F7F74CFE1120F7F719FE0E4A1F
:103AD0000123A360236013600C4B0D4A0093CDE9D2
:103AE000015500232846FFF735FF3046FEF79EFBC1
:103AF000284604B070BD00BF0010014003000F0055
:103B0000A828002000E100E0185000205D380400E3
:103B1000FFFF7F002DE9F7432B4CD4F804339907BE
:103B20000BD5D4F8043143B1284A0023C4F804313A
:103B3000D4F80431136801331360D4F80433DA0382
:103B400023D5BFF35B8F224B53E8002F22F00101F6
:103B500043E800100028F7D1BFF35B8FD30702D4EE
:103B6000D4F840318BB10025C4F84051D4F840312D
:103B7000FFF7CEFEEFF3108272B6164BD3E9026761
:103B8000B042B94104D282F3108803B0BDE8F0839B
:103B90004FF0FF384FF0FF39C3E90289D3E9001035
:103BA0001D604FF48033C4F84833C4F84051D4F852
:103BB000403182F310880029E7D0009032463B461E
:103BC00028468847E1E700BF001001401C50002054
:103BD00014500020A828002030B5431C124C85B09A
:103BE00005D08442A8BF0446012CB8BF0124FFF7CA
:103BF0008FFE0E4B0C4DD3E90013401AB0F5000FA9
:103C000010D22218AA4228BF2A4652184FF00000AC
:103C100007490091CDE9010043F10003FFF79AFE47
:103C200005B030BD2A46F0E7FFFF7F00B82800202E
:103C30005D38040008B5FFF76BFE024B1B68C01A25
:103C400008BD00BFB828002010B5084C01236360F0
:103C50001120F7F763FD064BC4F80833C4F8483366
:103C6000044B4FF40032C3F8802110BD0010014016
:103C700003000F0000E100E002460B46014802F09D
:103C80000DBC00BFB40B0020014802F079BC00BF9E
:103C9000B40B00200149024810F08ABA24500020D9
:103CA000D02F0020094B93F84730042B02D1810715
:103CB00009D47047022B02D1020704D47047082BA5
:103CC00003D1830601D5FFF7E5BF7047EC910020D3
:103CD00010B403460A46034881680C681946234617
:103CE00010BC18475C570500B0B584B000AF3B1D51
:103CF00000247C600A22BC60C7F80B403960014692
:103D0000184611F0F0F86D468AB0396803466A46E5
:103D10000D480791CDE905034FF40073ADF820304D
:103D20000A4B42F8103F0A4823464FF41151F6F768
:103D3000A5FAAD4684F31188BFF36F8F03231846AD
:103D400002DF1037BD46B0BDB0AF05000400000172
:103D5000B45B0500F0B589B0064600AF34480D46A7
:103D6000344910F009FA07F10C00EDF77CFA6C46C3
:103D700088B06A46304B0593304B06934FF400737E
:103D8000ADF81C302E4B42F8103F2E492E4807F15B
:103D90000C03F6F773FAA5462C4810F00DF850B94D
:103DA0002B4A294801210CF0F9FC6FF0120420463F
:103DB0002437BD46F0BD274B7B60381DE3F76AFA18
:103DC000034638B1244A204801210CF0F0FC6FF082
:103DD0001504ECE74FF0FF304FF0FF31FFF74CFFD9
:103DE00004460028E3D11D491D48E2F79FFE044622
:103DF00010B1FFF749FFDAE741F64C5307F108002D
:103E0000BB60E4F71DFB20B1FFF73EFF6FF08504B8
:103E1000CDE7012338463B70EEF7C7F90028F3D110
:103E2000FFF732FF33690F481D60F8F783F9BEE7EB
:103E30002450002027330500449A0500D5AF050023
:103E400003000001C01C4001B45B05005C57050085
:103E5000FCAF0500D13C04001CB00500C8280020C0
:103E6000353F0400A53C040030B52F4887B0E2F789
:103E7000E1FD0446002852D1E2F796FE0125E2F763
:103E80009FFEEDF7F2F9EDF7F2F9EDF7F2F903AA7B
:103E9000022120468DF80C50E2F7FAFD00283DDBA8
:103EA000082303AA07212046ADF80C30E2F7F0FD05
:103EB000002833DB4FF02C13039303AA40F20323B3
:103EC00003212046ADF81030E2F7E2FD002825DBA3
:103ED00003AA042120468DF80C50E2F7D9FD0028F2
:103EE0001CDB1F2303AA06212046ADF80C30E2F7A5
:103EF000CFFD002812DB40F20173984212D90B4A21
:103F0000009029460A480CF05CFC84F31188BFF34A
:103F10006F8F0423184602DF6FF00B000446204623
:103F200007B030BD2046F9E7E93C040040B0050089
:103F3000B45B050073B53F4C94F847302BB394F84D
:103F40004730042B54D120783E2831D1A678B31EB7
:103F50005E425E4163780233472B2BD947220092A1
:103F60003548364A01210CF02CFC354A32486FF0B6
:103F70000B0301210CF01BFC002383F31188BFF31A
:103F80006F8F0423184602DF1DE04FF0FF304FF023
:103F9000FF31FFF771FE48B904F14701204600F0F8
:103FA000E9FA0546FFF770FE002DC8D002B070BDDB
:103FB0000026CFE7002200233146F8F7C9F805466E
:103FC00048B9002EF2D0002384F8473002B0BDE893
:103FD0007040FFF75FBE62780232164905F10C00AF
:103FE0000DF0DFF8174B18481B6829469847EAE799
:103FF000022B0DD1002200230820F8F783F8054694
:104000000028D3D063880433472BA7D81A46E4E7A7
:10401000082B09D1002300222020F8F773F86388C9
:1040200005460028EFD1C1E7084A034801210CF0FA
:10403000BEFBC8E7EC910020B45B050063B005004F
:10404000BDB0050020500020BC57050084B005001D
:104050002DE9F341A54D2C780746002C40F08282D3
:1040600004238DF80730A24B0688D3F80080B8F1FE
:10407000000F15D1B6F5105F4FEA96230BD2002B37
:1040800000F06382013B072B62D8DFE803F0266172
:104090004D95616161DD3F2B00F09C810120D7E1EE
:1040A0000DF106030DF10702691CC0470128E1D09C
:1040B0009DF8063013B9012840F04A820F236B7037
:1040C0000423AB700123E8702B71A5F80560012370
:1040D0002B70002002B0BDE8F081384640F2064265
:1040E00030F9033B934219D040F21D42934218D05D
:1040F000012042F219039E4200F2148242F20C03A4
:104100009E4200F2088240F2064440F21D43A6425D
:1041100018BF9E4214BF0124002430E0E3F73EFFA5
:10412000E7E7E3F7B1FFE4E7384640F6634230F9EA
:10413000033B934234D00EDC40F60342934223D03B
:1041400040F62D42934222D040F60142934213D0D2
:104150000120044613E040F67B42934223D040F610
:104160007C429342F4D19DF80730624902338DF8C6
:104170000730EDF7B7FF01E0E2F760FD012484F0BE
:1041800001048DF8064093E7EDF764F8F6E79DF833
:104190000730584903338DF80730EDF7F6FDEDE7AA
:1041A000E2F75EFDEAE79DF80730524904338DF8E7
:1041B0000730EDF789FFE1E73B88A3F58053013B2A
:1041C000082BC5D801A252F823F000BFF14104002A
:1041D000034204001742040051410400514104000D
:1041E0005141040051410400514104003742040090
:1041F0009DF807303F4808338DF80730EDF7B3FDE1
:10420000BCE79DF807303B4840338DF807300FF08E
:104210008CF80020B2E79DF8073008338DF807309E
:10422000344B00221A605A60EB7A23F0600343F0AB
:104230006003EB72EDE79DF807302E4806338DF8EA
:104240000730EDF7D7FD99E7384642F2320130F8F2
:10425000033B1AB28A4222DCB2F5005F24DDA3F5EB
:104260000053013B312B1FD8DFE803F0202D361E11
:1042700046491E4C4F521E1E1E1E1E1E1E1E1E1E78
:104280001E5558611E6A737C1E1E1E1E1E871E90C0
:104290001E1E1E1E1E1E1E1E1E1E939CA5A842F242
:1042A0004B039A4200F08D80012001E0E2F7E2FC2E
:1042B00042F264039E423FF462AF42F264039E42C4
:1042C00000F2C68015E79DF807300A4803338DF8E1
:1042D0000730E3F759FEEBE79DF807300548083350
:1042E0008DF80730EDF77EFEE2E700BF3492002044
:1042F000345000203B920020EDF798FDD8E7E3F71B
:104300009FFFD5E7EDF79BFED2E7EDF773FECFE712
:10431000E3F7F0FFCCE7EDF755FEC9E79DF807306E
:10432000924910338DF80730EDF75BFDC0E79DF83B
:1043300007308E4808338DF80730EDF720FDB7E7DA
:104340009DF80730894902338DF80730EDF79CFE60
:10435000AEE79DF80730854902338DF80730EDF759
:10436000A4FEA5E79DF8073008338DF807308F23AA
:10437000EB71C023EB7200209AE79DF807307B4970
:1043800002338DF80730EDF760FD91E7E3F738FE73
:104390008EE79DF80730754808338DF80730EDF744
:1043A00084FD85E79DF80730704904338DF80730A8
:1043B000EDF78BFD7CE7E3F73BFE79E7EDF7CBFD0F
:1043C00076E79DF80730694802338DF80730EDF73E
:1043D000F7FC6DE738464FF60C5230F8033B93423A
:1043E00022D84FF60252934212D803F2FF3292B211
:1043F0000A2A3FF653AEA3F57C43013B0A2B7DD836
:10440000DFE803F01E347C7C7C5B7C7C49525E00E0
:10441000A3F57D43033B092B70D8DFE803F05A6F07
:104420005D6F6F6F606F6F634FF6145293425CD095
:104430004FF6165293427FF431AEE4F709F807E0E5
:104440009DF8073049480C338DF80730ECF713FF1F
:1044500042F285039E4272D842F267039E424FD8D1
:1044600042F26604341B18BF012488E69DF8073029
:1044700040338DF807303D4B00201880EB7923F056
:10448000230343F02303EB712B7A23F0070343F05C
:1044900007032B72DCE79DF80730344817338DF89B
:1044A0000730ECF702FFD3E79DF807302F482033A1
:1044B0008DF80730ECF71DFFCAE7ECF7F4FEC7E70D
:1044C0009DF80730294801338DF80730ECF72EFFAF
:1044D000BEE7EDF76AFEBBE7E3F7B2FFB8E7ECF73C
:1044E0003BFFB5E7EDF74AFEB2E79DF807301F49FD
:1044F00004338DF80730ECF733FFA9E70120DCE641
:10450000A6F50153283B1A4C9BB2DC4004F0010491
:1045100084F0010433E6A6F500530D3B9BB241F253
:104520004124F2E742F232039E423FF428AEA6F560
:104530000154033C012C94BF002401241FE626F003
:1045400008044FF60253E41A8DE70124204616E6CC
:104550009DF80730AB700E2201236A70EB70AE80BD
:10456000A871B4E54FF0FF30B4E500BF3B920020E6
:104570002F80402038B5094C23780D461BB9BDE883
:104580003840ECF7CEBFA278611C023210F042FC3A
:104590000020042320702B7038BD00BF349200200F
:1045A00070B505460E46084C20460FF005FC38B1A4
:1045B000A368B2B2294620461B68BDE87040184780
:1045C0006FF0120070BD00BF5C57050002484FF449
:1045D000007103F09BBA00BF7C92002037B53223F4
:1045E000ADF80430154A00230125192168468DF8DD
:1045F0000630ADF800508DF80230EBF7EBF90446C9
:10460000C8B90EF04AF980B2E9F7B4F80C48294667
:10461000EFF7D1FE044670B901462A460820F7F7A5
:104620009FF82A4621460B20F7F79AF82A4621469A
:104630002846F7F795F8204603B030BD55460400EC
:1046400038500020014902480FF0B2BD98500020B8
:10465000D02F0020B0B584B000AF3B1D00247C609B
:104660000A22BC60C7F80B4039600146184610F0BA
:104670003AFC6D468AB0396803466A460D48079190
:10468000CDE905034FF40073ADF820300A4B42F832
:10469000103F0A4823464FF41151F5F7EFFDAD46A0
:1046A00084F31188BFF36F8F0323184602DF10379E
:1046B000BD46B0BD15B1050004000001445C050015
:1046C00013B500240C490D4800946FF009034FF412
:1046D000806202F0DFF90A4908480FF0EAFD094953
:1046E00009480FF049FD224604211920F7F738F850
:1046F000204602B010BD00BF40BF0020D02F0020D8
:1047000029B10500B13305009850002008B5F6F72F
:10471000A1FBF6F775FC0E4A0E4B92E803000E4A19
:1047200083E8030092E803000C4B0D4A83E8030082
:1047300092E803000B4B0C4A83E8030092E8030065
:104740000A4B83E80300BDE8084007F065BE00BFE0
:104750009C070020CC50002094070020C05000206F
:104760008C070020B4500020A4070020A85000208F
:104770000346024A024802210CF019B83DB1050077
:10478000645C050010B9024B1B681847FFF7F0BFC7
:10479000D8500020014B01201B681847D85000203A
:1047A00028B1012807D104490020E8F70BBF034BCB
:1047B00001201B681847704785470400D850002027
:1047C000014B186000207047D850002010B51F48DA
:1047D000BFF35B8F0368BFF35B8F23B9062904D84F
:1047E000042926D839B1002010BD0729FBD138385B
:1047F00001F048FFF7E750F8203CA0F13804D3E976
:1048000000209047012808D0114B984203D0022382
:10481000606384F82C300F48E6E742F21073A3621D
:10482000032384F82C3004F11C0384F82100236353
:10483000F1E700F8173C084B40F8103CA0F11C01D0
:104840003838007CEFF7F8FDCDE700BF14510020A9
:104850001F64660208510020FF3F420F02480122F8
:1048600000210FF001BC00BFDC500020014B58615B
:10487000704700BFDC50002038B54FF0FF310546CF
:104880004FF0FF30FFF7F8F933493448EAF7B6FF45
:104890000446FFF7F9F9002C08DA3148314A23467B
:1048A00001210BF084FF6FF00B0038BD2E4C40F25D
:1048B000011323846369A5616433636242F2107358
:1048C000A36200226FF073032277636304F138055B
:1048D000BFF35B8F55E8003F45E800210029F9D17F
:1048E000BFF35B8F4FF0FF314FF0FF30FFF7C4F99C
:1048F00004F11C01207CEFF79FFDFFF7C5F91B4A6F
:104900000023204601F0F2FE00280FDA184A14486E
:1049100001210BF043FFBFF35B8F012355E8002F0C
:1049200045E800310029F9D1BFF35B8F4FF0FF312B
:104930004FF0FF30FFF7A0F9207CEFF75FFDFFF7A6
:10494000A3F9BFF35B8FA36BBFF35B8F13B1064873
:1049500001F0F2FE606BA8E7EC500020CD470400A8
:10496000EC5B050069B10500DC500020447B0B00C6
:104970008FB10500074B01221A64D3F84035B3FB11
:10498000F0F01844044B5B69984234BF00200120CA
:10499000704700BF00800040DC50002010B50C299B
:1049A000036913D118680B4C80EAE073A3EBE07342
:1049B000990803F00303002804FB03F3BDBF494239
:1049C0005B42116011605360002010BD6FF08500E4
:1049D000FBE700BF90D00300BFF34F8F0549064BA4
:1049E000CA6802F4E0621343CB60BFF34F8F00BF8D
:1049F000FDE700BF00ED00E00400FA05024AD2F82E
:104A00000034002BFBD0704700E0014010B54FF0A0
:104A10008053D3F83021082A4ED14FF08042002134
:104A2000C2F80C11C2F81011C2F8381502F5404254
:104A3000D3F80414C2F82015D3F80814C2F82415CA
:104A4000D3F80C14C2F82815D3F81014C2F82C159A
:104A5000D3F81414C2F83015D3F81814C2F834156A
:104A6000D3F81C14C2F84015D3F82014C2F844152A
:104A7000D3F82414C2F84815D3F82814C2F84C15FA
:104A8000D3F82C14C2F85015D3F83014C2F85415CA
:104A9000D3F83414C2F86015D3F83814C2F864158A
:104AA000D3F83C14C2F86815D3F84014C2F86C155A
:104AB000D3F84434C2F870350EF0D6FC18B13C4B34
:104AC0003C4AC3F88C260EF0CFFC18B13A4BFB22BF
:104AD000C3F818250EF0C8FC58B14FF080424FF0D3
:104AE0008051D2F8E43ED1F8581261F30303C2F8C2
:104AF000E43E0EF0B9FC20B1304B4FF40072C3F825
:104B000040264FF08053D3F83031082B17D14FF0A7
:104B10008043D3F80024D20744BF6FF00102C3F8EA
:104B200000244FF08053D3F83431042B81BF4FF071
:104B30001023D3F808224FF08043C3F858254FF0D4
:104B40001021D1F80C32DB0714D51D480123C0F821
:104B50000435FFF753FFD1F80C3223F00103C1F8FD
:104B60000C32FFF74BFF0023C0F80435FFF746FF78
:104B7000FFF732FFD1F80032002B03DBD1F804320B
:104B8000002B14DA0E4901234FF01020C1F8043530
:104B90001224FFF733FFC0F80042FFF72FFFC0F8E1
:104BA0000442FFF72BFF0023C1F80435DEE710BDF8
:104BB000005000404881030000F000400090024097
:104BC00000E001402DE9F04700F160404C1E044434
:104BD000DFF834801F461646050B240BFF234FF0E9
:104BE000010AA54201D9BDE8F08718F805109942DD
:104BF00001F00F00894604D0090932460AFA01F192
:104C0000B84701354B46ECE79AB40500014BFFF776
:104C1000D9BF00BF03350500014B1860704700BFC6
:104C20001C51002010B5054B186814460EF02EFCE0
:104C30000028A4BF2070002010BD00BF1C51002020
:104C4000024A01238340C2F80435704700F0014056
:104C5000036803F01F025B09026004D0012B0348C4
:104C600018BF002070474FF0A0407047000300506D
:104C7000034A430900F01F00D35C1844C0B27047D8
:104C8000DAB40500024611F0010030B515D18B07EA
:104C9000C1F3400022D51249D1F8200550604FF0F1
:104CA0008052C1F82005D2F83021082A08BFD1F877
:104CB0002025003818BF012010E04FF0A0444FF02D
:104CC0008055D4F820351360C4F82035D5F830511C
:104CD000082D08BFD4F82045002BD8D030BD00BF28
:104CE00000030050F7B504460846FFF7C1FF04EB88
:104CF00040060D46B38ADB072AD520460EF008FD94
:104D0000294620460EF074FC50B120460EF086FC79
:104D1000276807EB80000023C0F81035C0F8103575
:104D2000294620460EF0A3FC0021B18201A801957E
:104D3000FFF78EFF019B00EB8300074BD0F80027A5
:104D4000134043F00203C0F80037084603B0F0BD3B
:104D50006FF01500FAE700BFF0F8FCFF01480EF015
:104D6000B3BB00BF080A002010B504480C460EF083
:104D70008DFB0028A4BF2070002010BD080A002071
:104D80002DE9F04F074689B057F8049BD9F8041372
:104D9000C9B28346082241F0004148460EF090FC1B
:104DA000051E2FDA0023032106A8CDE90633FFF7FD
:104DB00069FF634B01930DF118084FF0000A019A47
:104DC000604912F8013B0192DA0803F007038A5C9C
:104DD00022FA03F3DB071CD40AF10103022B08F1CA
:104DE00004084FF0010AEAD14FF000410022484682
:104DF0000EF066FC032106A8FFF744FF0028D8D177
:104E000025F000450124002D40F0848009B0BDE864
:104E1000F08F4D4B53440293D8F80060002EDBD046
:104E2000029B96FAA6F61C78B6FA86F646EA441471
:104E30002046FFF71DFF0BEB4000F208818A18F8AF
:104E400002000594C1F382030393009306F0070662
:104E5000012303FA06F620EA060008F8020005A876
:104E6000FFF7F6FE059A039B02F5E07211F0100FB2
:104E700050F82260C6F3014633D0009A38462146E6
:104E80000EF0D6FB05A80594FFF7E2FE059B03F59F
:104E9000E073F6B250F82330C3F301439E4207D1CA
:104EA000002120460EF095FB314620460EF091FB86
:104EB00005A80594FFF7CCFE059B012202FA03F337
:104EC000C0F820354FF08053D3F83031082B01BFA4
:104ED000D0F82035D0F82035D0F82035D0F820355E
:104EE0009AE7022E14BF02210321204603930EF0FD
:104EF00070FB039B032B03D0022E07D1012BD7D1CC
:104F0000009A214638460EF093FBD1E7032ECFD10D
:104F1000022BF4E795FAA5F3B3FA83F304FA03F24C
:104F200025EA020503F5A2720BEB430359F8222090
:104F3000B3F87C10C2F3014238460EF079FB62E709
:104F4000EAB4050018690500EAB40500044AD2F87D
:104F50000034DB07FBD50160BFF35F8F704700BFF4
:104F600000E001404FF080531A69B0FBF2F302FBFE
:104F700013036BB9084B0222C3F80425C3F80805D4
:104F8000D3F80024D207FBD50020C3F804057047EE
:104F90006FF00C00704700BF00E0014010B5054CF9
:104FA0000123C4F80435FFF7D1FF0023C4F804350A
:104FB00010BD00BF00E0014080F08003042B04D846
:104FC000054B034413F8800C704707289ABF034B26
:104FD000185C0020704700BFECB40500F1B4050078
:104FE000064B93F82E00012806D0022818BF04288B
:104FF00014BF01200020704700207047205100207E
:1050000010B5164B164A0020C3F8000592F82F4041
:10501000D3F8041382F82E40146821F033010CB148
:1050200041F02301C3F81C01D3F81C41C3F8180157
:10503000D3F81841C3F80801D3F8080192F83400F6
:1050400092F8332002F0010200F00100D20142EA9E
:1050500080120A43C3F8002310BD00BF0070004057
:105060002051002070B50D4A002392F83010012520
:105070001E4618B90BB182F8301070BD90FAA0F33B
:10508000B3FA83F305FA03F40C3302EB430320EA8B
:105090000400DE8021EA04010123EAE72051002018
:1050A00073B50023044601AA0E464FF480710193A4
:1050B0000EF013FD4FF48A7120460EF00EFD4FF4F2
:1050C0008271054620460EF008FD20B11EB115B1D3
:1050D000144BD3F8343601AA4FF4847120460EF0F5
:1050E000FCFC4FF4867120460EF0F7FC4FF48871FB
:1050F00020460EF0F2FC0C4B234083B14FF48E752A
:10510000294601AA20460EF0E8FC291F083589B27D
:105110002046ADB20EF0E1FCB5F5AE7FF0D10198BE
:1051200002B070BD00700040C0FF3F002DE9F04F9D
:105130009A464FF0805393B0D3F830411C9D082C11
:105140003FD1D3F83431012B3BD00DF1080C0AAF1D
:105150003E4C3E46E046002304EB031E0133DEF8DE
:10516000189548F8049B082BDEF81CE546F804EB7C
:10517000F2D1D4F8F065D4F8403601934FF0010E27
:105180000023D4F84496D4F84886C4F8FC3FC4F809
:10519000FCEF2E4C5CF804BB04EB031E0133CEF88D
:1051A00018B557F804BBCEF81CB5082BF2D1019BFB
:1051B000C4F84036F6B2C4F84496C4F84886C4F839
:1051C000F065234B002483F8334083F834409C601F
:1051D0001C611D6083F831009C831C4BC3F8F015E3
:1051E000C3F8F4257DB32322C3F80023184D174CD0
:1051F00000220127110107FA02F301F18046034062
:1052000006F5E04619BF95F81EE095F81FC09C46CC
:105210009E46002B04EB0103C6F810E5C6F814C542
:10522000D3F8181514BF5646002621F080710132BC
:1052300041EA0661082AC3F8181505F10205D9D11B
:1052400013B0BDE8F08FC3F80053CFE70070004003
:1052500020510020F8B50446067A4779417AC07992
:10526000FFF7AAFE10B96FF01500F8BD214A01F151
:105270000C0502EB4503012F987139D13046FFF739
:105280009BFE0028EFD002EB4505E871E378A0789B
:105290001B03000200F4E06003F480530343207812
:1052A00000F0030003432079000400F4E0200343EE
:1052B0006078000100F030000343A079000600F0A0
:1052C000807003436079000500F4801003430801F7
:1052D00000F1804000F5E040C0F81835012303FAE2
:1052E00001F192F830300B4382F830300020BCE7F7
:1052F0000020C8E720510020084B01229A600022BC
:10530000C3F81421D3F8141105498020C1F8800195
:10531000C3F80025C3F80025704700BF00700040A7
:1053200000E100E070B5204D95F82E40002C38D1FA
:10533000FF20012685F82E60FFF794FE1B4B1C48CA
:10534000C3F80041D3F80021C3F80441D3F8042185
:10535000C3F81041D3F81021C3F81441D3F8143125
:105360001C239A0806FA02F111F0330F1CBF03F157
:10537000804101F5E24102F1FF3218BF0C6006FAEC
:1053800002F218BF096812F0330F1CBF1C501A58E4
:1053900008335C2BE5D10720F6F7B2F9002028602E
:1053A00070BD6FF07700FBE72051002000700040D7
:1053B000FC700040014B93F83000704720510020F2
:1053C0002DE9F74307469946FFF70AFE044608BB56
:1053D000DFF8508098F83030082601252F4203D09E
:1053E0002B421CD00134E4B2013E4FEA4505F5D111
:1053F0000D4BC3F8F865131E18BF01233846CDF8CE
:105400000090FFF793FE022388F8324088F82E3090
:10541000304601E06FF00F0003B0BDE8F0836FF09D
:105420001500F9E720510020007000402DE9F341FC
:10543000804615461A46FFF7D3FD0646002837D1A9
:10544000204F97F830C008203446012318EA030F94
:1054500004D013EA0C0F2ED00134E4B201384FEA25
:105460004303F3D16B8813B1012C27D832B32878CA
:105470006B7818B113B9012C20D80126009202468E
:105480004046FFF753FE6B880F4A0BB143F480533D
:10549000C2F8F83587F832402B7987F83530042385
:1054A00087F8366087F82E30002002B0BDE8F08122
:1054B0006FF00F00F9E76FF01500F6E76FF0850069
:1054C000F3E700BF205100200070004030B51D4AB6
:1054D000136904466BBB00F06043B3F1005F2BD14E
:1054E00092F83250B1FBF5F305FB131038BB0BB249
:1054F000002B24DD92F82E30052B06D8032B0BD879
:10550000022B0ED06FF0760030BD062BFAD10E4B79
:10551000C3F82C46C3F8301693683BB1C2E9044186
:10552000F2E78D420BD1C2E90245EDE7C2E9024143
:10553000EAE76FF07700E7E76FF00C00E4E76FF061
:105540000600E1E720510020007000402DE9FF41F6
:10555000524CA368002B00F09D8094F82E20022A64
:1055600006D0042A33D06FF0760004B0BDE8F08195
:105570004B4D0126C5F800652168E26849B1032159
:1055800084F82E10C5F82C36C5F830262E60002081
:10559000EBE7C5F82C36C5F830262E600EF0B5FACC
:1055A00004F108036E60019301990220FFF778FD72
:1055B0000028F9D03A4B0022C3F80821D3F808118B
:1055C000C3F80C21D3F80C11C3F80025DFE7344DE4
:1055D0004FF00108C5F80085276857B1052284F807
:1055E0002E20E268C5F82C36C5F83026C5F80080B4
:1055F000CDE7A18B94F83220039203EB4103029391
:10560000C5F82C36C5F83026C5F800800EF07DFAB6
:1056100094F8363063BB224D01236B6002A902204F
:10562000FFF73EFD0028F9D00023C5F80831D5F872
:105630000821C5F80C31D5F80C21A18B94F8322043
:105640000A44E16892B28A42A28321BF154AA38329
:10565000D2E90201236124BFC2E900011846104BC0
:105660004FF0000238BF6FF00F00C3F800257CE751
:10567000D5F8F465F6B208FA06F6013EBE42CAD97C
:10568000C5F8048000210420FFF70AFD0028F9D0A6
:105690000137F3E76FF00B0067E700BF20510020F0
:1056A0000070004028510020F8B50246FFF798FC32
:1056B000002851D12A4E2B4C96F82E3086F82F30E8
:1056C000072386F82E3001237260C4F80035D4F821
:1056D0000453C4F80003E3603AB125F0C00545F077
:1056E0003305C4F800530020F8BD00211020FFF757
:1056F000D7FC0028F9D00023C4F80431D4F80431D1
:10570000194BC4F82C3601270223C4F83036276021
:105710000EF0FBF9A76000212020FFF7C1FC002854
:10572000F9D0104B0022C3F80421D3F80411C3F8B8
:105730000821D3F80811C3F8002596F82F1086F831
:105740002E10C3F81C21D3F81C11C3F81821D3F86C
:105750001821C3F80053C6E76FF00F00C4E700BF7D
:105760002051002000700040385100207FB5624970
:10577000614E3320FFF794FC10F0100F05460BD05C
:105780005E4B1022C3F80823B218C3F82C2602225D
:10579000C3F8302601221A6015F0200F584C10D0A3
:1057A00094F82E30554A072B05D0D2F834369BB2E8
:1057B000E36000232361D2F80433DB0601D5FFF751
:1057C0001FFCA80717D5002294F82E308DF804206E
:1057D000A2680292062BE268ADF80C2017D0072BC6
:1057E00033D0032B07D1FFF787FD022384F82E3037
:1057F000236801A89847E9074ED594F82E30033B5B
:10580000042B49D8DFE803F0594828405D0094F89C
:10581000353023B1236913B1384B01221A60236854
:1058200001A89847374B93E8030086E8030000235C
:105830002361A368002BDED1FFF75EFD042384F80B
:105840002E3005238DF80430D2E7FFF7D9FB022371
:105850008DF804306368CCE704238DF8043001A888
:1058600023689847254BD3F8F825D20444BF01227A
:105870005A602269062384F82E302AB11F4B6169D1
:10588000C3F82C26C3F8301623692BB903238DF8EF
:10589000043001A82368984794F82E30072B0AD0CB
:1058A000164B1948D3F8043300211840FFF7F8FBD2
:1058B000012685094DB904B070BD104B01225A6014
:1058C000EAE70E4B01229A60E6E795FAA5F3B3FAF0
:1058D00083F306FA03F225EA02055A08DB4303F0D4
:1058E00001038DF809308DF8046023688DF80820D5
:1058F00001A89847DEE700BF285100200070004053
:105900002051002030510020C0FF3F00827B002A40
:1059100038D1036803F01F015B0922D0012B26D187
:10592000194A02EB81021949D2F800370B4043F4BF
:10593000C16343F00403C2F80037436803F01F005B
:105940005B0911D0012B17D10F4A02EB8002D2F86C
:1059500000370B4043F4C16343F00403C2F800373F
:1059600070474FF0A042DCE74FF0A042EDE701F5B1
:10597000E07152F82130FFDE00F5E070002353F8AB
:105980002030F8E7704700BF00030050F0F8FCFF3C
:1059900010B503680F490022C260C3F80813D3F89A
:1059A000001221F4BC51C3F800124FF08051D1F81D
:1059B0003041082C05D1D1F8341111B90921C3F8AF
:1059C0000015C3F80025012380F8263080F8282030
:1059D00010BD00BF02029C012DE9F047002380F8B2
:1059E00027304B68046805460E46174633B1CB682E
:1059F00003F06043B3F1005F40F040813378023B35
:105A0000012B06D8336903F06043B3F1005F40F027
:105A100035819C4BC4F8083395F8283003F0FF0219
:105A20003BB1EB68C4F804336FF00F084046BDE8A3
:105A3000F08707F01403B3FA83F35B0985F8283085
:105A4000337885F82430737885F82530F3682B6136
:105A500073686B613369AB61B368EB61C7F30013C3
:105A600085F829302F627378C4F88835C4F860212E
:105A7000D4F86031C4F84821D4F84831C4F824215E
:105A8000D4F82431C4F80421D4F8043117F0010308
:105A900018BF0123C4F8503517F0020318BF0123C3
:105AA000C4F840353378032B00F28180DFE803F03F
:105AB0005E764A024FF48073C4F80032D5E90423BD
:105AC000C4F84425C4F848350123A3604FF480117D
:105AD00020460EF071F80028F8D1D5E90623C4F865
:105AE0004425C4F848354FF48023EB604FF000089C
:105AF00017F0080910D13378032B0DD0012B6A68F9
:105B00006BD12360002A55D073682BB96B68002BCA
:105B100000F09280012363616B68002B00F08C80A1
:105B2000780744BF0023EB6079065EBFEB6843F063
:105B30000203EB60EB6843F40073EB60EB68C4F8BE
:105B4000043373E7D5E90423C4F84425C4F8483581
:105B5000D5E90623C4F83425C4F838354FF4845306
:105B6000C4F80032012323620223BEE7D5E90423EF
:105B7000B806C4F84425C4F848354BBF4FF48073C9
:105B80004FF40073C4F80032C4F800324CBF4FF435
:105B900080230223EB6001232362A7E7D5E90423D6
:105BA000C4F83425C4F838354FF48053D8E76FF083
:105BB00015089DE76A6902B96361DFF8CC904FF080
:105BC000010A324920460DF0F7FF810501D5C4F8DE
:105BD00014A010EA090FF4D096E70123A360002A6D
:105BE00092D16A6932B3DFF8A0A019EA0A0F8BD10B
:105BF000264920460DF0E0FF10F4007F8146F4D0E6
:105C00004FF0807120460DF0D7FFD4F8003208B174
:105C10009A0505D401222262626140B14FF0000969
:105C2000DB05E2D54FF4802120460DF0C5FF4FF093
:105C30000009DAE76361D6E7D4F8C434C4F8C434A1
:105C4000002285F828206BB19A075ABF03F001089B
:105C5000A8F18C086FF00D0813F0040F18BF6FF057
:105C60000A08E3E67B063FF5E1AE291D20460DF06C
:105C700061FF002808BF6FF08B08D7E66FF00C08B3
:105C8000D4E600BF02029C010200040002020400EC
:105C900070B5056886B00221044628460DF08CFFD9
:105CA0004FF40071064628460DF086FFD0B1D6B9F4
:105CB000E368C5F808330223E360E368C5F80433FA
:105CC0004FF0807128460DF077FF18B1D5F80032FB
:105CD0009B0502D401232B626B61012384F82730DA
:105CE00006B070BDAEB3236A5E060AD494F82730BE
:105CF0003BB9211D28460DF01DFF80F0010084F8FE
:105D00002700236A13F004033BD1C5F86031D5F8AE
:105D10006021C5F85C31D5F85C3194F8293013B1B5
:105D200094F8273013B30023C5F80032E360314BF9
:105D3000C5F8083345F30733002B17DB5A09012157
:105D400003F01F03994002F160032B4A42F823102D
:105D50000CE04FF4802128460DF02EFF94F82430FB
:105D6000002B2FD194F82930002BDDD0A38CADF877
:105D700004302369049363690293A3690593E3697B
:105D80000393D5F8C434C5F8C43498072CD4590704
:105D90002CD4DA072CD494F827309B00DBB28DF892
:105DA000003094F829300BB984F82830236A5B0757
:105DB00003D594F82730002B92D0D4E901316846FE
:105DC00098478DE74FF40073C5F8003240F2022384
:105DD000E36003F1CE73C5F80833E368C5F8043314
:105DE0000123AB602B627BE70123D8E70223D6E7D0
:105DF0000323D4E702029C0100E100E0036803F002
:105E00001F025B09026004D0012B034818BF002069
:105E100070474FF0A040704700030050F7B50646AA
:105E20000DF041FF08460DF03EFF01A80196FFF777
:105E3000E5FF019B00EB83000C46D0F800372D49AD
:105E4000019440F20D650B402B43C0F8003701A8C8
:105E5000FFF7D4FF019B00EB83000127D0F8003748
:105E60000B402B43C0F8003704200DF00DFB092533
:105E700001A80194FFF7C2FF019AD0F81035D34072
:105E8000DB0715D401A80196FFF7B8FF019B07FABD
:105E900003F3C0F80C3504200DF0F6FA30460DF08F
:105EA00002FF013D04200DF0EFFA15F0FF05DFD1F0
:105EB00001A80194FFF7A2FF019A01239340C0F8C3
:105EC0000C3504200DF0E0FA20460DF0ECFE042025
:105ED0000DF0DAFA01A80194FFF790FF019AD0F8CB
:105EE0001035D34013F0010F0CBF6FF08B00002072
:105EF00003B0F0BDF0F8FCFF08B5124BA82200215A
:105F000018460EF0AEFF032202610F4942610F4AAC
:105F10008161C2614FF48062026200228262426249
:105F2000C26201660A494166102181660949026719
:105F30000346C266426711F8010D98540132102AD7
:105F4000F9D108BD10040020C4B1050010000020E4
:105F50000000002009B505002DE9F74FDFF8888023
:105F6000182606FB008700FB066646447D6AD7F8C4
:105F700028C07368AC4581468B46144603EB050088
:105F800025D83B6AA3EB050A0AF1FF3E724507D804
:105F90002C440EF03FFF7C62012003B0BDE8F08F7F
:105FA000E64472451ED8524601930EF033FF019B22
:105FB0002C44E41A05D0706822460BEB0A010EF05F
:105FC00029FF182303FB0988C8F82440E4E70CF1F3
:105FD000FF3CACEB050C944504D325440EF01AFFAE
:105FE0007D62D9E70020D8E710040020F8B5144BF3
:105FF000182700FB07751D4407FB00330E46DB6ABC
:10600000012B14460AD0022B14D023B928460DF0D8
:1060100057FE844208D900242046F8BD28460DF0DA
:106020004FFE844228BF04462246314628460DF0E2
:1060300050FEF1E72846BDE8F8400DF065BE00BF10
:1060400010040020F8B50B4B1B78532B04460E466A
:10605000174601D0FFF750FF0DF085FE3A46054682
:1060600031462046FFF7C2FF044628460DF083FE66
:106070002046F8BD10040020034B182202FB003319
:106080009A6A586A801A70471004002010B4084AAF
:1060900008490023C85C12F8014D844204D1013341
:1060A000102BF7D110BC704710BCFFF725BF00BF05
:1060B00009B505001004002010B50446F4F710F8E7
:1060C0000348044A01210AF069FB20460DF07FFED7
:1060D000745C0500CDB105002DE9F843044600AF1E
:1060E0000D46EFF31188402383F31288BFF36F8FBF
:1060F00004282A4A98BF2A4B9668117C94BF53F80B
:106100002030284BE9468AB06A462748CDE9073156
:1061100040F20133ADF82430244BCDE9050442F8B8
:10612000103F234800234FF43151F4F7A7F8CD4630
:1061300045B1EB69C3F3080323B11E4A1C48012192
:106140000AF02CFB2EB130460EF0B6F808B10378F9
:1061500003B91948E9468AB06A46184B0790CDE959
:10616000053640F20133ADF82030154B42F8103FB0
:1061700000230F484FF41151F4F780F82946CD461B
:106180002046FFF799FF88F31188BFF36F8F3046E1
:10619000F5F788FBBD46BDE8F88300BF58510020E5
:1061A0001C690500DCB10500EAB10500050000012D
:1061B000745C050012B205003689050033B2050093
:1061C0000400000138B50A4B53F82040013053F861
:1061D0002050A54200D838BD606830B1037EDB078F
:1061E00001D40DF0D1FD0834F3E723689847FAE7AE
:1061F0003069050070B52A4B2A4C2B4D86B0012220
:1062000003201A70FFF7DEFF0EF01AFA0420FFF7E2
:10621000D9FF2646AE4204F130040FD300F0DEFE73
:10622000204CAC4226D300F0EDFEEFF725F81F4AD4
:10623000938923F00103938106B070BD54F80C3CA0
:10624000059354F8103C049354F8143C039354F809
:10625000183C029354F81C3C019354F8203C0093E2
:1062600054E90A2354E90C0100F0B8FC54F8303C1E
:106270005E65CEE7D4E90A23B3F1FF3F08BFB2F170
:10628000FF3F05D052EA0301206803D10EF0EBF87E
:106290003034C6E70649183001F0C8F8F8E700BF07
:1062A0007C940020FC590500FC590500F0300020CA
:1062B0009543050070B5002386B00122CDE9042383
:1062C000134E144D01930F22CDE9023212491423CB
:1062D00003FB005506EBC01604464FF4C07000FBEC
:1062E00004110E4B00954FF4A072304600F076FC7E
:1062F000337C0B4AEE6023F0040333744FF40463E1
:1063000004FB033313442C746B6006B070BD00BFF4
:106310007030002058510020C0CB0020F33E050013
:1063200080C300207FB50020FFF74CFF294B83F38B
:106330000888294C636943F400736361E02384F89F
:10634000223000252023E37725766576A57684F82C
:106350002050636A43F4E023636284F82350F5F726
:1063600039F9F5F789FA4FF0FF33A362E362F5F7E5
:10637000B9FBF5F701FBF3F70DFE1848184C00F0D8
:10638000A5FC0120FFF71EFF0220FFF71BFF00F016
:1063900063FE144B14495C61144B059301234FF4C5
:1063A0008052CDE90353CDE90155114B00952046AC
:1063B00000F014FC237C064623F0040320462374DB
:1063C0000DF0B4FF2846FFF775FF094A3146204615
:1063D000F5F734FAC0CB002000ED00E010320020C9
:1063E000F03000205851002040CD002018710500E9
:1063F000F561040038B5064C064DAC4201D30020CF
:1064000038BDD4E9011220460DF0E9FC1434F4E75C
:10641000780B0020780B002038B5074C074DAC42B4
:1064200001D3002038BD20460DF0FDFC08B91C3416
:10643000F5E76FF01500F5E7240B0020780B00203E
:1064400073B50C46EFF31181402585F31288BFF335
:106450006F8FC5685DB125602B68C36083690133A8
:106460008361002081F31188BFF36F8F11E052EA3E
:10647000030603D125606FF00B00F3E7CDE900239D
:106480000246083000F008FD18B9034B9B685B69B1
:10649000236002B070BD00BF585100202DE9F341C8
:1064A000044617461E46EFF31188402383F31288F3
:1064B000BFF36F8F304BC2689B6872B1806898429F
:1064C00017D057EA060216D188F31188BFF36F8FF1
:1064D0006FF00F0002B0BDE8F08193F90E1021615A
:1064E0000132C4E9023288F31188BFF36F8F0020B4
:1064F000F0E72169F3E793F90E1090F90E30994215
:1065000030DA9942A8BF19460DF0FEFC0546CDE9E8
:1065100000761A482246414600F0BEFC0028E6D02C
:10652000EFF31186402383F31288BFF36F8FA068C7
:10653000D0B1236821699C420AD04BB193F90E3047
:106540009942A8BF19466FF07F039942B8BF194618
:106550000DF0DAFC40B1094831460DF041FF6FF013
:106560000A00B7E70025D2E7002DF4D186F31188A1
:10657000BFF36F8FF3E700BF585100207D940020D8
:10658000F8B583680546002B3FD0234A92689342B2
:106590003ED1C368012B03D9013BC3600020F8BD85
:1065A000EFF31187402383F31288BFF36F8F0169E4
:1065B00080680DF0A9FC2C68A54207D10023C5E92D
:1065C000023387F31188BFF36F8FE7E7002CF5D014
:1065D000D4E9003213605A60237C002623F00203C2
:1065E0002374C4E90066A66004F118000DF094FF5E
:1065F000AC6094F90E302B612046A6670DF096FE34
:10660000064839460DF0ECFEC8E76FF01500C6E706
:106610004FF0FF30C3E700BF585100207D940020A9
:1066200037B51146EFF31185402282F31288BFF38C
:106630006F8F04689CB12368426823F0030394427F
:10664000036008BF4360012120460DF0E0FC0446D2
:1066500085F31188BFF36F8F204603B030BD51EA38
:106660000302F5D000F10802CDE9001310462946D7
:1066700000F012FC0028EFD1014B9B685C69EBE74E
:106680005851002070B5EFF31186402383F3128830
:10669000BFF36F8F0468A0421AD0CCB1D4E90032A6
:1066A00013605A60237C002523F002032374C4E99D
:1066B0000055A56004F118000DF02EFF2046A567D7
:1066C0000DF034FE31460848BDE870400DF088BE3C
:1066D000D0E902329A4218BF0133836086F31188F1
:1066E000BFF36F8F70BD00BF7D94002013B5EFF333
:1066F0001181402484F31288BFF36F8F846844B102
:10670000013C846081F31188BFF36F8F002002B0D9
:1067100010BD52EA030406D181F31188BFF36F8FD5
:106720006FF00F00F3E7CDE900230246014800F0C7
:10673000B3FBECE77D94002070B50546EFF31186BE
:10674000402383F31288BFF36F8F00232C68A54288
:1067500018D0BCB1D4E9003213605A60227C002307
:1067600022F00202C4E900332274A36004F118008D
:106770000DF0D2FE6FF00A03A36720460DF0D6FDA0
:106780000123E3E70022AA6023B986F31188BFF34F
:106790006F8F70BD31460248BDE870400DF020BEDD
:1067A0007D94002007B5074B0093074907484FF039
:1067B000FF334FF4006200F06DF9002003B05DF884
:1067C00004FB00BF4869050080DD00207031002017
:1067D0002DE9FF41544E04464027EFF3118887F31B
:1067E0001288BFF36F8FD4F88450F5B9022104F1F9
:1067F0009C000DF045FC002870D004F194050022A7
:10680000012128460DF04FFE0028F8D10023029305
:106810004FF0FF324FF0FF33CDE90023414604F142
:106820008C02424800F042FDD7E7D4F888202B685C
:10683000C4F88430954208BFC4F88830D4F89C303E
:1068400043F00203C4F89C30EB6823F0040343F0E8
:106850000103EB606B6888F31188BFF36F8F2846E4
:106860009847EFF3118887F31288BFF36F8FEB68B7
:10687000D80623F001023ED4EA60EB689A0717D5E8
:10688000306823F00203EB6090B10368002178B117
:10689000426895423DD10368002934D17268336063
:1068A000904200D17360002340F8083BFFF7EAFEF6
:1068B000D4F89C3023F00203C4F89C30DB0530D4BC
:1068C000D4F88430003B18BF012388F31188BFF34C
:1068D0006F8F002B81D000F0C7FB7EE7D4F89C308F
:1068E000D90693D5C4F89C0088F31188BFF36F8F45
:1068F00004B0BDE8F08123F01103EB6005F1100056
:10690000FFF7C0FEB9E70B607368984208BF71607B
:10691000C9E701461BB11A6818461346B7E71A467D
:10692000FAE70023D1E700BF785100207D940020D2
:1069300070B5C368C3F340069B0705460C460DD5EA
:106940000122002104F108000DF08EFB00232360DA
:10695000054B65605A681AB9C3E90044304670BDFA
:1069600014605C60FAE700BF78510020F8B5C36896
:106970009A0704460E46C3F3400542D45F0742D44B
:106980000B680BB983680B60E368D80744BFA36842
:10699000336037684CBF0225012557B31B4B9A68FB
:1069A000D7F880309A421ED10DF07DFC80F00100B6
:1069B000C0B2D7F89C30D907C3F380021CD5F2B11E
:1069C000F8B100232360D7F8883073B9C7E92144B0
:1069D00038460DF070FBE36843F00403E36033686E
:1069E000A3602846F8BD0020E3E71C60C7F8884094
:1069F000EEE76FF0150506E06FF0120503E01B07E8
:106A0000DFD56FF00F0500233360EAE7585100200F
:106A1000F8B5C36803F00503002B06460C4614BF07
:106A2000012700271CD085680122002104F11000F5
:106A30000DF01AFB134920460DF09EFBE36843F06E
:106A40001003E360F3685B0712D5336823606BB90A
:106A5000D5F8883033B9C5E9214428460DF02BFB21
:106A60003846F8BD1C60C5F88840F6E73460F4E7A6
:106A7000D5F884302360D5F88830C5F88440002BE1
:106A8000EBD1F0E797400500014601480DF090BBBF
:106A900070310020F0B589B004460020C4E921001F
:106AA0000E9D04F18C00C4E9230004F19400C4E9B4
:106AB000250055B32879002840F2011008BF0120B5
:106AC000C4F89C0000204FF0FF364FF0FF37CDE9AF
:106AD0000330CDE90100CDE906670D4B0094204657
:106AE00000F0C8F855B1296811B120460DF0E1FB5E
:106AF0006B791BB1A38943F00103A38120460DF0FC
:106B0000B2FCC4F8804009B0F0BD0120D8E700BF56
:106B1000D167040037B501900846EFF31184402196
:106B200081F31288BFF36F8FC16811F01E0F16D169
:106B300053EA020508D101A9FFF718FF84F3118871
:106B4000BFF36F8F03B030BD41F00801C160019900
:106B500081620449103000F069FC0120EEE700205A
:106B6000ECE700BF2B41050001460148FFF7D2BF0B
:106B700070310020F7B50C46019016461D46EFF324
:106B80001187402383F31288BFF36F8F08460DF0FF
:106B900083FA55EA060309D101A92046FFF7E6FE6C
:106BA00087F31188BFF36F8F03B0F0BDE368074927
:106BB00043F00803E360019BA36232462B4604F1D5
:106BC000100000F033FC0120EAE700BF2B41050074
:106BD00001460148FFF7CEBF703100202DE9F04398
:106BE000073285B022F007020E461F4610998181B8
:106BF00000F158037F32C0E916330446002322F027
:106C00003F020421836001743F2A0F98A073C4E9F6
:106C10000633E37306F14009A2F1400805D883F377
:106C20001188BFF36F8F084602DFB518294620464A
:106C3000F4F784FA07300E9B20F00700A066C4E941
:106C4000189802930D9B01932D1A0C9B00932A46D2
:106C50003B4631462046F4F7BFFD00236365044BF5
:106C60009B6803B1DB6EE366284605B0BDE8F083A0
:106C700058510020F0B587B000250595109D04956A
:106C80000F9D03950E9D0295DDE912760D9D0195F0
:106C90000C9D00950446FFF7A1FFB6F1FF3F08BF2A
:106CA000B7F1FF3F05D056EA070305D120460DF0A6
:106CB000DAFB204607B0F0BD3A46334604F118002F
:106CC000014900F0B3FBF4E7954305000123037489
:106CD00083810023C0E91833C366014B9860704775
:106CE00058510020094A93686FF00A0199670849D2
:106CF00058674B6843F080534B60002383F311883F
:106D0000BFF36F8F9368986F704700BF5851002092
:106D100000ED00E070B590F91020037C002A2FDB15
:106D2000D9062DD11A4C63F07F032246037452F822
:106D3000183FE169934207D1C0E900210860E06192
:106D40000FE09942F8D01B68002BF5D093F90E6044
:106D500090F90E50AE42F4DD5968C0E90031086088
:106D60005860A569954200D005B9E568A3681A7C0A
:106D7000D20606D1DA897F2A03D9AA690AB96361E2
:106D800070BDAB4202D0284600F0D2FA6561F7E749
:106D90005851002038B590F91020037C002A014694
:106DA00004DA03F07F0303740DF088FA0D4D2A46D0
:106DB000AB6852F8184F944200D004B9EC688B428B
:106DC00007D01A7CD20604D1DA897F2A01D9A269B8
:106DD0002AB1A34202D0204600F0AAFA23466B61F2
:106DE00038BD00BF58510020B3F1FF3F08BFB2F1DA
:106DF000FF3F03D00249183000F018BB704700BFB6
:106E000095430500034648B9EFF3058232B9064AB7
:106E100051699268914201D0FFF764BF83F31188F2
:106E2000BFF36F8F704700BF5851002038B5184C22
:106E3000A168E0690B68814214BF1A4600224968C4
:106E40000B605960A368E1692AB9124AC3E90021BD
:106E50000B60E3610AE092F90E5093F90E0085424F
:106E600012DD5168C3E900210B605360A569094B2D
:106E70009D4200D005B9E568A3689D4202D028462E
:106E800000F056FA656138BD8A42DED01268DBE751
:106E90005851002070510020F8B50E4B0C46114699
:106EA0000D4A98681060DDE90667EFF31182402211
:106EB00082F31288BFF36F8F9D6828460DF010FA99
:106EC000284632463B46FFF78FFF2046BDE8F84094
:106ED000FFF708BF5851002080510020F8B5044644
:106EE000EFF31187402383F31288BFF36F8F037C86
:106EF00003F01F02002A0CBF0126002649B235D13B
:106F000003F07F0303740DF0D9F9294D037C8173DD
:106F100063F07F032A46037452F8183FE8699342EE
:106F200007D1C4E900200460EC610DE09842F8D07C
:106F30001B68002BF5D093F90EC08C45F6DD59681F
:106F4000C4E900310C605C60AC69944200D004B9C3
:106F5000EC68AB689C4202D0204600F0E9F96C6115
:106F600087F31188BFF36F8F3046F8BD9B071CD5A0
:106F700085680DF0A3F981732B689D4209D16B6878
:106F8000C4E900531C606C60EAE76A689A42F6D074
:106F90001B68002BF3D093F90E208A42F5DD5A6866
:106FA000C4E9003214605C60DAE78173D8E700BF9F
:106FB00058510020034648B9EFF3058232B9064A1A
:106FC00051699268914201D0FFF78CBE83F311881A
:106FD000BFF36F8F704700BF58510020EFF311814E
:106FE000402383F31288BFF36F8F054B9A68D37BDE
:106FF000013BD37381F31188BFF36F8F704700BFDC
:107000005851002070B5EFF31186402383F31288A6
:10701000BFF36F8F0F4DAB68DA7B0132DA732A460C
:1070200052F8184F944200D004B9EC681A7CD2068A
:1070300004D1DA897F2A01D9A2692AB19C4202D0FF
:10704000204600F075F923466B613046BDE870407C
:10705000FFF7D8BE58510020024B03F11802C3E9D4
:10706000062270475851002070B5EFF31186402377
:1070700083F31288BFF36F8F1A4CA168E0690B6825
:10708000814214BF1A46002249680B605960A36808
:10709000E1692AB9144AC3E900210B60E3610AE0FF
:1070A00092F90E5093F90E00854216DD5168C3E93E
:1070B00000210B605360A5690B4B9D4200D005B9C0
:1070C000E568A3689D4202D0284600F031F9656169
:1070D0003046BDE87040FFF705BE8A42DAD012683C
:1070E000D7E700BF5851002070510020F8B550EA92
:1070F000010306460C4603D1FFF7B6FF0020F8BD9A
:10710000EFF31187402383F31288BFF36F8F124D83
:10711000124BA8681860FFF73DFEA8681049234687
:107120003246183000F082F9AA68137C43F0040359
:10713000137404463846FFF7D5FDAB68D3E90A233C
:10714000B3F1004F08BF002AD8D10DF01AFA201A67
:1071500020EAE070D3E700BF5851002080510020A2
:1071600095430500014B9868704700BF58510020B7
:107170002DE9F84304468789EFF31186402383F312
:107180001288BFF36F8F037C190705D586F311882A
:10719000BFF36F8FBDE8F883D90943F008026FD1C0
:1071A0000274A36813B120460DF090F804F11800A2
:1071B0000DF0B2F9A56D04F15808A84511D04FF0B3
:1071C000000975B128460DF081F805F118000DF0A1
:1071D000A3F9C5F878902846FFF79CFDA56DA84552
:1071E000EFD1DFF8BC80D8F808309C4250D1EFF3E3
:1071F0000589B9F1000918BF4FF00109D8F81850F6
:10720000284A954200D00DB9D8F80C50AB4202D0B4
:10721000284600F08DF82046C8F8145009F014FFF5
:10722000B9F1000F02D02048FFF750FDD8F8083020
:107230009C4230D1EFF305836BBBA289D20711D5F5
:1072400086F31188BFF36F8F83F31188BFF36F8FBD
:107250000423184602DFEFF31186402383F31288DC
:10726000BFF36F8F3046FFF73DFDFB0792D500233C
:1072700083F31188BFF36F8F0423184602DF89E779
:1072800003F07F0343F0080303740DF017F888E759
:107290004FF00009B2E786F31188BFF36F8FE4E780
:1072A000585100207051002010320020D3B5DDE984
:1072B0000667089CCDE90067FFF7EEFD1CB1034BA4
:1072C0009B685B69236002B0D0BD00BF58510020AD
:1072D000027C12F01F02034610D10A4988420DD0E9
:1072E0000949086868B1D9897F2909D893F90E201E
:1072F000064B1B689A42B8BF0020704700207047B9
:1073000010467047703000200C0A00208451002085
:10731000044BC01A044BC0105843044B01221A54AA
:10732000704700BF90320020ABAAAAAA7D9400202B
:1073300070B50C4B0C4D1E7CFFF7CAFF182303FBE6
:107340000655044628460DF0E7F8084B00229A55EA
:107350003CB1621E28460649BDE87040D31700F0D4
:1073600065B870BD58510020903200207D940020F7
:107370001173040038B5EFF31185402383F31288AD
:10738000BFF36F8F0F4B104A9C681068A04206D164
:10739000FFF7CEFF85F31188BFF36F8F38BD002153
:1073A0001B7C1160094AD35C002BF3D02046FFF709
:1073B0008FFF0028EED0237CDB0601D1FFF736FDDE
:1073C0002046E5E758510020805100207D940020A0
:1073D000024B1868984208BF00207047100A00202E
:1073E000034B1B680BB9FCF725BC0020704700BF9E
:1073F0008851002030B570B10B4B5B6898420AD0C1
:10740000036843B1D3E90421D0E90445121941EBE3
:107410000501C3E90421D0E9003213605A6000235A
:10742000C0E9003330BD00BF100A0020B3F1FF3FB8
:1074300008BFB2F1FF3F2DE9F84F044699461546C3
:107440001F467AD08160EFF31188402383F31288BE
:10745000BFF36F8FB9F1000FDFF8E4A020DBFFF777
:10746000BFFFDAE90027013549F100092D1849EB82
:10747000E073C4E90453AD18064643EB07074FF029
:107480000109FFF7A5FFDFF8BCE0DEF804A0034622
:10749000EBB9C4E900EACAF80040CEF8044028E09D
:1074A000DAE900126FF001035B1A4FF0FF3161EB74
:1074B00002025B1B62EB0902012B72F10001BCBFEF
:1074C00001230022C0E904324FF00009D9E7D3E9D3
:1074D000041CD4E904208A4270EB0C0B24DA891ACC
:1074E0005A686CEB0000C3E90410C4E90032146070
:1074F0005C60FFF76DFF84420ED1134B1B685BB9D4
:10750000B9F1000F02D1FFF76BFF064630460CF0D1
:10751000ECFF0021FCF760FB88F31188BFF36F8F4D
:1075200028463946BDE8F88F521A60EB0C005345E7
:10753000C4E90420ADD01B68AAE700252F46EFE779
:10754000A8320020100A0020885100202DE9F047C1
:10755000DFF8A890DFF8A880C9F800000246FFF71E
:1075600037FF0D4600260027D8E900134FEAE27ED8
:1075700050B1D0E9044CA2427EEB0C0A1BDAA41AEB
:107580006CEB0E06C0E9044652184FF0000443EBC2
:107590000E032046C8E90023C9F800400CF0A5FFFF
:1075A0002146FCF719FB85F31188BFF36F8FBDE807
:1075B000F047FFF7DFBE611843EBE473C0E90467EF
:1075C000C8E90013FFF716FF01224FF00043C0E99E
:1075D000042385F31188BFF36F8F83689847EFF317
:1075E0001185402383F31288BFF36F8FD9F80020F1
:1075F000121BC9F80020FFF7EBFEB5E78851002009
:10760000A832002010B5EFF31184402383F31288D1
:10761000BFF36F8FFFF7E4FE054A0346D2E900018E
:10762000181841EBE37184F31188BFF36F8F10BD1D
:10763000A8320020F8B50446EFF31187402383F306
:107640001288BFF36F8FD0E90423B3F1004F08BF56
:10765000012A04D087F31188BFF36F8FF8BDD0E9FA
:107660000A566A1C46F10003022A73F1000334D360
:10767000013D46F1FF36002EBCBF00252E460CF022
:1076800084FF013041F10001401946EB010101285E
:1076900071F1000147DB0CF078FF013041F100018E
:1076A0006FF00203401946EB010183426FF0004383
:1076B0008B413DDB0CF069FF013041F100016FF0BF
:1076C0000102401946EB0103121A4FF0FF3161EB42
:1076D000030319492046FFF7A9FE236B01332363F7
:1076E000236A63B187F31188BFF36F8F20469847F1
:1076F000EFF31187402383F31288BFF36F8F54F8A1
:10770000185FA542A6D0002DA4D028460CF01DFE7F
:107710000023AB6787F31188BFF36F8F2846BDE85E
:10772000F8400CF003BE6FF001024FF0FF33D0E7DA
:1077300000224FF00043CCE7357604002DE9F041FC
:1077400005461C4690461F46EFF31186402383F3FF
:107750001288BFF36F8FB4F1FF3F08BFB2F1FF3F54
:1077600005D186F31188BFF36F8FBDE8F081002C3F
:1077700009DB012A74F10003BCBF0122002412F1CD
:10778000FF3844F1FF3728460CF0C6FEDDE906015C
:107790000023C5E90A012B6342463B4628460249BD
:1077A000FFF744FEDDE700BF3576040070B50546FF
:1077B000EFF31184402686F31288BFF36F8F0CF02D
:1077C000ABFE20B184F31188BFF36F8F70BD6B6A7D
:1077D00063B184F31188BFF36F8F6B6A28469847B3
:1077E000EFF3118486F31288BFF36F8F05F1180051
:1077F0000CF0E0FD0028E5D00CF098FD2146024891
:10780000BDE870400CF0ECBD7E940020F8B5074652
:107810000C4616460CF047FD08B10020F8BD0D4B94
:107820009B68DD6E002DF8D0221DF6D2EFF3118497
:10783000402383F31288BFF36F8F47F0040128467B
:10784000B04784F31188BFF36F8F0028E5D040F86C
:10785000045BE3E7585100200146024A0020FFF78D
:10786000D5BF00BF17F7040001680E4A91420346D6
:1078700015D1C169A2F11022A2F1EF1291420ED1ED
:107880008268012A0BD8C26812B101698A4206D007
:10789000586928B19B691B1A58425841704701200A
:1078A000704700BF55AA00FF70B50E4B9E68B6B179
:1078B0003046FFF7D9FF044618B9F3687BB935693C
:1078C0000DB9204670BD2846FFF7CEFF28B9EB68FA
:1078D000B34204D12E462D69F2E70446F1E70124B4
:1078E000EFE700BF8C5100202DE9F041404D0646E6
:1078F0006869884600F04CF918B100242046BDE8BC
:10790000F0812C68DCB1AC68CCB1002E6AD0B8F143
:10791000000F69D008FB06F7B7FBF6F6B04565D156
:10792000391D63D8BA0710D027F003020432EC687F
:1079300003E0616891420AD2A469002CF9D1686918
:1079400000F030F90028D9D0D7E73A46EFE7D4F86D
:1079500008C0BCF1000F02D001200DF08EFA891A88
:10796000232904F120061CD80123A360D4E90523B0
:10797000AAB19361A3690BB162695A610023C4E99A
:1079800005332B69DB0703D5FFF78EFF0028E3D112
:107990003A460021304634460DF063FACFE7EB60FB
:1079A000E8E702F1200023182039C3E9011CDC605C
:1079B0002169DFF840C0196144F800C00E48D86161
:1079C00001B1CB6061695961A069986141B18B6176
:1079D000996901B14B610121C4E901212361CDE71E
:1079E000EB60F5E73446AAE74446A8E70446A6E775
:1079F0008C51002055AA00FF669911EE70B5424ED9
:107A00000546706900F0C4F800287BD1002D5FD0D6
:107A10003368002B5CD0B268002A59D09D4203D352
:107A2000726813449D4202D301200DF026FAA5F19D
:107A300020042046FFF718FF0028F5D155F8183C20
:107A4000012BF1D155F8143C45F8180CC3B19A68D4
:107A5000002A42D155F81C2C02F120015A680A4430
:107A60005A6055E905321A6155F8145C2B6903B167
:107A7000DD602046202200210DF0F3F923462C463C
:107A80002069002836D08268002A33D163684268B2
:107A900020331344636003692361D4E90523F2B9F9
:107AA00023BB436963618269A2610BB39C61A369D3
:107AB00003B15C61236903B1DC60202200210DF079
:107AC000D0F933699B0703D5FFF7EEFE0028ABD151
:107AD0007069BDE8704000F065B80023D0E793619D
:107AE000A369002BDDD062695A61DAE7F360F7E73A
:107AF000F460DCE7002BE4D1F368A36103B15C61BF
:107B0000F460DEE770BD00BF8C51002070B5174EE9
:107B100014220C460546002130460DF0A2F9144807
:107B2000706100F02DF81349134800F051F8232C30
:107B30001BD915F003031FBF043CE418C3F1040371
:107B4000ED182246002128460DF08BF9C6E90054B5
:107B5000203CB5606C60B368084A1A60B368F36093
:107B6000A2F11022A2F1EF12DA6170BD8C51002057
:107B7000A8500020FD790400E978040055AA00FF10
:107B8000024B1B6803B11847704700BF3C0A002036
:107B9000034B9B6803B118476FF01D00704700BF8F
:107BA0003C0A0020034BDB6803B118476FF01D004F
:107BB000704700BF3C0A0020014B1B68184700BFFC
:107BC0001C0A0020014B1B68184700BF180A002040
:107BD000024B1860024B0020196070471C0A0020FD
:107BE000180A002010B50A46044619B1024B0021BC
:107BF0001B68984710BD00BF546905000E4B034039
:107C0000B3F1607F06D1B1F5885F0CBF00206FF043
:107C100086007047B3F1707F0BD101F4E043B3F5F8
:107C2000005F06D111F4E06F14BF00206FF08600F2
:107C300070476FF0860070470000C07F8A42F8B539
:107C400006460D4600F00A8101F0FE41B1F1C06F19
:107C500061D1884C22F4FF7121F00101A14222F090
:107C6000FF0014D004F58854A04210D022F47F768F
:107C700026F00306A4F57064A64208D004F5A064BB
:107C8000A04204D004F57454A14240F0EB80D1B27C
:107C9000784E19B922F48061B14224D125F4FF74E1
:107CA00024F00104B44225F0FF0112D0724EB1421B
:107CB0000FD025F47F7727F00307A6F57066B7424B
:107CC00007D006F5A066B14203D006F57456B4425B
:107CD00009D115F0FF0406D0684E44F00074B44298
:107CE00004BF02460D468BB122F4FF7323F001035B
:107CF000B3F1062F06D0624B22F4FF6121F0070199
:107D0000994203D122F4807225F48075954214BF04
:107D100000200120F8BDB1F1A06F16D102F0FE43A2
:107D2000B3F1A06F40F0888082EA050333F47E133C
:107D300040F0828028047FD5C5F30540C2F3054298
:107D400090428CBF00200120E4E74E4B9D4209D1B8
:107D5000A3F500439A4200F081804B4B22F47E1041
:107D60009842D4E7B1F1407F60D102F0FE43B3F115
:107D7000407F5BD182EA050030F47E1456D1314653
:107D80002846FFF73BFF00286AD1404912F47C17D0
:107D900001EA020113D0B1F1607FC2F3054333D190
:107DA000D1B241F0007101F17E410339122901D8AD
:107DB0003748445C15F47C1F2DD19C42A7E7B1F1F4
:107DC000607F0AD1D3B243F0007303F17E43033BDB
:107DD000122B4BD82F49CB5CE2E7B1F1707F17D162
:107DE00006F4E043B3F5005F42D1C6F3022101235C
:107DF0008B4006F4E041B1F5005FDBD1C6F302260B
:107E0000012000FA06F4D5E7B1F1707FD2D1F0E796
:107E100000242346CEE71FB9C5F30541A1421DD07A
:107E2000290403D5C5F3054098428AE71A4B9D42C1
:107E300002D1B2F1082F6AE725F0004323F47F0353
:107E4000B3F1106F0CD102F0FE43B3F1106F07D104
:107E50001248104040F01060A84258E7012059E74E
:107E6000002057E7002B7FF446AF4FE7002397E74A
:107E70000023BEE70002000600130006FF00000218
:107E8000004000060093C004000140050000C07FD0
:107E90000AB505000AB505000002C0030000FFF6A0
:107EA00070B505460F480E46FFF772FE044618B13E
:107EB0006FF08F04204670BD6B6933602B7F012B00
:107EC0000ABF022330602B77064818BF6FF0960474
:107ED000FFF768FE0028EDD0002CE9D06FF0960483
:107EE000E8E700BFCC50002038B50C4C0C48FFF739
:107EF0004FFE65780A48FFF755FE0A48FFF748FE2F
:107F0000022D08D12478E31F5C425C410548FFF74D
:107F100049FE204638BD0024F8E700BFA4510020E8
:107F2000B4500020C05000202DE9F0478946154686
:107F30001C4600F0B3FB0646002851D1D9F800706A
:107F4000B7F800A00AF4E043B3F5804FBB6808BF60
:107F500025F0010535EA03033AD1002C40D0B5F5F0
:107F6000006F40D0A5F5005255425541284A24F4EF
:107F7000FF7323F00103934213D0264924F0FF023C
:107F80008A420ED024F47F7020F00300A1F57061C6
:107F9000884206D001F5A0618A4202D01E4A93426F
:107FA00023D114F0FF0304D01C4A43F00073934222
:107FB00022D0F9682B4622465046FFF73FFE804606
:107FC00070B939692B4622465046FFF737FEE0B9B3
:107FD0006FF084060023C9F80030384600F096FBA5
:107FE0003046BDE8F0870125C0E704F0FE43B3F159
:107FF000407F04D12304DCD56FF08606EAE7B3F1B5
:10800000A06FF7D0054B9C42D2E74646E8E700BF99
:10801000000200060013000600460006FF000002F2
:1080200038B500F0FE43B3F1407F04460D4602D060
:108030006FF0860038BDFFF7E1FD0028F8D114F499
:108040007C1F18D0C4F30543032B137022D9224A96
:108050002240B2F1607F31D1E4B244F0007404F107
:108060007E44033C122CE3D81C4A125D9342DFD8B5
:10807000202BDFD90EE0184B2340B3F1607F0FD1E6
:10808000E3B243F0007303F17E43033B122B04D9A8
:10809000002313706FF08500CCE71149CB5CD3E768
:1080A000B3F1707FF4D101F4E043B3F5005FEFD199
:1080B000C1F3022101238B40DBB2C5E7B2F1707F2F
:1080C000B6D105F4E042B2F5005FB1D1C5F30225A7
:1080D0000122AA40CAE700BF0000C07F0AB5050020
:1080E0000AB505002DE9F3414768D0F8148004462D
:1080F00038460E460CF0C6FC0546E8B9FFB22FB96B
:10810000B8F1000F05D06FF0860515E0B8F1000F4B
:10811000F9D0A36823F0031323F47F43002BF2D19B
:1081200062884FF6F8739A4228D816482779FFF7E5
:108130002FFD28B16FF08F05284602B0BDE8F08111
:1081400007B901A8314600F059FA05460D48FFF776
:1081500029FD10B1002DEFD1ECE7002DECD10FCCB3
:10816000D6F800C066460FC694E8070086E8070008
:10817000002FE1D1019BCCF81430DDE76FF08505CD
:10818000DAE700BFCC50002010B5044650B10648D5
:10819000FFF7FEFC20460CF083FBBDE810400248D0
:1081A000FFF700BD10BD00BFCC50002013B5044642
:1081B00010B301A900F072FA0446E8B91948FFF7B4
:1081C000E7FC0346019853B100240CF046FC00285C
:1081D00018BF04461348FFF7E5FC68B109E0037FC8
:1081E000032B11D10CF039FC04460E48FFF7DAFCE2
:1081F00028B10CB96FF08F04204602B010BD002CDE
:1082000008BF6FF08704F7E7022B07D1032303773A
:108210000379FF2BD8D16FF08404D6E76FF0960472
:10822000D3E700BFCC5000202DE9F0411E4688B0B6
:10823000904600220388059205460F46CDF81C8023
:108240003260B8F1000F65D0B8F1005F80F0A18016
:1082500023F0FF03B3F5E24F02D0B3F5824F25D1EF
:1082600028460CF0FBF90446002840F08680EB68B5
:1082700083B16A8872B12B8803F44F41B1F5824F04
:1082800002D0B1F5884F05D1DBB2222B36D02CD8E5
:10829000122B38D03A4608EB0701002312F8010BE5
:1082A0008A4243EA0003F9D1002B33D005A92846BE
:1082B000FFF718FF0446A0B9059B9B6A6BB3059BAB
:1082C0005A88069206AA029203F1280201929A6A3B
:1082D00000925B6A4246394628460CF0E2FB0446AF
:1082E00080B30598FFF750FF47E0273BDBB21B2B1D
:1082F000D0D8294921FA03F3DB07CBD50732B8EBF5
:10830000D20FC7D206E040F209239A42F6D1B8F163
:10831000400FBFD86FF086042FE06B681B0A07D1AF
:10832000079905980CF07CFA04460028C7D0D8E7D6
:1083300007AB4246394628460CF0AEFB04460028FF
:10834000EED0CEE70599069B4A88D2B94B80069AB3
:108350004FF6F8739A4219D82B88059813B1028802
:108360009A4210D16B8813B142889A420BD13146A0
:10837000FFF796FD04460028B3D1204608B0BDE8BB
:10838000F0819A42E3D06FF08604AAE76FF085048B
:10839000A7E76FF08504F0E70102000C38B504464A
:1083A0000D46FFF7A1FD30B12A4621460348BDE83E
:1083B00038400CF002BC6FF0880038BDA851002096
:1083C00010B51B4C1B48FFF7E3FB2378590744BF4C
:1083D00003F0FB0323709A0705D500F0F5F8237826
:1083E00023F0020323701348FFF7DCFB1248FFF76A
:1083F000CFFB637813B111480CF0F0FB002304218C
:108400000E486370FFF7EEFB0B48FFF7CBFB094804
:10841000FFF7BEFB2378DB0705D50CF03CFB237888
:1084200023F001032370BDE810400248FFF7BABBF8
:10843000A4510020C0500020B4500020A8510020BA
:1084400070B5FFF751FD10B10024204670BD3448CF
:10845000FFF79EFB044620B16FF08F04FFF7B0FFDB
:10846000F3E7304D2B789E0706D400F0A5F82B7863
:1084700043F0020304462B702948FFF793FB10B129
:10848000002CE9D0EAE7002CE8D12548FFF780FB73
:1084900004460028E0D12B78D80706D40CF0F9FA6E
:1084A0002B7843F0010304462B701D48FFF77AFB3D
:1084B0000028E5D1002CD1D11948FFF769FB00282D
:1084C000CAD117482E78FFF76DFB0028C4D1164893
:1084D000FFF75EFB04460028BED16B783BB9F1077D
:1084E00005D512480CF067FB022304466B700E485A
:1084F000FFF758FB0028C3D1002CAFD10848FFF785
:1085000047FB0028A8D12B7805485A075CBF43F0E9
:1085100004032B70FFF746FB002895D09CE700BFB3
:10852000C0500020A4510020B4500020A8510020C9
:1085300000F140420F2A30B50CD81D4B2C2404FB0F
:1085400002331A7F022A02D15A69824224D06FF084
:108550008B001AE0441E6FF040439C420ED2144A36
:1085600000241346157F022D02D15569854210D093
:108570000134102C02F12C02F4D1E8E70D4BA2F5E6
:1085800080529A42EBD96FF0870030BD6FF09600B1
:10859000FBE72C2202FB04331A7F022AF6D11A6A67
:1085A000501CF3D001321A6200200B60EDE700BFCF
:1085B000AC510020FFDFFF3F024B012283F8C022B5
:1085C00000207047AC5100202DE9F0410A4C0025F5
:1085D00026464FF001080327C4F82080277720465D
:1085E00001350CF05DF9102D04F12C04F4D10023B9
:1085F00086F8C032BDE8F081AC510020F8B5244DBA
:10860000064624480F46FFF7C3FA95F8C0422148B2
:10861000FFF7C8FA002C34D000242B462246197FDD
:10862000F9B13CB9022905D1196A19B9197900299A
:1086300018BF1C460132102A03F12C03EFD114B9E4
:108640006FF08C000BE0237F022B04D1236A5A1CAD
:108650001CBF0133236220460CF022F910B1002424
:108660000DE01C46237F7BB90123237736B10A4BEB
:10867000651BAD105D4305F18045356000203C6011
:10868000F8BD6FF08800EAE76FF09600E7E700BFFB
:10869000AC510020C0500020A38B2EBA002370B52F
:1086A0000B60044616480D46FFF772FA154B144846
:1086B00093F8C062FFF776FAFEB11348FFF768FA45
:1086C000064618B16FF08F04204670BD204629463B
:1086D000FFF72EFF10F18C0F044607D00A48FFF772
:1086E00061FA0028F0D0002CEED1EBE706482E60AE
:1086F000FFF758FA6FF08704E6E76FF08804E3E7C6
:10870000C0500020AC510020CC50002010B50446D1
:108710000848FFF73DFA40B920460CF09EF90446A0
:108720000448FFF73FFA10B10CB96FF08F042046F0
:1087300010BD00BFCC5000202DE9F04F5FFA83FC44
:10874000DFF868E0466889B04CF0007CF445CDE97C
:108750000612DDE91278DDE9149ADDF858B0044616
:108760001D464FEA162618D0E6B9CDE903ABCDE990
:108770000189009701F0DAF810F1860F0FD1DDE9D9
:1087800006122B462046CDE915ABCDE91389129789
:1087900009B0BDE8F04F00F0D5B86FF0850009B022
:1087A000BDE8F08F6FF08600F9E700BF050000021A
:1087B0002DE9F743DDF82880DFF860E05FFA88FCF8
:1087C00004464CF0007C4868F4450D4616461F46AA
:1087D0004FEA10201CD0F0B904F10809CDF8008050
:1087E000484600F0A5FF20B90423236003B0BDE88C
:1087F000F08310F1860FF9D1CDF800803B46324668
:108800002946484600F06AF80028EFD11C23ECE71F
:108810006FF08500EAE76FF08600E7E705000002E9
:108820002DE9F743DDF82880DFF860E05FFA88FC87
:1088300004464CF0007C4868F4450D4616461F4639
:108840004FEA10201CD0F0B904F10809CDF80080DF
:10885000484600F06FFF20B90423236003B0BDE851
:10886000F08310F1860FF9D1CDF800803B463246F7
:10887000294648460CF092FA0028EFD11C23ECE779
:108880006FF08500EAE76FF08600E7E70500000279
:108890007FB50024C0F848410F4C009405460CF009
:1088A0000BF9044698B903AB102205F59C760193A9
:1088B0000092334605F5947128460CF027F90446DA
:1088C00028B930460CF099F9204604B070BD28460E
:1088D0000CF02EF9F8E700BF004440042DE9F04108
:1088E0001E46069B1746154A23F47E139342044600
:1088F0000D461BD10B88B3F5105F17D1A6F11002FE
:10890000102A17D80E4BD340DB0713D54FF4A672AD
:1089100000210CF0A6FA022384F84C313A46334683
:1089200029462046BDE8F041FFF7B2BF6FF0850051
:10893000BDE8F0816FF08600FAE700BF0002C003D7
:10894000010101002DE9F04323F47E16124BDDF8FE
:108950002C909E42DDE9077CDDE909E815D103880A
:10896000B3F5105F11D1A2F11004102C11D80B4DEA
:1089700025FA04F4E3070CD5CDE90989CDE907CE42
:108980003B46BDE8F0430CF0E0B96FF08500BDE870
:10899000F0836FF08600FAE70002C00301010100D6
:1089A00073B50C4611461A462388069EB3F5105F30
:1089B000054619D1A2F11004102C12D80C4BE3403B
:1089C000DB070ED50B4B9E420ED1002400942346AC
:1089D00003F0DAFB85F81C41C5F81861204602B0A7
:1089E00070BD6FF08600FAE76FF08500F7E700BF13
:1089F00001010100004440042DE9F04116461F46E4
:108A0000D0F818210E4B9A420546884611D13146BE
:108A100003F0DAFB069B984204460DD833462846FD
:108A20004246394603F0DEFB079B00201C60BDE890
:108A3000F0816FF08500FAE76FF08900F7E700BF7B
:108A400000444004002843D08B1A13F0FF033DD0AC
:108A5000591E022929D94FF0000C63F3070C63F368
:108A60000F2C00B563F3174C811803F0FC0E63F371
:108A70001F6C8E4441F804CB8E45FBD1990711D071
:108A800023F0030100EB010C0CF8023001F1010CA2
:108A90009C4507D2844402318B420CF8023001D944
:108AA0000844835400205DF804FB002100EB010C16
:108AB0000CF8023001F1010C9C4507D284440231CC
:108AC0008B420CF8023001D90844835400207047CF
:108AD0006FF08600704700BF50B34AB330B54518F9
:108AE00015F801ECBEFA8EFC4FEA5C1CA1EB0E04FB
:108AF0008E4588BF4CF0010C146091B1024612F80B
:108B0000011B131A013B9C428CBF0023012381EA05
:108B10000E0113FB01F34CEA030C95425FFA8CFC47
:108B2000EDD1BCF1000F0CBF00206FF0950030BDFF
:108B30006FF08600704700BF2DE9F843B1F802904E
:108B4000089E0D88B9EBC30F40F09B801F4606F0CE
:108B5000FE43B3F1806F0446904605D04A4B334044
:108B6000B3F1707F40F08D80DC21204603F046FC9D
:108B70000123A37105F4E043B3F5005F2660A580EF
:108B80002FD042F204039D425ED042F207039D4281
:108B90000BD13E4B9E4264D03D4B9E4214BF0023FE
:108BA0000D23A3636FF085004CE0394B9E420CBF50
:108BB0000D230023A363B5F5105FF3D1102304F157
:108BC0003C05A360284600F0E3FEA379002B50D0BB
:108BD000012BE7D14A464146284600F0EDFE48B356
:108BE00030E015F4E06FC5F30222CAD0294926F41B
:108BF00080738B420AD001F500718E4206D026495F
:108C00008E4203D0A1F53F418B42BAD1012393405C
:108C1000A36342F204039D42CDD104F13C0501233C
:108C20002846A36000F044FF3A464146284600F03B
:108C300055FF38B9194B22689A4215D00023E360DA
:108C400023610020BDE8F883104B9E4206D0104BF4
:108C50009E4214BF00230D23A363DEE70C23A3630E
:108C6000DBE71823A3639DE70D4A0E4BC4E90323FA
:108C7000E7E74A464146284600F0BEFE0028D9D024
:108C8000E0E76FF08600DDE70000C07F00018004B0
:108C90000013C0040010C00400FF40040041400461
:108CA000458A0400D98A04002DE9F0478AB0D0F83B
:108CB00008E0DDF84C80B8F1000F00F0D6801546D2
:108CC0000022C8F80020002D77D00E461F466A49C2
:108CD00003688B42044640D08068616ADDF848A092
:108CE00001EB0509B9FBF0FC00FB0CFCD44500F2DC
:108CF000BF80B4F804C042F2040AD44564D0BCF585
:108D0000105F3ED1DFF874C1634500F0AB805B4A71
:108D100093423BD95A4A93426DD002F50072934276
:108D20002FD14FF006090023CDE9000310222B4676
:108D300002A801F0B5F8002800F097809DF82530D2
:108D4000032B37D0012B5AD0022B6DD0002B7CD0B7
:108D50006FF088000AB0BDE8F087828842F2040113
:108D60008A422ED08068616ADDF848A005EB0109CF
:108D7000B9FBF0FC00FB0CFCD44579D8B2F5105FD0
:108D8000C5D06FF085000AB0BDE8F087A2F580621B
:108D900093422CD002F580729342F2D1A37933BB77
:108DA000B9FBFEF30EFB1393B3FA83F35B094FF0A9
:108DB0000109B9E7049BC8F8003000200AB0BDE8FB
:108DC000F087129B9D4253D8129B00932A46CDF800
:108DD00004803B46314604F13C0000F08FFE002841
:108DE00018BF0025C8F800500AB0BDE8F0874FF062
:108DF0000109002398E74FF00209002394E7049B40
:108E00003B44019304F114030093A26804F1280386
:108E1000494604F13C0000F00FFE00289AD1606240
:108E200002A800F0E3FF89E7049B079A3B44019303
:108E3000039B33440093494604F1280304F13C00AA
:108E400000F0FAFD0028EBD084E7606A0399079AE6
:108E500014303144204403F0CDFA636A079A134476
:108E60006362DDE7914613465EE76FF0860071E7C7
:108E70006FF089006EE700BF0001800400444004E9
:108E80000010C00410B5838842F2040293420446E5
:108E90000ED0B3F5105F08D13C3000F087FD2046BE
:108EA000DC2103F0ABFA002010BD6FF0850010BD8F
:108EB0003C3000F00DFEF2E72DE9F04F8046D0E99E
:108EC00017301C1A1646B4FBF3F203FB1244B442EB
:108ED00028BF3446A5B00D46002C71D198424AD027
:108EE000B6FBF3F403FB04F42146284604F0B6F97C
:108EF000034684B1A8B9CDE9000002AA214628465C
:108F000004F0BAF990BB224602A9404604F010FAD8
:108F100060BB2544361B002E62D1002025B0BDE881
:108F2000F08F0DF110090DF1080A4FF0000B04E06D
:108F300004F0FEF9D0B9E41BEDD0802C274628BF01
:108F4000802729463A46484603F054FA0023524601
:108F50003946CDE900BB484604F08EF903463A464F
:108F6000514640463D44F61B002BE1D06FF0830094
:108F700025B0BDE8F08F802B28BF80230DF11009AC
:108F80001A4608F16401484603F034FA0023CDE99B
:108F900000330DF1080AD8F85C104846524604F038
:108FA0006BF90028E2D1D8F85C205146404604F025
:108FB000BFF90028DAD1D8F85C30C8F860008FE734
:108FC00008F164031844224603F014FAD8F860004C
:108FD000D8F85C3020442544361BC8F860007DE793
:108FE000D8F86030193308EB83003246294603F085
:108FF00001FAD8F860303344C8F860308DE700BF1C
:1090000008B338B50D46F021044603F0F7F90F4BCD
:109010009D4216D001339D4205D0043B9D420ED0A7
:109020006FF0850038BD012340222360E2652046B1
:1090300004F056F90028F5D06FF0860038BD002303
:10904000F2E70223F0E76FF08600704708000002A5
:10905000E0B1CAB1D1B170B5064614468D1805E02D
:10906000FFF72AFFA4F57F44FF3C60B9B4F5803FC9
:109070004FF6FF723046A5EB0401F1D22246BDE85F
:109080007040FFF719BF70BD104670476FF0860043
:10909000704700BF002869D02DE9F0430D46A5B008
:1090A00000295DD0066E17469846044626BB0DF192
:1090B000100901220023CDE90033484662603146A1
:1090C00002AA04F0D9F800284AD1324602A9204663
:1090D00004F02EF9002840D1204604F03FFA002881
:1090E0003BD123682066012B2BD0022B1DD083B1EE
:1090F000002025B0BDE8F083802E0DF11009324626
:1091000000F1640128BF8022484603F073F9266EFF
:10911000CFE7132F27D9142204F10801284603F0C2
:1091200069F91423C8F80030E2E71B2F1BD91C2271
:1091300004F10801284603F05DF91C23C8F800304B
:10914000D6E71F2F0FD9202204F10801284603F08B
:1091500051F92023C8F80030CAE76FF08300C8E750
:109160006FF08600C5E76FF08900C2E76FF08600F8
:10917000704700BFF0B5BDB005460E46144600214D
:10918000F02268461F460BF06CFEF021684603F0A3
:1091900035F9344B9D424DD001339D4248D0043BBC
:1091A0009D4210D0009BDB4333F0004303D0F021FD
:1091B000684603F023F96FF08505439A002328469B
:1091C00013603DB0F0BD0023009368464023179321
:1091D00004F086F8D0BBB4B1C6B3264406E0FFF76E
:1091E0006BFEA4F57F44FF3C054628BBB4F5803FE9
:1091F0004FF6FF726846A6EB0401F0D22246FFF755
:109200005BFE0546C0B9DDE9422339466846FFF7F3
:1092100041FF009BDB4333F00043054603D0F021C0
:10922000684603F0EBF8002DC7D128463DB0F0BDED
:109230000123C9E70223C7E7009BDB4333F0004368
:10924000BBD0F021684603F0D9F8B6E7009BDB43BA
:1092500033F0004303D0F021684603F0CFF86FF0FD
:109260008605AAE7080000022DE9F04F95B00668D0
:109270001E9F17F47C1F0446884691461D4636D033
:10928000C7F3054A002E40F0F781BAF1030F3BD92E
:109290004FF49E71204603F0B1F8914BC4F834A10D
:1092A00027F47E129A4200F0EC808E4B3B40B3F1E3
:1092B000607F29D13C22314605A804965FFA87F8E1
:1092C0000BF0CFFD884B48F00078984504D008F1AA
:1092D0007E431A1F112A1DD96FF085054FF49E7128
:1092E000204603F08BF8284615B0BDE8F08F7D4B83
:1092F0003B40B3F1607F00F08C80B3F1707F00F0F1
:109300009880002E40F0B8816FF08605284615B091
:10931000BDE8F08F754951F822207549884500F065
:10932000A781083B012BD7D8724B04F1040A98455A
:109330000CBF02230123402A6360039500F29F8142
:10934000402D00F2DB80002D40F08A810DF11009E4
:109350000023402204F1F40018445C2103F04CF88F
:10936000069B83F036330693079B83F036330793CF
:10937000089B83F036330893099B83F036330993B7
:109380000A9B83F036330A930B9B83F036330B939F
:109390000C9B83F036330C930D9B83F036330D9387
:1093A0000E9B83F036330E930F9B83F036330F936F
:1093B000109B83F036331093119B83F03633119357
:1093C000129B83F036331293139B83F0363313933F
:1093D000049B83F036330493059B414683F0363378
:1093E00050460593FFF70CFE054680BB49464022D8
:1093F0005046FFF72DFE40210546484602F0FEFF8D
:10940000002D7FF46BAF00252846276015B0BDE81E
:10941000F08F354AFBB243F00073934221D003F141
:109420007E43043B112B3FF66CAF334A52F823A026
:1094300028E70B8803F4E042B2F5005F7FF461AFE8
:10944000C3F302234FF0010A0AFA03FA1AE7484667
:10945000402102F0D3FF4FF49E71204602F0CEFF70
:1094600041E7002E40F008814FF49E7102F0C6FFE4
:1094700010221B4BC4F8342127F47E129A427FF449
:109480002BAF2B4600974A464146201DFFF754FB61
:10949000054600287FF422AF742104F1400002F059
:1094A000ADFF0123C4F89C30C4F8A0300723A567A2
:1094B000C4F89450C4F898506367B8F80230B9F112
:1094C000000F00F0DC80802B40F0D980256784F805
:1094D0007C501022494604F1500002F08BFF92E7C5
:1094E0000002C0030000C07F0300000264690500A1
:1094F000050000020800000264690500494603AB4C
:109500000DF110094FF0400B2A460193CDF800B041
:109510004B464046FFF72EFE0546002897D1039B99
:10952000002B3FF415AF5A1E022A72D9049A9908EB
:1095300082F05C320129C4F8F42066D0059A022931
:1095400082F05C32C4F8F8205FD0069A032982F0DA
:109550005C32C4F8FC2058D0079A042982F05C32AF
:10956000C4F8002151D0089A052982F05C32C4F871
:1095700004214AD0099A062982F05C32C4F80821F5
:1095800043D00A9A072982F05C32C4F80C213CD0FF
:109590000B9A082982F05C32C4F8102135D00C9A5D
:1095A000092982F05C32C4F814212ED00D9A0A29C0
:1095B00082F05C32C4F8182127D00E9A0B2982F071
:1095C0005C32C4F81C2120D00F9A0C2982F05C3246
:1095D000C4F8202119D0109A0D2982F05C32C4F809
:1095E000242112D0119A0E2982F05C32C4F828216D
:1095F0000BD0129A0F2982F05C32C4F82C2104D0CF
:10960000139A82F05C32C4F830219A0723F00306E3
:1096100023D006F150026A44A11912F8402C82F0BE
:109620005C0281F8F420721C934216D902F15001B9
:109630006944023611F8401C224481F05C01B342B7
:1096400082F8F41009D906F150026A44264412F84F
:10965000402C82F05C0286F8F420C3F1400279E6E7
:1096600049460DF110092A46484602F0C3FE56E766
:1096700004F1040A33465EE66FF0880546E66FF0B3
:1096800086052BE62DE9F0438BB00023CDE90233AC
:10969000CDE90433CDE90633CDE9083301934368BE
:1096A000022B3FD81646214A071D52F823908046C8
:1096B0000D4601AB202202A93846FFF7EBFC044619
:1096C00018B120460BB0BDE8F08349463846FFF795
:1096D00097FC044638B908F1F40140223846FFF7F8
:1096E000B7FC044638B102A8019902F087FE204673
:1096F0000BB0BDE8F083019A02A93846FFF7A8FC39
:1097000004460028EFD101AB3846202202A9FFF71A
:10971000C1FC04460028E6D1324602A9284602F0E0
:1097200069FEE0E76FF08804CBE700BF58690500E9
:10973000FFF79ABDFFF798BD002875D02DE9F041DD
:109740000D4686B000296CD004460068394B20F4E1
:109750007E1C9C450AD0384B0340B3F1607F18D182
:10976000201D06B0BDE8F041FFF772BCA06AE768B3
:10977000164610B13A1A964228D87B1E3344B3FBE2
:10978000F7F3012B08D8002E40D1002006B0BDE829
:10979000F0816FF08800F9E7013B03FB07F70DF15B
:1097A000100800230093CDF8048002AA3946284609
:1097B00003F062FDA8BB424602A93B4604F140000B
:1097C00003F0E2FF98BBF61B3D44DCE71830204471
:1097D00002F010FE0DF1100800230093CDF8048074
:1097E00002AA394604F1180003F046FDC8B9424602
:1097F00002A93B4604F1400003F0C6FFB8B9A36AD2
:10980000A062F218FB1A1D44D61BB6E7A06A1830F6
:1098100032462946204402F0EDFDA36A3344A36298
:10982000B3E76FF08600B1E76FF0860070476FF026
:109830008300ABE70002C0030000C07F2DE9F047C2
:109840009846D0F8343193428EB059D81646026803
:109850002F4B0F4622F47E119942044626D02D4B01
:109860001340B3F1607F48D10DF1180A2022514610
:10987000FFF708FF05465146D4F83421384602F078
:10988000B9FD5046202102F0B9FD3DB9D4F834317C
:10989000C8F8003028460EB0BDE8F087384631469B
:1098A00002F0ACFD28460EB0BDE8F087002304AD01
:1098B00000930195816A00F1040902AA183003F0AF
:1098C000DBFCA8B904F1400A2A46A36A02A9504663
:1098D00004F00EF90546B0B951460DF1180A1022F0
:1098E000504602F087FD4846DC2102F087FDC2E7C2
:1098F0006FF086050DF1180ABDE76FF08805C9E71E
:109900006FF08905C6E76FF083050DF1180AB2E71D
:109910000002C0030000C07F08B503681BB14FF40C
:109920009E7102F06BFD002008BD00BFF0B5D3B002
:1099300004461F460D46164600214FF49E7203A8AA
:109940000BF08FFA2146009733462A4603A8FFF70B
:109950008BFC044640B9599B83B9DDE95B235A99D6
:1099600003A8FFF76BFF0446039B23B14FF49E71DE
:1099700003A802F043FD204653B0F0BD58991A46A3
:1099800003A8FFF7D9FE04460028EDD1E5E700BFA4
:1099900030B10022012342658265C36503667047CA
:1099A000014802F06DBD00BFAC69050018B174221A
:1099B000002102F021BD7047D0B1C9B110B5C02A55
:1099C0004FF00004846380F83C4007D0B2F5807FFC
:1099D00004D0802A05D06FF0860010BD6FF085009E
:1099E00010BD10220463104402F004FD204610BD97
:1099F0006FF08600704700BFD0B1C9B110B5012328
:109A00000024C02A836380F83C4007D0B2F5807FF1
:109A100004D0802A05D06FF0860010BD6FF085005D
:109A200010BD10220463104402F0E4FC204610BD77
:109A30006FF08600704700BF2DE9F04286B00C9DA4
:109A40003AB3074688B385B399460D9B6BB3B9F11A
:109A5000000F2AD002290E4614461ED0130724D127
:109A6000796321B110224946384602F0C3FC2846EA
:109A700004AD0D9B0094019502AA214603F0FCFB66
:109A800098B923462A4602A9384603F07DFE60B9FC
:109A90002EB9002006B0BDE8F0827963E2E710221B
:109AA0003946484602F0A6FCF3E76FF08600F1E77E
:109AB00060B110B5A0220446002102F09DFC0123F4
:109AC0004022A363E36384F8842010BD704700BF85
:109AD00018B1A022002102F08FBC704758B108B520
:109AE00031B1202A04D1143002F084FC002008BDDA
:109AF0006FF0860008BD6FF0860070472DE9F04FCB
:109B000099B0DDF88C80002800F054810F460029C0
:109B100000F050811E46002B00F04C81B8F1000F80
:109B200000F0488100231546C8F80030002A00F0F4
:109B30003A81229B9A4200F2558190F88430C3F119
:109B4000400222EAE272AA4228BF2A46044693460D
:109B50005AB30344BBF1010F93F844200B7883EA16
:109B60000203337013D0701E58443246C6F1010C04
:109B700094F884E0A3186344734411F801EF93F858
:109B8000443083EA0E0302F8013F8242F0D194F898
:109B900084305B4484F88430D8F80030B5EB0B0592
:109BA0005B44C8F8003000F0FE8035F03F0A40F01A
:109BB000DB8006AB029308ABA946039300213C224D
:109BC00009A808910BF04DF9029B019340230093E3
:109BD000039804F1440304AA402103F04DFB00283C
:109BE00040F0E580029A402304A9204604F0AAF838
:109BF000002840F0DC8009F1FF33032B0BEB0A0255
:109C000040F2DB80511C3944B318591A022940F242
:109C1000D48004F14501591A022940F2CE80B95886
:109C2000606C4140B1504FEA9901012907EB020CE9
:109C300000F0D580DCF804E0A06C02298EEA000078
:109C4000586064D0DCF808E0E06C03298EEA00007C
:109C500098605CD0DCF80CE0206D04298EEA0000EE
:109C6000D86054D0DCF810E0606D05298EEA000061
:109C700018614CD0DCF814E0A06D06298EEA0000D3
:109C8000586144D0DCF818E0E06D07298EEA000046
:109C900098613CD0DCF81CE0206E08298EEA0000B8
:109CA000D86134D0DCF820E0606E09298EEA00002B
:109CB00018622CD0DCF824E0A06E0A298EEA00009D
:109CC000586224D0DCF828E0E06E0B298EEA000010
:109CD00098621CD0DCF82CE0206F0C298EEA000082
:109CE000D86214D0DCF830E0606F0D298EEA0000F5
:109CF00018630CD0DCF834E0A06F0F298EEA000066
:109D0000586304D1DCF83810E06F4140996319F0D2
:109D1000030F1FD029F0030319461344601890F86D
:109D200044C0F85C80EA0C00F0544B1C994511D9F2
:109D3000D0182344023193F844C03B5C894583EA40
:109D40000C03335406D90A446318B95C93F84430C1
:109D50004B40B354D8F80030A5EB0A054B44C8F883
:109D6000003084F884501EE008AB06AA03930193E8
:109D7000CDF800A006EB0B03514607EB0B00029257
:109D800003F07AFA98B9DDE902125346204603F04F
:109D9000D9FF60B9D8F8003015F03F095344C8F82E
:109DA00000307FF40BAF002019B0BDE8F08F002326
:109DB000C8F800306FF08600F6E7013A1744164401
:109DC00004F1430202EB090012F8011F17F8013FEA
:109DD000824283EA010306F8013FF5D1BAE7042184
:109DE0000B469AE76FF08900DEE700BF002836D007
:109DF000D0E90123D0E9041C10B4846962442344EF
:109E0000C0E90123C36899422AD00268C2B1CC1AC2
:109E1000A24236D3C3B9A24236D04FF0020C037F20
:109E200080F81DC0B2FBF4FC0CFB04F444611BB1D0
:109E3000A24204BF541A4461121B8461026001E013
:109E40000323437710BC70475B1A13442246002457
:109E500044778461426110BCC16003607047704701
:109E6000037F33B1036823B90322427743618361DF
:109E7000E8E700230122C0E9053110BC4277C36046
:109E8000704799180023E2E7017F19B9022343774D
:109E90004261D1E743774261C26003608361D1E7E9
:109EA0002DE9F843089E9DF82490044610B1B24273
:109EB000154602D00020BDE8F883884620211F46C1
:109EC00002F09CFAD4E90123616927600A446260C8
:109ED000A26925611344454584F81C90C4F80C80A0
:109EE000A36026D0D7B1A6EB080297422AD3B8F1D7
:109EF000000F38D1974215D002236377B7FBF2F3F6
:109F000003FB02F26261B9F1000F03D0974204BF74
:109F10007A1B6261BF1AA261276001E003236377A5
:109F20000120C8E7B9F1000F22D1022363776761EE
:109F3000F0E7B9F1000F0FD077B9032363776761BA
:109F4000A761EDE707EB080600210023637767614F
:109F5000E6602160A361E3E700230122C4E905363E
:109F60006277E360DCE7A8EB060139441746ECE7CB
:109F700084F81D806761E760C4F80080C4F8188029
:109F8000CEE700BFF8B50E4B1D68AB789B070646C1
:109F900012D56F6816F8014B29462CB90A20B8472C
:109FA000002805DB204609E02046B8470028F1DA02
:109FB000AB7843F00403AB704FF0FF30F8BD00BF47
:109FC000D06405000CB430B58BB004460D46202299
:109FD000002102A80AF045FF02238DF80A30002D67
:109FE0000C4B0393069412DB01D06B1E1C440FAA8A
:109FF0000E99079402A8019200F06EFB15B1069B22
:10A0000000221A700BB0BDE8304002B07047002447
:10A01000EDE700BF835505000EB470B58BB00FACF3
:10A02000054654F8046B2022002102A80AF019FF0B
:10A0300001238DF80A302246064B0493314602A8CC
:10A040000695019400F0F2FF0BB0BDE8704003B03C
:10A05000704700BF6F5505002DE9F84F81468846CF
:10A06000002319F80300202803F1010200F08F817A
:10A07000A0F10901042940F28A812B28144631D02D
:10A080002D2834D0042540F02003692B31D06E2BCD
:10A090005FD000224FF00A0A964617461346114633
:10A0A00015F4006C6AD040F02006A6F1610BBBF1FC
:10A0B000050F63D8573EF6B2564564D340F02000F2
:10A0C000782805F0800640F0A480002E52D053EA94
:10A0D000010640F0A08045F4006C1FFA8CFC4FF0A4
:10A0E000100A84E0042519F802009C1CCBE74425E3
:10A0F000F9E7A84BA84F002613F8011B51B119F836
:10A10000042042F020028A4204F1010025D0A34A33
:10A1100093422FD1304639460BF073F950B119F8FC
:10A120000430282B06D1013419F80430292B04F10E
:10A13000010414D16B0602D507F100431F46B8F1A4
:10A14000000F02D04C44C8F8004030463946BDE804
:10A15000F88F934B934F0026CEE70446CCE723F0CD
:10A160002002413A192ADFD9A3F13002092ADBD9AA
:10A170005F2BD9D0002600270024E0E7A0F13006AD
:10A18000F6B256453AD245F0800C15F480701FFAAD
:10A190008CFC24D1BAF10A0F14BF4FF00F0B4FF013
:10A1A000100BDE450EDCA80526D4AAFB0335F318F8
:10A1B0000AFB015545F1000153EA010017D00EF1E9
:10A1C000010E14E045F4C07CBAF10A0F1FFA8CFCB2
:10A1D00005D1042E03D9052E08BF06460227002EFE
:10A1E00018BF47F001071CF4007F00D1013219F8B5
:10A1F00004006546013453E7013AD6E7FE2E7FF4AA
:10A200005DAFAE053FF55AAF45F4007C1FFA8CFCFC
:10A21000EDE7002EAED0BCF1000F70D0920070269A
:10A22000864219D119F804002B2804F1010604D044
:10A230002D2866D145F48065ADB219F806C0A61C7C
:10A2400004466046A0F1300CBCF1090F5CD9013422
:10A250000CBF06F1FF34B41E53EA010004F1FF34D1
:10A2600000F09280280575D53632B1F5800F64D3A1
:10A270004D48B1F5000F64D2824262DB3B4303F0EC
:10A280000306032E084603D003F00606062E09D166
:10A29000043341F10000B0F5000F22BF0132012369
:10A2A0004FF48000B2F5806F6BDAB0F5800F4FEAA3
:10A2B000900126BF21F4801102F2FF3200229B0898
:10A2C00043EA807341EA0257184639461E4601F0B8
:10A2D0002DFF0138022804D8F1F748FB334B222226
:10A2E0001A503046394601F021FF013802283FF666
:10A2F00021AFF1F73BFB2D4B22221A501AE76526BE
:10A300008EE74FF0FF349DE7002440F2D34A4FF030
:10A310000A0B5445DCBF30380BFB040419F8060067
:10A32000A0F1300CBCF1090F06F10106F1D9680566
:10A3300048BF6442224434468EE7DB184941013A63
:10A3400093E75E0846EAC17603F001033343490808
:10A3500001328EE796441EF5A27F0FDDBEF59B7F8E
:10A360000FDA03F00100384301308008181841F17A
:10A37000000101F081FA06460F46B2E700260027E9
:10A38000AFE7054F0026ACE700260027D2E61346CC
:10A3900067E600BF20B505000000F07F23B505008B
:10A3A0001DB505000000F87F02FCFFFF0C00000057
:10A3B000242A2DE9F041054601D8012A0AD1F1F7F6
:10A3C000D5FA344B16221A5001B10D600020BDE8B9
:10A3D000F0813046064616F8014B202CF9D0A4F146
:10A3E0000907042F2346F4D92B2C32D02D2C33D13E
:10A3F0004FF0010C3378861C302B34D1307840F08C
:10A40000200078282BD132F0100028D173783546FF
:10A41000102202360CF10047013F0020B7FBF2FE8C
:10A4200002FB1E78392B82BF03F1FF3343F0200378
:10A43000263B303B9A421DD9704502D817D198452A
:10A4400015D24CF0020C3446354614F8013B264632
:10A45000E8E74FF0000CCDE74FF0000CCCE7002A06
:10A4600008BF0822D6E7002A08BF0A22D2E700FB6D
:10A470000230E8E701B10D601CF0010F18BF404247
:10A480001CF0020FA3D0F1F771FA024B22221A50EE
:10A4900038469CE70C000000242A2DE9F84F80463E
:10A4A000894601D8012A59D1F1F760FA414B1622A9
:10A4B0001A50B9F1000F01D0C9F800800020014600
:10A4C000BDE8F88F31460E4616F8013B202BF9D037
:10A4D000A3F1090004281C46F4D92B2B40D02D2BC6
:10A4E00040D1012734788E1C302C42D1337843F090
:10A4F0002003782B38D132F0100335D17478B04670
:10A500001025023617F1FF3B6FF0004343F1000ABC
:10A510002A46002358465146E6F728FE0346002007
:10A520008C460146392C82BF04F1FF3444F02004EC
:10A53000263C303CA54229D983427CEB010E05D351
:10A54000614508BF984219D1A24217D247F00207CD
:10A55000B646B0461EF8014B7646E3E70146B2E741
:10A560000027BFE70027BFE7002A14BF15460825CC
:10A57000C8E7002A14BF15460A25C3E7A5FB000E4D
:10A5800005FB01E1201841F10001E1E7B9F1000FFD
:10A5900001D0C9F80080FA0702D5404261EB4101C1
:10A5A000BB078DD5F1F7E2F9024B22221A50514632
:10A5B000584685E70C0000002DE9F0410126B24223
:10A5C00001DCBDE8F08107463B461F4613F8014B0E
:10A5D000002CF6D0252CF8D11D78252D07F1020787
:10A5E000F2D00023DFF8EC809C461C461F2C27D8B5
:10A5F000A5F1200EBEF1100F06D828FA0EFE1EF0AF
:10A60000010F53D12E2D3CD02E2D27D8242D33D001
:10A610002A2D36D0BCF1000FD3D0B445D4D145F0AB
:10A620002007A7F1650CBCF1020F0B6801D9612F5F
:10A6300042D1073323F0070308330B600136BEE72E
:10A640007F2CDFD96C2D23D01DD8682D27D06A2D03
:10A6500001D04C2DDED144F4207408E0A5F1300E79
:10A66000BEF1090FEED80A2404FB03E3202417F8F7
:10A67000015B002DBAD1CDE7BCF1000F18D0B34279
:10A6800018D00023F3E7742DF1D07A2DEFD0C1E775
:10A69000250648BF44F4007444F08004E7E7E5056C
:10A6A00048BF44F4007444F48074E0E70024DEE71B
:10A6B0009C46E6E76325B2E7692D02D007D8632DF3
:10A6C00003D0250601D5A405B3D40433B5E7732D13
:10A6D000F6E700BF892801002DE9F04F8378D0F814
:10A6E000049093B09C07CDE90812804615D50B92D3
:10A6F0000B460025187890B1252814D00133069315
:10A700004146C847002805F1010580F2F88398F812
:10A71000023043F0040388F802304FF0FF3528463A
:10A7200013B0BDE8F08F93F801A09A1CBAF1250F81
:10A730000692E5D04FF0000B5E465F465C461F2C4C
:10A7400023D8AAF12003102B22D8DFE803F015212B
:10A75000211B2121210B2121211321182121090055
:10A7600044F00104069B13F801AB0693BAF1000F05
:10A77000E5D11BE044F0020444F00404F2E744F0A5
:10A780000804EFE744F01004ECE77F2C00F2F680B9
:10A79000BAF12E0F00F0D38000F2AC80BAF1240F92
:10A7A00000F0D380BAF12A0F00F0B480BBF1000FA3
:10A7B00006D0099B08980B935A460BA9FFF7FCFE9D
:10A7C000002E4AF02003B8BF24F040040493A3F104
:10A7D0006503BCBFA4B20026022B04D94AF02003B3
:10A7E000612B40F08C826FEA0A0A0AF0200307937B
:10A7F0000B9B073323F0070303F108020B92049A23
:10A80000612AD3E9000104F0400340F0E480002B0A
:10A8100008BF4FF0FF36079B00930CAA33460AF09F
:10A82000FDFD0130C3B2B3420393A8BF03F1FF366D
:10A830004FF0010C7023CDE9043CDDF830A044F466
:10A84000C0540AF10903122B0DD90AF16303C62B78
:10A8500040F2F3800AF2E73340F2CE7293428CBFAB
:10A860000423032305939DF83430D80700F1E780D3
:10A87000A20700F1E780C4F3800B4FEA4B1B5FFA9D
:10A880008BFB13F00C0F00F0E980BBF1000F0CBF45
:10A8900003230423BB420EDA2007A7EB03070BD4E4
:10A8A0002F4441462020C847002805F10105FFF646
:10A8B0002EAFBD42F5D10027BBF1000F07D04146B6
:10A8C0005846C847002805F10105FFF620AF9DF85E
:10A8D0003430AE4C13F0080FAD4B08BF1C46264673
:10A8E000324616F8010B002840F0AF802C1B02EB1B
:10A8F000040B7BE1AAF13003092B3FD814F0400F81
:10A900004FF00A0212BF02FB063602FB073744F083
:10A91000200427E7BBF1000F7FF424AF0B9A6006F9
:10A9200052F8043B0B9201D51E461BE7002BA7BF34
:10A9300044F020041F465F4244F0280412E76306F7
:10A940003FF5EDAE44F040040CE7BBF1000F3DD005
:10A9500014F0400A099B08980B930CBF3A46324604
:10A960000BA9FFF729FE0B9B53F8042B0B93BAF1AD
:10A97000000F01D01646F5E61746F3E6BAF16C0F64
:10A9800016D00CD8BAF1680F19D0BAF16A0F03D0FB
:10A99000BAF14C0F7FF40AAF44F42074E2E6BAF146
:10A9A000740F3FF4DFAEBAF17A0F3FF4DBAEFDE691
:10A9B000200648BF44F4007444F08004D2E6E30566
:10A9C00048BF44F4007444F48074CBE65E463446D9
:10A9D000BB463746C6E6002B049B08BF0626652B00
:10A9E0000FD1721CD2B244F480541346112A4FF096
:10A9F000650E4FF0000228BF11239446CDF810E0F9
:10AA000007E0049B662B10D144F40054B4460122A5
:10AA10001123CDE9002C0CAA01F022F8C3B2039354
:10AA20000223DDF830A005930BE716F0FF02DCD11E
:10AA30006523049394460123EBE7022312E74FF0CA
:10AA40002D0B1EE74FF02B0B1BE7079BC01A41464F
:10AA5000C0B2C8470028BFF643AF58E614F4405FC1
:10AA600040F09880039B4833002E6B4408BF0126BA
:10AA7000133B039A1AB113F8012D302A78D014F041
:10AA8000100F039B18BF33461AF1040F75DBB24554
:10AA900073DA534544F400547FDD0AF101069E1B2E
:10AAA0002AEAEA730133BBF1000F00D00133002E14
:10AAB00075D0721C13449F42CCBFFF1A002714F0BC
:10AAC000090F03D12F44BD426DD10027BBF1000F08
:10AAD00007D041465846C847002805F10105FFF652
:10AAE00016AE230511D541463020C8470028FFF691
:10AAF0000EAE079BC3F17800414600F0F800C8474E
:10AB0000002805F10205FFF602AE200704D4AB468B
:10AB10007D195D454FD10027A1046AD52AEAEA7361
:10AB2000AAEB030A7642039A524584BF0CAA524408
:10AB300003F1FF338CBF507930209E4205F1010BA9
:10AB400041DC41460493C8470028049B0AF1010AEE
:10AB5000FFF6DDAD5A1C09D141462E200493C847AB
:10AB60000028FFF6D4AD049B05F1020B5D46DAE741
:10AB7000039A013AD2B203927BE75E1E14F4006F8F
:10AB8000059A14BF0523032313448CE7A1B20500E3
:10AB90005A900500A10483D4F0E7002680E7E2067E
:10ABA00048BF013387E741462020C847002805F108
:10ABB000010588DAABE541463020C84700280BF193
:10ABC000010BA6DAA3E541460393C8470028FFF628
:10ABD0009EADE6060AD5039B013307D105F1020BB2
:10ABE00041462E20C8470028FFF691AD5D465F44E0
:10ABF00018E29DF835004146C8470028FFF687ADAA
:10AC0000002E61DD41462E20C8470028FFF67FADAB
:10AC100001240CAB039AA242CABFE218302050793B
:10AC20004146C8470028A346FFF671AD0134A6424D
:10AC30000CABEFDAAC1C5C44049B079A981A4146B3
:10AC4000C0B2C8470028FFF662ADBAF1000FB4BF2A
:10AC50002D202B204146B8BFCAF1000AC847002862
:10AC6000FFF655AD059B042B3AD14FF47A76BAFB2B
:10AC7000F6F505F130004146C0B2C847002804F19E
:10AC80000304FFF644AD06FB15AA6426BAFBF6F5ED
:10AC900005F130004146C0B2C847002804F1010464
:10ACA000FFF635AD06FB15AA0A26BAFBF6F505F147
:10ACB00030004146C0B2C847002804F10104FFF645
:10ACC00026AD06FB15AA13E0E40601D46C1CB3E71D
:10ACD00041462E20C847002805F10204ACDA16E5EB
:10ACE000059B032B04F10204CFD0059B012BDBD184
:10ACF0000AF1300004F1010B4146C0B272E7AAF13B
:10AD00006303122B00F2E580DFE813F01300540018
:10AD1000E300E300E300E3005400E300E300E300AA
:10AD2000E300E300FC00DD00E300E3002900E300B2
:10AD3000AB000B9B1A1D1B680B928DF8303001265F
:10AD40000DF1300A20072CD50AEB060B54465C4562
:10AD500029D1A5EB0A0A04EB0A0BBF1B46E70B9BA4
:10AD60001A1D0B92D3F800A0A94BBAF1000F08BF2F
:10AD70009A4614F0400F14BF31464FF0FF31504651
:10AD80000AF0C4F80646DDE741462020C8470028FF
:10AD9000FFF6BDAC013CA642F6D32F443D1B27462F
:10ADA000D2E73C46F7E714F8010B4146C8470028B4
:10ADB000CDDAACE421060B9B32D5A2052BD50733A7
:10ADC00023F00703D3E9000103F108020B9224F0FA
:10ADD000100B00291FFA8BFB32DA404261EB410174
:10ADE0004BF4806B0CAC0A2322460AF0C7F81BF028
:10ADF000400FA0EB040200F09C802BF00103964270
:10AE00009BB240F39F80BAF1000F40F09D802BF081
:10AE100011039BB21FE01A1D18680B92C117D6E7E9
:10AE20001A1DE00519680B9201D40846F6E7A20541
:10AE30004BBF48B208B241F3C01141F3C031C6E77D
:10AE400050EA0103CED16306CCD5002ECAD124F03E
:10AE50001104A3B23246344640F206410B426FD190
:10AE600026E024F01004A4B20A2314F0800C0B9AFC
:10AE70004CD014F400711DBF073222F0070202F11A
:10AE80000801101D19BF0B91D2E900010B90106849
:10AE900050EA010247D124F0160B62061FFA8BFB21
:10AEA00045D5002E43D124F01704A3B232463446D0
:10AEB00019075FD4D90704D5A74272DD3C1BA61839
:10AEC0003C46A34650E044F0100410234FF0780AAB
:10AED000CBE74AF02003782B04D1CAF1780343F082
:10AEE0001003C2E741462520C8470028FFF60FACF3
:10AEF00041465046C8470028FFF609AC0235069B7C
:10AF0000FFF7F8BB08234FF0000AAEE7111D0B91C5
:10AF100014F480711068BBD014F400711ABFC0B271
:10AF2000614680B2B4E724F006041FFA84FB0CAC3F
:10AF30005AE714465B46D9068ED5BAF1000F05D103
:10AF40000134B5E71446F6E73446F4E70234AFE7D8
:10AF500041462020CDE90332C8470028FFF6D7AB91
:10AF6000DDE903320BF1010B5F45F1DC2C1B04EB37
:10AF70000B055C46D90616D5414630200392C847DA
:10AF80000028FFF6C4AB039ABAF1000F32D00235A5
:10AF900041465046C8470028039AFFF6B8AB2E44F6
:10AFA0001DE016468DE740F206410B42F7D013F044
:10AFB000020F14BF2B20202013F4806F039205F1A1
:10AFC0000105414618BF2D20E4E741463020039299
:10AFD000C8470028039A05F10105FFF698AB731BDB
:10AFE0009A42F2DB16460DF1300A2EB902EB050B40
:10AFF0003F1BFBE50135D2E7013E41461AF806004A
:10B000000392C8470028039AEFDAFFF780BB00BF1E
:10B01000A5B2050041462020C847002805F10105DA
:10B02000FFF675AB7B1B002BF4DC68E72DE9F04FD6
:10B0300091B00023824607920E920F9305930D461E
:10B0400015F8014BACB1202C17D0A4F10903042B47
:10B0500013D9252C17D00FA9504609F0B6FF031EAF
:10B06000C0F2EF80DBB2A3420BD00FAA514609F029
:10B07000B6FF059811B0BDE8F08F0FA9504609F052
:10B08000B6FF2946DBE74F78252F01F10205E2D014
:10B090002A2F03BF8F78CD1C012400240026A7F19E
:10B0A0003003DBB2092B19D9A20722D5242F22D1D4
:10B0B000079B0E9324F00204A4B2002201239E42B7
:10B0C00014DC42B10E9A731E002E4FEA8303D8BFE0
:10B0D00000231A440E9215F8017BDFE70A2215F8C7
:10B0E000017B44F0020402FB0636D8E7013301225B
:10B0F000E5E74FF0FF366C2F33D007D8682F24D008
:10B100006A2F3CD04C2F35D027B9B2E7742F33D0FB
:10B110007A2F31D09748394609F0C6FE0028A8D0CA
:10B1200014F001030C9301BF0E9B1A1D0E92D3F86D
:10B1300000B018BF4FF0000B6E2F23D10F9A009470
:10B140000023584609F068FF9BE72F78682F03D04B
:10B1500044F020040135D7E744F030046F7802351D
:10B16000D2E72F786C2F02D044F00404F2E744F0C9
:10B170000C04F3E744F00C0415F8017BC4E744F039
:10B180000804F9E7632F1FD114F0020F08BF01264E
:10B1900004F004040FA9504609F017FF002850DB03
:10B1A000BBF1000F02D064B14BF8040B013EF1D1AA
:10B1B0000C9B002B7FF465AF059B0133DBB205933D
:10B1C0005FE70BF8010BF1E75B2F5BD12B785E2B70
:10B1D00006BF01354FF001094FF0000900270FA904
:10B1E000504609F0F2FE0023A8469C46194605F198
:10B1F000010E18F8012BF2B1F04507D05D2A11D0ED
:10B200002D2A03D12BB90A46012309E0002B08BFE0
:10B210001146884203DB9042D8BF4CF0010C00235A
:10B220001146E6E7002805DBCC4511D10FAA5146AF
:10B2300009F0D5FECFB99AF8023013F00C0F3FF4A5
:10B2400018AF059B002B14BF18464FF0FF3011E7D5
:10B25000BBF1000F05D063074CBF4BF8040B0BF894
:10B26000010B013E4FF00107B9D1BBF1000F07D030
:10B2700014F004041ABF0023CBF800308BF8004010
:10B28000454695E70FA9504609F0B1FE0028D8DBE6
:10B29000582F6AD0643FFBB2142B00F2B180142FF8
:10B2A00000F2AE80DFE807F063ACACACAC0BACAC4A
:10B2B000ACACAC5F61ACAC42AC63ACAC6100002741
:10B2C0000FA9504609F081FE2B2803D02D2809D163
:10B2D00044F04004013EAED00FA9504609F075FE7F
:10B2E0000028A8DB302873D1B6F1010905D00FA9D9
:10B2F000504609F06AFE00283EDA0026B046620693
:10B3000002D5764268EB48080094324643465846D8
:10B3100009F082FE4CE7BBF1000F05D067074CBF78
:10B320004BF8040B0BF8010B013E0FD00FA9504650
:10B3300009F04BFE002809DB202803D0A0F1090307
:10B34000042BE8D80FAA514609F049FEBBF1000FC3
:10B350003FF42EAF14F004041ABF0023CBF80030E2
:10B360008BF8004024E70827AAE71027A8E70A2758
:10B37000A6E700BFACB2050040F02003782B44F0F4
:10B3800080040DD137F010030DD1B6F10209B4D00D
:10B390000FA9504609F019FE0028AEDB102702E085
:10B3A000002F08BF08270026B0463928034682BF71
:10B3B00000F1FF3343F02003263B303B9F420CD883
:10B3C00051460FAA09F00BFE21067FF534AF96E730
:10B3D000B146002FE7D10A27E5E7A7FB06629E19D1
:10B3E00007FB082242F10008B9F1010944F080048A
:10B3F00085D00FA9504609F0E8FD0028D5DA7EE790
:10B400000FA9504609F0E1FD2B28029003D02D280A
:10B410000CD144F04004013E3FF40DAF0FA950465B
:10B4200009F0D3FD031E0293FFF605AF029B43F024
:10B430002003692B3FD06E2B6DD04FF000080A23FC
:10B440000393CDF81880CDF810804746C1462305F8
:10B4500040F19080029B43F02003DBB2A3F1610234
:10B46000052A00F28780039A573BDBB2934280F0B3
:10B47000E580E10544F0800200F1A28003990A29E9
:10B4800004F00C0140F0848000290CBF0821102139
:10B490000698884240F38180039A0A2A44F4C074D3
:10B4A00040F08F80042B40F28C80052B00D10023CC
:10B4B0000222049285E0794FDFF8E4914FF0000812
:10B4C00017F8012BAAB1013E02920ED00FA95046E7
:10B4D00009F07BFD031E08DB029A43F02003934230
:10B4E000EED00FAA514609F07AFD6E4B9F427FF4D1
:10B4F000A2AE4046494609F084FF38B3013E25D04C
:10B500000FA9504609F061FD282816D00FAA514610
:10B5100009F065FD1AE0644FDFF890914FF00008E4
:10B52000CEE720F02003413B192B06D9A0F13003D0
:10B53000092B02D95F287FF47EAE013E3FF47BAE3B
:10B540000FA9504609F041FD2928EAD1630606D526
:10B5500009F10043CDF828800B93DDE90A89BBF19E
:10B56000000F3FF425AE14F00C0F00F07181CBE911
:10B5700000891DE6029B039A303BDBB29342FFF445
:10B5800078AFFE2B5AD1A30558D444F4007422E0BE
:10B5900000290CBF07210F217AE7A1054BD403999D
:10B5A0000398A1FB0771DF1900FB091141F10009A4
:10B5B00057EA090302D0069B0133069314460AE0BA
:10B5C0001446049A002B18BF42F001020492A2050F
:10B5D00001D408F10108013E07D00FA9504609F037
:10B5E000F4FC031E0293BFF632AF21067FF523AEB3
:10B5F0002205029A4CBF7023652342F0200248BF07
:10B600004FEA88089A4272D1731E039371D00FA932
:10B61000504609F0DAFC2B28034603D02D283AD1F6
:10B6200044F48064B21E039219D10FAA5146184601
:10B6300009F0D5FC5DE008F1FF38B0E7029A42F06E
:10B640002002782A04F08003CFD1002BCDD057EA16
:10B650000903CAD1102344F400640393BBE70FA984
:10B6600050460D9309F0B1FC0D9B1E460346A3F115
:10B670003002092A1CD918460FAA514609F0AFFC1E
:10B68000731C04D00FAA5146304609F0A8FC02985A
:10B690000FAA5146CCE74FF0FF36E8E72BB505007F
:10B6A0000000F07F2EB5050028B505000000F87FEA
:10B6B00000260A2240F2D3418E42DCBFA3F13001C2
:10B6C00002FB0616039A013A03920AD00FA95046CC
:10B6D00009F07BFCA0F13001092903464FF00A0272
:10B6E000E8D9600548BF7642B044039E0293002E1D
:10B6F000CDD157EA090300F0A680210504F00C0221
:10B700007ED5002A5AD05A4835235A1C192A90440B
:10B7100007BF4FF00071002200214FF480028F42DA
:10B7200079EB02064ED3182B07BF4FF08062002141
:10B7300000224FF40001974279EB010648D2804580
:10B7400046DB049A3A43174607F0030103294A46A9
:10B7500003D007F0060106290AD1043749F1000297
:10B76000B2F5000F22BF08F1010801274FF4800253
:10B77000BF0847EA8277C3F13501C3F11506920885
:10B780008A40153B07FA06F627FA03F332431A43B9
:10B79000374B984207FA01F129D1B8F5806F61DA89
:10B7A000B2F5801F29D308F2FF3822F4801242EA52
:10B7B000085308910993DDE90889C7E66FF07D0019
:10B7C0001823A2E7FF1949EB090908F1FF38A6E79A
:10B7D0007E0846EAC97607F0010737434FEA590960
:10B7E00008F10108A7E74918524108F1FF38B2F5FE
:10B7F000801F34D218F57F7FF5DA4FF00008D6E7C6
:10B80000049B07F0010018430130069B800838189C
:10B8100049F1000143445AB113F5A27F13DDB3F59A
:10B820009B7F1FDA424600F027F8804689468DE666
:10B8300013F12D0F07DB272B14DC414609F033FCF5
:10B84000E4F7E0FDF1E74FF000084FF000097DE676
:10B8500040464946E5F7F0F8CBF80000A8E4B8F513
:10B86000806FA0DBDFF80C904FF000086EE600BFA1
:10B8700002FCFFFF0000F07F2DE9FF4780461646DF
:10B880000F46002900F0A280B1FA81F4341B002E8B
:10B8900004F10A04C0F2A280304600F029FB0444FF
:10B8A000304600F02BFBA4EB0609054669463046FE
:10B8B00000F04CFBA9EB05037D336A464046394650
:10B8C00009F0C0FBA64282460D4600F38380B9F121
:10B8D0003F0F00F381804FF0FF33A9F1200003FAFE
:10B8E00000F003FA09F2C9F12001024323FA01F141
:10B8F0000A4303FA09F328EA030327EA020213437F
:10B900000CBF01200020002D00F08A80B5FA85F3DD
:10B91000E31A03F23E4340F2FE72934200F3868044
:10B92000002B23EAE371CCBF0A460122121BA2F2CC
:10B930003344C4F12007A2F2344EA2F253432AFA50
:10B9400004F605FA07F73E4325FA03F3CEF1200C7F
:10B95000A2F254471E4305FA0CFC2AFA0EF343EAFE
:10B960000C0325FA07F73B4313F0010325FA04F40F
:10B97000CEF12008A2F2544218D04FF0FF3707FA58
:10B9800002F307FA0EFC4CEA030C27FA08F34CEA20
:10B99000030C07FA0EF72AEA070A25EA0C055AEA09
:10B9A000050A41D100283FD006F001039A1944F15D
:10B9B0000004C4F3130452EA040008BFC91844EA9F
:10B9C00001571046394604B0BDE8F087B0FA80F45C
:10B9D00020345BE7012096E7002094E7C6F10009D8
:10B9E000484600F08BFA241A484600F087FAA61B56
:10B9F0000546694648462E4400F01CFB06F17C03D0
:10BA00006A464046394609F01DFB82460D464046CF
:10BA1000394600F083FA81458CBF0020012072E78F
:10BA2000BAFA8AF3203373E70123BFE70149002004
:10BA3000C9E700BF0000F07F1FB502AB0093074AC3
:10BA40004FF0CC3309F0A7FCDDE90201C00840EA61
:10BA50004170C90805B05DF804FB00BFCDCCCCCC6B
:10BA60002DE9F04F9BB00F0D0A939DF89030059291
:10BA70000C93C1F30A52C1F31303C90F0446079193
:10BA80007AB950EA03017CD1059930234B71079BA9
:10BA90000A6043F002030B71012630461BB0BDE87B
:10BAA000F08F40F2FF718A420AD10343079B059A47
:10BAB00014BF43F0080343F0040313710026ECE7BE
:10BAC000A2F2354A43F48015234301BF27F0010752
:10BAD0007F057F0DB7FA87F704F001024FEA85086A
:10BAE0000CBF7F090127BAF1000F089248EA947849
:10BAF0004FEA8406C0F2B680504600F0EDF9BAF184
:10BB0000030FC8BF0138049000F000FA049B7C309A
:10BB1000A3EB0A0A824416A9184600F08BFA12AB6E
:10BB2000019310AB0093204653462946029716AA6C
:10BB300009F03FFB049B152B04460D4600F28E8056
:10BB400014ABA94A009330464FF0CC334146DDE9AF
:10BB5000109A09F020FC149B159A9B0843EA827303
:10BB600003EB8303B34210D14146304600F0D6F9CF
:10BB7000049B83428CBF4FF000084FF00108002760
:10BB800015E0DFF868A21D469EE7089B002B55D103
:10BB9000013E48F1FF31F01B61F1000100F0BEF9F8
:10BBA000049BDDF8208083428CBF002701270C9B7B
:10BBB000002B40F0C880DDF82890002606960996F4
:10BBC0004FF00A0BDDE91001FFF736FFDDE912A3A4
:10BBD000CDE90D01194650460F93FFF72DFF0A4698
:10BBE0000D990B9003468B420E9B72EB03010F9B4A
:10BBF00080F0C480204629460F92FFF71DFF0B9B63
:10BC00000F9A13920BFB03F50D9B10930E9B119350
:10BC10000B9B1293069B002E14BF4FF0000808F0F8
:10BC2000010801330BFB1046554514BF002707F0F0
:10BC30000107F6B2069304460D46C3E7B01C48F16F
:10BC4000000100F06BF9049B83428CBF00200120AF
:10BC5000B9EB00006AF10002CDE910024FF00008D4
:10BC60004746A4E7CAF1000B584600F03BF9BAF189
:10BC7000FF3F0CBF8146A0F10109ABEB090B0AEBBA
:10BC800009035846049300F041F916A9A0F17D0A72
:10BC9000584600F05BF912AB0193A9EB0A0A10AB0E
:10BCA0000093204629460297534616AA09F081FAC6
:10BCB000B9F1010F04460D460ED8089B13B94FF099
:10BCC000010874E7109B119A013B42F1FF32CDE964
:10BCD00010324FF0010852E7B9F13E0FBED84FF0D5
:10BCE000FF33A9F1200003FA09F203FA00F0C9F1C9
:10BCF000200123FA01F102430A4303FA09F328EA77
:10BD0000020826EA030656EA08060CBF4FF00108AF
:10BD10004FF0000833E700FB02F6A1FB00120133ED
:10BD200032448C4275EB0206F5D2049ADDF8289075
:10BD30001344259A1344D20F9342B8BF1346994532
:10BD4000A8BF994639E70A21002201230846E8E7FF
:10BD50000BFB01FEA0FB0B010CF1010C71448442B2
:10BD600075EB010EF4D2CC450DDDB9F1000F02D117
:10BD700054EA050107D0012309933BE70A2000217B
:10BD80004FF0010CEBE7002F32D04FF00A0B50467A
:10BD90001946FFF751FE0BFB00F252450B910E9036
:10BDA00026D1DDE91001FFF747FE8A460D902946AE
:10BDB0002046FFF741FE0D9A0E9B1293CDE9102A03
:10BDC0000B9A1392069A002E14BF4FF0000808F049
:10BDD000010801320BFB10469A46F6B20B9B069205
:10BDE00004460D46D3E700BFCDCCCCCCCCFBFFFF47
:10BDF000B8F1000F05D0052E03D104F0010604367A
:10BE0000F6B2069BDDF810809844099B53B9DDE932
:10BE100012239D4208BF944204D1089B002B47D1B6
:10BE2000002F45D0042E94BF0026012630194FF074
:10BE30000A0245F10001002301271446904271EBEC
:10BE4000030537D2EEB1B9451BDA0C9B6BB1259ACD
:10BE5000DDF8289008EB07031344012BB8BF01233A
:10BE60009945A8BF99464F450BDD05304FF00A02B2
:10BE70004FF0000341F10001E5F778F908F10108FE
:10BE8000013F4F45A8BF4F463EB20FFA88F8059BC9
:10BE900008FA87F706F10508013F98444FF00009BA
:10BEA000B1450EDB059B1A461F60079B1371F4E535
:10BEB0000126BBE704FB03F5A2FB042301372B4457
:10BEC000BCE70A220023E5F751F9303208F8012DCA
:10BED00009F10109E4E700BF014B5843800C7047AA
:10BEE00041340100014B5843000D7047FB2E0B00FD
:10BEF000014B5843C00C70474F931200024B5843FC
:10BF0000C00C0130704700BF4F931200024B5843E2
:10BF1000C00C0130704700BF4F9312000A4A70B541
:10BF200003464FF0CC3600204FF0333506FB03F4C8
:10BF300002FB0144A3FB023121449D4275EB010445
:10BF400001D30130F2E770BDCDCCCCCC2DE9F04F60
:10BF50001A23354EB0FBF3FA03FB1A0389B00446EB
:10BF60000D4606EB0A1653B9D6E90023C1E90023B2
:10BF7000D6E90201C5E9020109B0BDE8F08F2B4AFC
:10BF800002EBC303D3E9008904AB0093D6E9022393
:10BF90004046494609F0FFF906AB0093D6E9002375
:10BFA00083460F464046494609F0F5F9DDE9066249
:10BFB00016EB0B0652EB07084FF0000328BF0123D6
:10BFC000814633B1049B059A013342F10002CDE969
:10BFD000043220460391FFF799FF07461A2000FB21
:10BFE0000AF0FFF793FF3F1A324643460399009742
:10BFF000484609F0E7F94FEA141C0D4A640004F0C2
:10C000001E0352F82C40DC4004F00304241841F1D4
:10C010000001C5E90041DDE90423009730464146AF
:10C0200009F0D0F9A6E700BF38600500685F050099
:10C03000246B05002DE9F04F1A27DFF8E4A000F18A
:10C040001905B5FBF7F56F433A1A4FEA051B89B09E
:10C0500004460E460AEB05150AD1D5E90023C1E9CD
:10C060000023D5E90201C6E9020109B0BDE8F08F5D
:10C070002C4B03EBC203D3E9008904AB0093D5E951
:10C0800002234046494609F086F95AF80B206B68AE
:10C09000013ACDE9020106A963F10003009140468F
:10C0A000494609F078F9DDE906528A4602996D1889
:10C0B000039952EB01084FF0000328BF012381468A
:10C0C00033B1049B059A013342F10002CDE90432F9
:10C0D0003846FFF71BFF07462046FFF717FF3F1ABA
:10C0E0002A46434600974846514609F06BF94FEA05
:10C0F000141C0D4A640004F01E0352F82C40DC406E
:10C1000004F003040134241841F10001C6E90041A0
:10C11000DDE9042300972846414609F053F9A2E7D8
:10C1200008610500685F0500786B05000B4631F07B
:10C13000004104D100280CBF022003207047094AA7
:10C14000134208D0084B994207D9914207D1B0FA5F
:10C1500080F040097047032070470420704700209A
:10C16000704700BF0000F07FFFFFEF7F38B5044C41
:10C17000044DAC4200D138BD54F8043D9847F8E76F
:10C180000000000000000000F8B5069F04461D46B0
:10C1900061B11646AFB9DAF7B3F9002384F811613B
:10C1A00084F8103184F8127184F8133145B11022EB
:10C1B000294604F1F00008F02DFE012384F8133124
:10C1C000F8BDDAF731FBE8E751B190F8103190F89B
:10C1D00012210B4402F001029B1A23F00F0070475A
:10C1E000084670472DE9F04F044687B090F81201D9
:10C1F00094F810910090002B55D0924600F0010861
:10C20000C9F110021E4608EB0203B34204F5807721
:10C2100000F2C4800D46002A40F0B380009B002B42
:10C220006AD194F8133104F1F009C846002B40F0AC
:10C23000C18094F81131224639464846DAF70CF8A5
:10C240000F2E40F2CE80A6F1100323F00F0310331F
:10C25000019305EB030BD04694F813C1102341461C
:10C260004A463846BCF1000F20D0DAF701FB102215
:10C270004946284608F0CEFD103594F81131224683
:10C2800039464846D9F7E8FF5D4508F11008E3D183
:10C2900016F00F0621D184F81061C84610224146DD
:10C2A000584608F0B7FD07B0BDE8F08F102208F03F
:10C2B000B1FD10224946284608F0ACFD103594F82F
:10C2C0001131224639464846D9F7C6FFAB4508F139
:10C2D0001008C1D116F00F06DDD0019B9A445146DB
:10C2E0003846324608F096FD009B84F81061002B1A
:10C2F0007DD00DF10808D1E794F811312246394676
:10C3000002A8DAF73FF994F81331002B5BD1B8F1AA
:10C31000000F0CBF4FF010094FF011094E4529D303
:10C3200004F1F00801E04E4524D35146102238466E
:10C33000924408F06FFD102202A9284608F06AFD19
:10C3400094F811312246394602A8DAF71BF994F81D
:10C350001331103E1035002BE5D002A908464246A5
:10C360001023DAF785FA10223946404608F052FDCC
:10C370004E45DAD22EBB84F81061AB460DF10808A9
:10C380008CE7514607EB0900924408F043FD009BFF
:10C39000103E4E44002B3FF444AFADE707EB0900DD
:10C3A0005146324608F036FDB14484F8109107B08A
:10C3B000BDE8F08F10234A4639463846DAF758FA76
:10C3C00037E7AB468BE702A904F1F0094A46084675
:10C3D0001023DAF74DFA48461022394608F01AFDC4
:10C3E00095E7002EEDD184F81061AB4656E704F1D5
:10C3F000F00952E708F01CBD08F033BD82B001908F
:10C4000041B100239C461A4601980133994200F835
:10C4100002C0F8D102B0704710B50C4C236813B1BC
:10C420000B4B1B682BB901F08FFF30B9084B012271
:10C430001A6001232360002010BD0138062801D9AD
:10C44000044810BD044B53F8200010BD7454002064
:10C4500070540020FE8FFFFFD06B0500BFF34F8F9D
:10C460000549064BCA6802F4E0621343CB60BFF390
:10C470004F8F00BFFDE700BF00ED00E00400FA05AC
:10C4800010B4094B09490A4C4FF0FE32C3F800249E
:10C490004968C3F80424C3F80824C3F80C24002313
:10C4A000C4F8003510BC084700B00250200A002034
:10C4B00000A00250D0E90012014BC3E900127047FE
:10C4C000200A002070B58CB0144606460D4603AA1B
:10C4D000202104A800F0B6F9002835D1039B202BB9
:10C4E00032D11A484FF0FF3101F0F6FF40BB002077
:10C4F00002F022F800BB00942B46202206F1100027
:10C5000004A900F091FC0446012002F015F878B966
:10C510000E4801F0E9FF38B9B4B9202104A8FFF7AB
:10C520006DFF20460CB070BD0948FFF7A9FFF3E787
:10C530000848FFF7A5FFEBE70648FFF7A1FFDAE79A
:10C540000348FFF79DFFD2E7034CEAE7B00A00205B
:10C55000C0690500D8690500FE8FFFFFF0B50F46E2
:10C560008FB015460446002859D03E4B02689A42C7
:10C5700064D00DB1002969D026464FF4A071304631
:10C58000FFF73CFF05AA202106A800F05BF9002870
:10C590005FD1059B202B5CD133484FF0FF3101F078
:10C5A0009BFF70BB002001F0C7FF30BB002302954A
:10C5B000CDE90037202206A906F1100000F0D8FAD4
:10C5C0000546012001F0B8FF98B9274801F08CFF1B
:10C5D00058B9002D41D1202106A8FFF70FFF214BAC
:10C5E00033609CB128460FB0F0BD2048FFF748FFEC
:10C5F000EFE71F48FFF744FFE7E71D48FFF740FF5D
:10C60000D4E71A48FFF73CFFCCE70025194801F0B2
:10C610006BFF0028E6D01548FFF732FFE2E7154828
:10C620004FF0FF3101F058FF60B9134B0D4A1B6802
:10C630009342EAD005B197B10F4E9EE700252846F8
:10C640000FB0F0BD0948FFF71BFFEEE76FF4E045C0
:10C65000C8E7202106A8FFF7D1FE084DC1E76FF417
:10C66000E045D3E7A5BCC95AB00A0020C06905005F
:10C67000D86905009C0A002078540020FE8FFFFF37
:10C680002DE9F04F83B0002B00F0C7801D4600233A
:10C690000446884617462B608AB1002900F0BD8009
:10C6A000002800F085805E4B02689A4244D1B7F5BD
:10C6B000806F0AD95B4E304603B0BDE8F08F00288A
:10C6C00076D0574B02689A4236D1A146D9F8383114
:10C6D0001BB1D9F83020934235D953484FF0FF3180
:10C6E00001F0FAFE00287CD1002001F025FF00288F
:10C6F00073D1002309F1100A4FEAC70B0093424699
:10C700005946504600F098FA0646012001F014FF01
:10C7100000285ED1444801F0E7FE002855D11F2EC5
:10C720001AD076B92F6044B9404801F0DDFE20B13F
:10C730003F48FFF7A5FE00E03E4E304603B0BDE89F
:10C74000F08F3D4EEFE7002211464846FFF7BAFE54
:10C7500006460028C1D0E6E7002248461146FFF70A
:10C76000B1FE06460028DED12F484FF0FF3101F020
:10C77000B3FE00284DD1002001F0DEFE002844D198
:10C780000023424659465046009300F055FA0646AB
:10C79000012001F0D1FE002833D1234801F0A4FE8E
:10C7A0000028BED02248FFF76BFE002EBAD0C8E7A3
:10C7B0001E484FF0FF3101F08FFED8B91F4B1A68A9
:10C7C000174B9A4211D01B4EAEE71948FFF758FE9F
:10C7D000A5E71B48FFF754FE9CE71948FFF750FEFA
:10C7E00087E71348FFF74CFE7EE7B7F5806F05D962
:10C7F0000C4E99E70E48FFF743FEDFE7DFF83C9069
:10C8000064E70F48FFF73CFEC7E70D48FFF738FE27
:10C81000B6E70748FFF734FEADE76FF4E0468CE774
:10C82000A5BCC95ADE8FFFFFB00A00209C0A002079
:10C83000C0690500E88FFFFFFE8FFFFF78540020DE
:10C84000D86905002DE9F047DFF8A0A00D46804625
:10C850004FF0FF31DAF80000914601F03DFEB0BB29
:10C86000002001F069FE70BBCDB1214F002603E02E
:10C87000FFF7C0FD2D1B13D0182D4FF018013846BF
:10C880002C4628BF182400F025FB0346224608EB5F
:10C89000060039462644002BEAD0164C03E02E460B
:10C8A000C9F80060002412481821FFF7A7FD0120F5
:10C8B00001F042FEA8B9DAF8000001F015FE50B907
:10C8C0002046BDE8F0870C48FFF7DAFDCCE70B48BF
:10C8D000FFF7D6FDC4E70948FFF7D2FD2046BDE8C3
:10C8E000F0870548FFF7CCFDE5E700BFA00A002070
:10C8F000B8550020FE8FFFFFD8690500C06905000C
:10C9000010B5044650B1636813F0685F05D0064A5D
:10C91000934202D000232360626010BD034B0448A1
:10C920005B689847EFE700BF2C5F5CA9200A0020F6
:10C93000F8690500C8B143680D4A934213D013F05B
:10C94000685F0ED0012350E8002F194640E8001C14
:10C950009CF0000FF7D1012AF5D0BFF35F8F0020C4
:10C96000704704487047044870476FF4E0407047D0
:10C970002C5F5CA9E98FFFFFEA8FFFFF80B143685E
:10C98000094A93420AD013F0685F05D0BFF35F8F66
:10C9900000230360184670470448704704487047F6
:10C9A0006FF4E040704700BF2C5F5CA9E98FFFFF88
:10C9B000EA8FFFFF10B5044620B1044B63600022EC
:10C9C000226010BD0248FFF75BFDF6E73A00003A2F
:10C9D000206A050010B5D0E90023194C6360D0E946
:10C9E0000230C4E902302260164BD1F800C0C3F80F
:10C9F00000C0D1F804C0C3F804C01348D1F808C07F
:10CA0000C3F808C0D1F80CC00969C3F80CC019619B
:10CA1000436813F0685F04D00C490023C0E900317B
:10CA200090470B48436813F0685F07D007492368B5
:10CA30000022C0E90021BDE81040184710BD00BF2A
:10CA40003C0A0020280A00205C0A00202C5F5CA918
:10CA5000540A0020F0B585B00446C07FA37F94F847
:10CA60001DC094F813E0451C03EB15230CEB132CAD
:10CA7000A377237FE07E84F81DC003EB1C2300EB2B
:10CA800013202377A37E94F819C0E07603EB1023DC
:10CA90000CEB132CA376237EE07D84F819C003EB06
:10CAA0001C2300EB13202376A37D94F815C0E075BA
:10CAB00003EB10230CEB132CA375237D84F815C016
:10CAC00003EB1C2394F812C023750EEB132E637C2A
:10CAD000E5770CEB1E2C03EB1C2384F812C094F8B2
:10CAE00010C084F813E020460CEB132C637400F89C
:10CAF00010CF10234FF0000CCDE900C004AF02931B
:10CB00000E461546234662466046022101F092FE1B
:10CB100010B10437BD46F0BD2021204601F020FFB2
:10CB20000028F6D12946304601F046FF0028F0D112
:10CB30001F2D14D8C5F1270323F007036E46ADEB74
:10CB4000030DC5F1200504AC01462A46204608F035
:10CB500088F92946204601F02FFF38B9B546002153
:10CB6000084601F065FF0437BD46F0BDB546D0E785
:10CB7000F0B589B005460F9C109E002C47D02022AE
:10CB8000684608F047F966B3731E022B51D926F0A8
:10CB90000300214620446A4651F8043B176881424D
:10CBA00083EA070342F8043BF6D1B30719D026F015
:10CBB00003031DF80310E25C4A400DF803205A1CE1
:10CBC00096420ED91DF80200A15C023341409E42FC
:10CBD0000DF8021005D91DF80310E25C4A400DF86B
:10CBE000032024220021284608F03BF92022694630
:10CBF0002846FFF72FFF044610B901232B620024BB
:10CC00000821684600F01CFB204609B0F0BD0F4625
:10CC10002422214608F025F9202239462846FFF72C
:10CC200019FF04460028EFD1012320462B6209B0EA
:10CC3000F0BD0023BDE700BF2DE9F0439046026A36
:10CC4000BDB01D4601324FF00003CDE90433CDE9FC
:10CC50000633CDE90833CDE90A3370D004460E46D9
:10CC6000002D6AD0449A2946FFF7F4FE002861D1CE
:10CC7000E27FA17F637F501C01EB1021227FA1770F
:10CC800003EB112302EB13226377E37E227703EB9E
:10CC90001223A27EE37602EB1322637EA27603EBDD
:10CCA0001223227E637602EB1322E37D227603EBCE
:10CCB0001223A27DE37502EB1322637DA27503EBC1
:10CCC0001223227D637502EB1322E37C227503EBB2
:10CCD0001223A27CE37402EB1322637CA27403EBA5
:10CCE0001223227C637402EB13232374002210238B
:10CCF00004F11007E0770221CDE90173104600929C
:10CD0000234601F097FDA8B94046F10801F028FE3E
:10CD100080B95FEA162916D04FEA0929804601E05A
:10CD2000C84510D0202104A808F5807801F044FE01
:10CD30000028F5D03DB0BDE8F08304AD98E71F2092
:10CD40003DB0BDE8F083B14507D0A6EB0901C908A5
:10CD500004A801F031FE0028ECD10CA801F0D2FDAE
:10CD60000021084601F064FE0028E3D1102212A938
:10CD7000384608F04FF8E17FA37F627F0139A3EBCB
:10CD8000D1739BB2A2EBD332A377237FE17792B228
:10CD9000E17E6277A3EBD2339BB2A1EBD331237751
:10CDA000A37E627E89B2A3EBD1339BB2A2EBD332D6
:10CDB000A376237EE17692B2E17D6276A3EBD23355
:10CDC0009BB2A1EBD3312376A37D627D89B2A3EB25
:10CDD000D1339BB2A2EBD332A375237DE17592B21E
:10CDE000E17C6275A3EBD2339BB2A27C2375A1EBED
:10CDF000D33189B2637CE174A2EBD13292B2A3EB5E
:10CE0000D233A274227C9BB26374A2EBD33323741B
:10CE1000202229462046FFF71DFE00288AD1236ADA
:10CE20000133236286E700BFF0B589B005460E9E48
:10CE3000002B43D0684617461C4607F0EBFF66B34D
:10CE4000731E022B44D926F003022244A646EC4668
:10CE5000DCF800305EF8041B594096454CF8041B82
:10CE6000F6D1B30719D026F003031DF80310E25CD6
:10CE70004A400DF803205A1C96420ED91DF80200B4
:10CE8000A15C023341409E420DF8021005D91DF805
:10CE90000310E25C4A400DF803203A4669462846F2
:10CEA000FFF7D8FD044610B901232B6200240821A6
:10CEB000684600F0C5F9204609B0F0BDFFF7CAFD8D
:10CEC00004460028F7D1012320462B6209B0F0BDAB
:10CED0000023CAE72DE9F04FC24C8FB0237800AF92
:10CEE000C7E901012BB9204602F02AF8204602F0DA
:10CEF00071F9BD4BBA68A3FB02231B094FF0000B6D
:10CF00003B61C7F814B0B74802F080F882460028A9
:10CF100052D1B64C237C002B40F0AD804FF08053B3
:10CF2000E946D3F80C2C013200F07A81D3F80C2CAE
:10CF3000AD4B172AA3FB02134FEA131640F2998058
:10CF4000FE604FF000084E46C7F800A0A548062234
:10CF500007F1200102F09CF8002840F06481A44B06
:10CF6000D4E90215986807F1200C07F1380EDCF8B7
:10CF700000301F22994603E0A8420ED0531C20D057
:10CF80004B46D34013F0010315BF00210131013599
:10CF90001D46884202F1FF32EED19648C4E90215DF
:10CFA0004FF00E0AFFF76CFAB54602F067F88D48AD
:10CFB00002F014F90028A6D150463C37BD46BDE822
:10CFC000F08F0CF1040CE645D1D1894B2068C4E9FF
:10CFD0000215D3E9009A07F1200E18224FF0000B3A
:10CFE00041460346C3F5806C4FEA5C1C4FEA8C0C4B
:10CFF000944528BF94465FEA9C0826D0C7E9063EC0
:10D00000AEF10400656800EB880850F804EF4FEAC1
:10D010005E0303F05533AEEB03034FEA930E0EF0BD
:10D02000333E03F03333734403EB131303F00F3336
:10D0300003EB032303EB03431B0EC3F120038045E3
:10D040001D44E2D1D7E9063E656003EBCC03B3F59E
:10D05000806FA2EB0C024BD0E644002AC2D12360C1
:10D06000FB6801F101089845FFF470AFD7F800A004
:10D07000B54601232374BB68172B40F2A0807B6860
:10D080007A69FA6103EB8201002398468946D34608
:10D0900054480622494601F0FBFFCC46002840F0E8
:10D0A000C580534BD4E902569968FB69A9F1040E77
:10D0B0009A465EF8040F1F2203E0B1420ED0531CC3
:10D0C00021D020FA02F313F0010315BF002501352A
:10D0D00001361E468D4202F1FF32EED14548C7F8B7
:10D0E00014A0C4E902564FF00E0AFFF7C9F95CE735
:10D0F00063684B4580F08A80534540F28780C4F8CE
:10D1000004B00023A8E709F114037345C4E90256EB
:10D11000CFD1374BC7F814905246D3E900EA2368C1
:10D12000FA6118214046C3F580684FEA58184FEA63
:10D130008808884528BF88465FEA980926D0ACF160
:10D1400004056668C7F818C005EB890955F804CFCF
:10D150004FEA5C0202F05532ACEB02024FEA920C4D
:10D160000CF0333C02F03332624402EB121202F054
:10D170000F3202EB022202EB0242120EC2F1200237
:10D1800016444D456660E1D1D7F818C003EBC803DB
:10D19000B3F5806F2360A1EB080117D0C4440029C8
:10D1A000C1D1FB69D7F814900633FB613B6900F1EC
:10D1B0000108984509F11809FFF46AAFDA4601F051
:10D1C0005DFF50463C37BD46BDE8F08F6368734550
:10D1D00012D2534510D900230022C4E900230023B2
:10D1E000DCE700BFE8550020ABAAAAAAB0320020B5
:10D1F000840A0020446A0500FB6910487B614FF0F7
:10D200000D0AFFF73DF901F039FFD0E64FF48063D6
:10D210000A4823604FF00D0AFFF732F9B546C4E61D
:10D220004FF404768CE68246B546BEE6FB697B6128
:10D230000546AA4601F022FFB9E600BF446A050090
:10D24000890001F0BBB900BF3AB101EB820251F88D
:10D25000043B40F8043B9142F9D17047B0F1005FC4
:10D2600007D30844B0F1804F94BF00204FF47500FD
:10D2700070474FF475007047F0B583B01D46B0F1AC
:10D28000005F4FF000038DF8073024D38C468444B0
:10D29000BCF1804F04461ED817460DF1070301224A
:10D2A00001F0F2F80646B0B9099A9DF807303C60E3
:10D2B0003B7192B14DB1024608990DF10703284622
:10D2C00001F0E2F838B99DF80730099A3046156048
:10D2D000137103B0F0BD4FF47506304603B0F0BDD6
:10D2E000D8B108B50368012B04D0022B0FD043B18D
:10D2F0000B4808BD0B4920220830FFF77BF80020BF
:10D3000008BD094914220830FFF774F8F7E7074908
:10D3100020220830FFF76EF8F1E74FF473007047F2
:10D320000100F300EC6B05002C6C05000C6C050093
:10D330002DE9F843002900F0F9800446002800F0A8
:10D34000F980036890460F46002B00F0C380013B34
:10D35000012B00F2D78079484FF0FF314FF00209DE
:10D3600001F0BAF8002840F0BF80002001F0E4F896
:10D370000646002840F0C280714AD2F81C39002BC2
:10D38000FBD16F4DD5F8203C002BFBD14FF0FF3087
:10D3900001F002F8D5F8040A20F0400001F00AF884
:10D3A00001230722C5F81838C5F80029C5F8C43785
:10D3B000A36CC5F8CC37E36CC5F8D037C5F8C09777
:10D3C00023685BB1013B012B18D8636AC5F85C3652
:10D3D000236AC5F85836E369C5F85436584BA26934
:10D3E000C3F850266269C3F84C262269C3F8482660
:10D3F000E268C3F84426A268C3F84026504AD2F82F
:10D400001039002BFBD1B8F1000F5FD06368012BFE
:10D4100008BFC2F884364A4B3A68C3F8282C40202B
:10D42000C3F82C8C00F0CCFF0646454AD2F81039E0
:10D43000002BFBD1424AD2F8203C002BFBD12368C1
:10D440005BB1013B012B18D8D2F85C366362D2F88D
:10D4500058362362D2F85436E361394BD3F850265C
:10D46000A261D3F84C266261D3F848262261D3F832
:10D470004426E260D3F84036A360314AD2F8CC1794
:10D48000A164D2F8D017E16400230121C2F8C417C7
:10D49000C2F88436C2F8C837D2F81039002BFBD155
:10D4A000C2F81838002E3BD1254BD3F8040A40F0BF
:10D4B000400000F07FFF012001F03EF860BB1F48F4
:10D4C00001F012F810BB3046BDE8F8830423C2F81F
:10D4D000C837AAE719484FF0FF314FF0010900F0B3
:10D4E000FBFF00283FF441AF1648FEF7C9FF0020BC
:10D4F00001F022F8064600283FF43EAF1248FEF73E
:10D50000BFFF39E7114E3046BDE8F8831048FEF7FB
:10D51000B7FF3046BDE8F8830E48FEF7B1FFCEE70F
:10D52000102104F10800FEF769FFBDE70A4E3046FE
:10D53000BDE8F8834FF47306C5E700BFB00A0020CA
:10D5400000B00250C0690500D86905000100F30071
:10D55000706A0500506A05000300F30098B370B4C8
:10D56000D0E90241D0E9042326BA0DBA14BA19BA97
:10D57000D0E9062312BAC0E904418261D0E9084229
:10D58000C0E902651BBA25BAC0E9073514BAD0E96B
:10D590000B23816A12BA09BAC0E90941C262D0E913
:10D5A0000D421BBA25BAC0E90C3514BAD0E91023D4
:10D5B000C16B12BA09BA1BBAC0E90E41C0E9102307
:10D5C000002070BC70474FF473007047002847D0AC
:10D5D00090F83C30002B34D0032B10B513D02248E8
:10D5E000224C2268224B1268C3F800242268526839
:10D5F000C3F8042422689268C3F808242268D26819
:10D60000C3F80C2410BD016B006C184C00F002FD37
:10D610000028E6D12268164B1268C3F8002422685D
:10D620005268C3F8042422689268C3F80824226868
:10D63000D268C3F80C2400F0FBFC0028D1D10020F4
:10D6400010BD0B4B0269C3F800244269C3F80424DF
:10D650008269C3F80824C269C3F80C24002070470B
:10D660004FF47100704700BF0900F100940A0020D8
:10D6700000B00250374A38B50446D2F81039002BB2
:10D68000FBD1344AD2F87034002BFBD1314AD2F8A6
:10D69000203D002BFBD12F4AD2F8203C002BFBD1A0
:10D6A0002C4AD2F8383D002BFBD12A4DD5F8383C16
:10D6B000002BFBD14FF0FF3000F06EFE636BD5F80E
:10D6C000040A23F00403032BE36D39D0012B0CBFB4
:10D6D00020F0800020F0200000F06CFE1D4A0123A5
:10D6E000C2F80039D2F81039002BFBD1194AD2F810
:10D6F0007034002BFBD11749C2F8BC34D1F8103973
:10D70000002BFBD1134AD2F87034002BFBD1626B93
:10D7100022F00401032918BFA36B0E494FEA8202CD
:10D7200018BF03F0010302F01C021A43C1F8C02421
:10D73000636B072B04BF0123C1F87C34002038BD84
:10D74000012B0CBF20F0400020F0100000F032FE52
:10D75000C4E700BF00B00250094A0A4B11680968CB
:10D76000C3F8001411684968C3F804141168896883
:10D77000C3F808141268D268C3F80C24704700BFBD
:10D78000940A002000B002502DE9F04F85B0002926
:10D7900000F0EC809046002A00F0E8800546002862
:10D7A00000F029819946C36D0E46002B52D1B9F580
:10D7B000805F54D295F83C30042B00F0FF800027A6
:10D7C000AD484FF0FF3100F087FE002840F0D580D3
:10D7D000002000F0B1FE002840F0D880A7480123C7
:10D7E000C0F81038D0F81049002CFBD16B6B032B1C
:10D7F0003ADC002B3BDAA24CA04AD2F81039002BBD
:10D80000FBD1002F40F0D1806B6BEA6D23F0040355
:10D81000032B9A4BD3F8040A00F09F80012A0CBF17
:10D8200040F0800040F0200000F0C4FD934B002247
:10D83000C3F81028012000F07FFE002840F0B180DE
:10D840008D4800F051FE002840F0A480204605B02D
:10D85000BDE8F08F012BADD1B9F5803FAAD3894C3B
:10D86000204605B0BDE8F08F063B012BC3D8AB6B5B
:10D87000012B00F2BE80EB6D012B7CD82B6E012BAF
:10D8800000F2E8802846FFF7F5FE04460028B3D1F1
:10D890002846FFF79BFE04460028ADD16B6B072B93
:10D8A000A9D801229A4012F08A0F40F0D58012F0D8
:10D8B000440F40F0BA80D2079DD523F00403032B18
:10D8C00032680DD02B6ED8F80010012B6B4B0BBFBC
:10D8D000C3F8281DC3F8301DC3F82C9DC3F8349D30
:10D8E000EB6D012B654B0BBFC3F8282CC3F8302C14
:10D8F000C3F82C9CC3F8349C6B6B23F00403032BFC
:10D9000000F0A2802B6E012B14BF2020802000F09D
:10D9100057FD044600287FF46FAF584BD3F81049E9
:10D92000002CFBD1696B072914D801228A4012F020
:10D930008A0F40F0BB8012F0440F0BD0D3F8602464
:10D940002A60D3F864246A60D3F86824AA60D3F804
:10D950006C34EB600123AB654EE7012A0CBF40F04D
:10D96000400040F0100000F025FD5FE7464C2046E7
:10D9700005B0BDE8F08F454C3EE74548FEF780FD19
:10D98000002000F0D9FD00283FF428AF4148FEF701
:10D9900077FD23E74048FEF773FD204605B0BDE85C
:10D9A000F08F3E48FEF76CFD4AE7042385F83C30D3
:10D9B000202105F11000FEF721FD25E7296B286CD9
:10D9C00000F01AFB98B9364F2C4C3B681B68C4F822
:10D9D00000343B685B68C4F804343B689B68C4F857
:10D9E00008343B68DB68C4F80C34296B31B101277B
:10D9F000E6E62C4C00E74FF4710427E72B6D01930A
:10DA0000EB6C009305F1100A4FF0100BCDF808A055
:10DA1000CDF80CB0D5E91123286C00F013FB0028D9
:10DA200051D1002385F83C30E1E7144B2A68C3F854
:10DA300060246A68C3F86424AA68C3F86824EA68A2
:10DA4000C3F86C246B6B38E7EB6D012B14BF10200F
:10DA500040205CE7144CCFE6084B2A68C3F840240A
:10DA60006A68C3F84424AA68C3F84824EA68C3F87B
:10DA70004C246B6B21E700BFB00A002000B00250BD
:10DA80000100F1000500F1000B00F1000300F100BE
:10DA9000C0690500D8690500706A0500506A050074
:10DAA000940A00200200F1000400F100D3F84024A1
:10DAB0002A60D3F844246A60D3F84824AA60D3F8D3
:10DAC0004C34EB6046E73B681B68C4F800343B68A5
:10DAD0005B68C4F804343B689B68C4F808343B684E
:10DAE000DB68C4F80C3459465046FEF787FC98E7CB
:10DAF0002DE9F04109B302B30446002800F0AF80DD
:10DB00001D46436B072B0E461BD05DB9032B10D16E
:10DB1000836D73B900F1640345668566C566056764
:10DB20000B6010252B4631462046BDE8F041FFF73B
:10DB30002BBE2F463846BDE8F081764F3846BDE80B
:10DB4000F081C36D002B40F08D80B5F5805F80F0D3
:10DB500090801DB9A36D002B40F08B806E484FF074
:10DB6000FF3100F0B9FC002840F08F80002000F069
:10DB7000E3FC002840F08580684A0123C2F8103891
:10DB8000D2F81039002BFBD1636B032B4FDD063B22
:10DB9000012B4ED8A36B012B6DD8E36D012B78D8E8
:10DBA000236E012B77D82046FFF764FD0746002837
:10DBB00040D12046FFF70AFD074600283AD1626BA4
:10DBC000072A36D80123934013F08A0F40F0818052
:10DBD00013F0440F6FD1DB072BD5504B0122C3F854
:10DBE0007C24C3F8BC543168002D56D1A16D09B90D
:10DBF000C3F82425494BD3F81079002FFBD1616B72
:10DC0000072917D801228A4012F08A0F6FD112F02B
:10DC1000440F0FD0D3F860242260D3F864246260EC
:10DC2000D3F86824A260D3F86C34E36002E0002BE0
:10DC3000B0DA3B4F394AD2F81039002BFBD1C2F889
:10DC40001038012000F078FCB8B9334800F04CFCE3
:10DC500000283FF46FAF3348FEF712FC6AE74FF439
:10DC6000710767E7012B7FF474AFB5F5803FFFF4D0
:10DC700070AF2D4F5EE72D4FDCE72D48FEF700FC1F
:10DC8000E3E72C48FEF7FCFB76E72B48FEF7F8FBB2
:10DC90006CE72A4FCEE72A4FCCE7E26D012A33D05A
:10DCA000C3F8301C1020C3F8345C00F089FB074631
:10DCB00000289FD0BEE7194B2268C3F86024626831
:10DCC000C3F86424A268C3F86824E268C3F86C242B
:10DCD00083E7124B2268C3F840246268C3F84424E7
:10DCE000A268C3F84824E268C3F84C2475E7D3F867
:10DCF00040242260D3F844246260D3F84824A26010
:10DD0000D3F84C34E36095E7C3F8281C4020C3F8EF
:10DD10002C5CCAE70B00F100B00A002000B00250F2
:10DD20000100F100706A05000500F1000200F10039
:10DD3000506A0500D8690500C06905000300F100BC
:10DD40000400F1002DE9F04F85B0002900F0FB80C0
:10DD50009046002A00F0F7800446002800F01D815C
:10DD60001F46836B0E46002B00F0E480012B03D18D
:10DD7000B7F5803F80F0E28004F1900595E80F0050
:10DD80008DE80F0004F1140A04F1880999E80C00E9
:10DD900094F88510504600F01FFA002840F0F980F2
:10DDA0008A484FF0FF3100F097FB002840F0ED80EB
:10DDB000002000F0C1FB002840F0E380844B0122EA
:10DDC000C3F85828D3F810090028FBD1A36B012B06
:10DDD0007DD8E36B012B7AD8DFF8F4B1DBF810398A
:10DDE000002BFBD14FF0FF3000F0D6FAE36BDBF8ED
:10DDF000040A012B0CBF20F0800020F0200000F06E
:10DE0000D9FA734A1023C2F80039D2F81039002B1E
:10DE1000FBD1236C002B00F09B80012B57D1236892
:10DE2000C2F8BC336368C2F8A833A368C2F8AC3345
:10DE3000DFF89CB1E368CBF8B83395E80F008DE8C4
:10DE40000F00504699E80C0094F8851000F0CAF9CC
:10DE5000002840F0B680236C012B40F2024318BF2B
:10DE60000223CBF88033E16B3368D8F80020012916
:10DE700000F09680CBF8302DCBF8347DA26B012AD0
:10DE8000534A0BBFC2F8283CC2F8303CC2F82C7C85
:10DE9000C2F8347CE36B012B14BF2020802000F0FB
:10DEA0008FFAA0B94A4AD2F81039002BFBD1236C63
:10DEB000002B7AD1D2F8BC332361D2F8A833236087
:10DEC000D2F8AC336360424BD3F8B833E36095E8E3
:10DED0000F008DE80F00504699E80C0094F885106B
:10DEE00000F0ACF90546002847D100F055F9384A52
:10DEF000D2F81039002BFBD13549C2F85838D1F887
:10DF00001039002BFBD1E36BD1F8040A012B0CBFB5
:10DF100040F0800040F0200000F04CFA012000F0BA
:10DF20000BFB30BB294800F0DFFAD8B9284605B012
:10DF3000BDE8F08FB7F5805FFFF41EAF254D284692
:10DF400005B0BDE8F08F244D284605B0BDE8F08F40
:10DF50002369C2F8BC332368C2F8A8336368C2F8E7
:10DF6000AC3365E71D48FEF78BFA284605B0BDE8DF
:10DF7000F08F1B48FEF784FAD4E71A48FEF780FAC0
:10DF8000B3E71948FEF77CFA18E71848FEF778FA65
:10DF90000EE71748FEF774FA02E74FF47605C5E777
:10DFA000CBF8282DCBF82C7D68E7012B8FD1D2F848
:10DFB000BC332360D2F8A8336360D2F8AC33A360DB
:10DFC00081E70C48FEF75CFA81E700BFB00A002049
:10DFD00000B002500400F6000600F600706A05006A
:10DFE000506A0500C06A0500D8690500C0690500CF
:10DFF000886A0500A46A050029B9044B002814BFEB
:10E000001846002070470248704700BF0100F70023
:10E010000300F70029B9044B002814BF184600205C
:10E0200070470248704700BF0100F7000300F70087
:10E03000034B00200122C3F8380AC3F87824704744
:10E0400000B002502DE9F04FB1B000243D9E059084
:10E05000894615462146802210A81F460F9406F0D7
:10E0600000FF8423B6F57F6FCDE90744CDE909446D
:10E0700006936AD8FFF770FB0DF13C0A06AB284601
:10E0800001930296DDE93A233946CDF800A000F06D
:10E09000E5F8054600285DD13A484FF0FF3100F021
:10E0A0001BFA00286AD1002000F046FA002861D14E
:10E0B0004FF0000801240BAF04951DE000F052FC66
:10E0C0000699504600F054FC834607A8BBF1000FA8
:10E0D0002DD1594600F0ACFC834640BB00F05EFDFC
:10E0E0003C9B07A903EB08002A46FEF783F901349D
:10E0F000761BA844E4B21AD0102E4FF01001384617
:10E1000035468DF83C4028BF1025FEF777F91023DF
:10E11000CDE90173CDF8009005AB03220721002063
:10E1200000F088FB83461020BBF1000FC6D0049D91
:10E13000FFF712FB012000F0FFF9B8B9114800F019
:10E14000D3F960B9BBF1000F00D00F4D284631B0B4
:10E15000BDE8F08F0D4D284631B0BDE8F08F0C487A
:10E16000FEF78EF9BBF1000FF0D0EEE70948FEF79D
:10E1700087F9E3E70748FEF783F999E70448FEF7D4
:10E180007FF990E7B00A00200F00F1000E00F100C7
:10E19000C0690500D86905000D4A0E4B1268116868
:10E1A000C3F888135168C3F88C139168C3F89013AF
:10E1B000D168C3F894131169C3F898135169C3F86F
:10E1C0009C139169C3F8A013D269C3F8A4237047C4
:10E1D000900A002000B0025082B08DE80C000020B0
:10E1E00002B0704782B08DE80C00F8B111B111484F
:10E1F00002B07047104B0268C3F888234268C3F826
:10E200008C238268C3F89023C268C3F89423026900
:10E21000C3F898234269C3F89C238269C3F8A023FA
:10E22000C269C3F8A423084602B070474FF47600D1
:10E2300002B070470700F60000B0025082B08DE8CF
:10E240000C0028B10029044802B008BF0020704724
:10E250004FF4760002B070470700F6002DE9F04158
:10E2600082B01E460A9D0023B5F57F6F01933ED80C
:10E27000ED00B5F5807F174601F1FF3234BF03236F
:10E2800004233F2A0C46009331D880B366BB089A1A
:10E290006AB3099A116851B3A2191344994226D35B
:10E2A000089B01462246581CFEF7A4F8089B04F17F
:10E2B00002081C440023637026BB089B0095FF2DB9
:10E2C00003EB080017D92B029BB243EA1523022265
:10E2D00001A90193FEF78EF808F10203099A0020C4
:10E2E000136002B0BDE8F0810FB1402ECFD90A48CB
:10E2F00002B0BDE8F08101226946FEF77BF808F123
:10E300000103EBE7089B324603EB08003946FEF7B2
:10E3100071F8B044D1E700BF0600008008B500F0F6
:10E3200037F830B900F052F828B9064AC2F80C0A9A
:10E3300008BD032008BD00F02DF800F081F804208E
:10E3400008BD00BF00B0025030B583B0FFF7E6FF54
:10E35000044610B90B4D2B6813B1204603B030BDF5
:10E3600002460146FEF7FAF850B9074901AB6822A8
:10E37000FEF786F920B9054B2B60204603B030BD6F
:10E380000524EAE7F8550020FC5500205AEA5A5ABD
:10E390000020704700207047430504D5044B4FF020
:10E3A000FF32C3F80821024BC3F8080A704700BFC8
:10E3B00000B00250014BC3F8040A704700B002508D
:10E3C00008B100F069B84FF47500704710B51548F2
:10E3D00000F06EF800B110BD134800F069F8002895
:10E3E000F9D1124C204600F063F80028F3D1104B0D
:10E3F00010481C6000F05CF80028ECD10E4800F0DA
:10E4000057F80028E7D10D4800F052F801460028DF
:10E41000E1D100F03DF8044608B900F06FF820465D
:10E4200010BD00BFB00A0020AC0A0020A80A0020DE
:10E43000A00A0020A40A00209C0A0020980A0020BC
:10E4400008B50B4800F03EF80A4800F03BF80A48CF
:10E4500000F038F8094800F035F8094800F032F8C3
:10E46000084800F02FF8BDE8084000F013B800BFDE
:10E47000B00A0020AC0A0020A80A0020A40A00204C
:10E480009C0A0020980A002000201870704700BFE6
:10E4900000207047704700BF044AD2F8003A184283
:10E4A000FBD0C2F8080A0020704700BF00B002503D
:10E4B00008B5034B02681B6810689847002008BD28
:10E4C0003C0A002008B5034B02685B681068984757
:10E4D000002008BD3C0A0020024B02689B681068BF
:10E4E000184700BF3C0A002008B5034B0268DB68F0
:10E4F00010689847002008BD3C0A002070B5094C00
:10E50000094D2069AB68984718B1084B08485B680B
:10E510009847084AEB68206900211160BDE8704007
:10E52000184700BF280A00203C0A0020200A0020CB
:10E53000DC6A050064560020F8B51A4D1A4E0446F0
:10E54000B26828699047E8B9184F3B684CB1A3B14D
:10E55000012B19D0013B3B602869F36898470020E4
:10E56000F8BD43B9124A0121C2F800151149D1F88A
:10E570001029002AFBD101333B60F36828699847D2
:10E580000020F8BD0C48F8BD0A4AD2F81039002B1B
:10E59000FBD1074A6FF07E40C2F80035FFF70AFF53
:10E5A0003B68D7E7280A00203C0A00206456002078
:10E5B00000A0025000B00250E98FFFFF2DE9F041AA
:10E5C0000E4682B0002879D000296FD03E4C054617
:10E5D000012755E0D4E901E1D4F80CC020684FEAE6
:10E5E000CE524B0980EAC05842EA502243EACC633B
:10E5F0008EEA02004B404FEA984E4EEA803E83EA94
:10E6000008038CEA5C1283EA0E03424011EB030E0E
:10E6100082EA90424CEB0200082EC4E90232B04676
:10E6200028BF4FF0080815F00303C4E9001CCDE92A
:10E6300000E032D1072E3DD8032E2CD9B8F10402C8
:10E64000C5F800E018D0042303F108016944012A49
:10E6500011F8081CE9540FD003F109006844591C53
:10E6600010F8080C6854032A06D103F10A026A4420
:10E67000023312F8082CEA54B6EB0806454415D0CC
:10E68000237E002BA6D118212046FEF723FC00286C
:10E69000F9D127769EE74246D6E7284642466946A4
:10E6A00006F0B8FBB6EB08064544E9D1002002B0FD
:10E6B000BDE8F081C5F800E06860DDE70029F5D02D
:10E6C000142002B0BDE8F081C832002031B1013819
:10E6D000002300F8013F01339942FAD1704700BF8F
:10E6E00070B5504C504D0120C4F8100800F014FCD7
:10E6F0000023C4F84034C4F84434C4F84834C4F89F
:10E700004C34C4F86034C4F86434C4F86834C4F8D1
:10E710006C34C4F8BC34D4F8C03423F00103C4F81A
:10E72000C0346B68D4F8C02403F001031343C4F869
:10E73000C0342A68072A05D1D4F8C03423F0010375
:10E74000C4F8C034374CD4F8C01421F01C01C4F80C
:10E75000C014D4F8C014930003F01C030B43C4F896
:10E76000C034D4F8C03495F89C1023F00203C4F8E8
:10E77000C0340029A96B2D4B08BF002300293DD1CF
:10E78000D4F8C00420F44050C4F8C00495F8340014
:10E79000D4F8C064C4F8C064A0B91A68C4F80024EE
:10E7A0005A68C4F804249A68C4F80824DB68C4F8DA
:10E7B0000C342A68072A03D11A4B0122C3F87C249F
:10E7C000002070BD0328F5D11868194EFFF722FC10
:10E7D000B0B933681B68C4F8003433685B68C4F8A8
:10E7E000043433689B68C4F808343368DB68C4F8C1
:10E7F0000C34FFF71DFC18B92A68DBE7062070BD52
:10E800003268084B1268C3F8002432685268C3F8B3
:10E81000042432689268C3F808243268D268C3F8C6
:10E820000C2470BD00B0025068560020085700202C
:10E83000940A00202DE9F84F2F4E304DDDF828A026
:10E84000002483460F4691462146C0223046984612
:10E8500006F007FBC5F84044C5F84444C5F84844F1
:10E86000C5F84C44C5F86044C5F86444C5F868442C
:10E87000C5F86C4400F048FBC5F8C044204600F0E1
:10E880004BFBC5F81048C6E9007B86F83490C6F803
:10E8900038A0B8F1000F0AD00AF102020123D20019
:10E8A000414606F1A00086F89C3006F0B3FA10202D
:10E8B00000F01CFBFFF714FF40B9022F08D0072F10
:10E8C00004D01FB10E48FDF7DBFD0620BDE8F88F30
:10E8D0000B9A0A4B1268C3F860240B9A5268C3F86B
:10E8E00064240B9A9268C3F868240B9AD268C3F820
:10E8F0006C24BDE8F88F00BF6856002000B00250BD
:10E90000446A050010B51349C022044606F082FA95
:10E91000114B1249D3F84024A260D3F84424E2609A
:10E92000D3F848242261D3F84C246261D3F86024E0
:10E93000A261D3F86424E261D3F868242262D3F898
:10E940006C34636204F13C006022BDE8104006F0C4
:10E9500061BA00BF6856002000B00250785700200E
:10E9600000F0CABA014B1863704700BF6856002018
:10E9700031B170B50E4E3368072B03D0002070BD47
:10E98000002070470B4B01F110020546C3F8BC2470
:10E9900001200C4600F0C0FAF26A2244F262002321
:10E9A000214628461A46BDE8704000F001BA00BF73
:10E9B0006856002000B0025070B51B4C2368072B2E
:10E9C00017D0A36A06460D46B3B1012000F0A4FAA1
:10E9D000A36A2B440F2BA3621CD9012301222946D1
:10E9E000304600F0E5F9034620B9104B1B6C102BA4
:10E9F00016D00023184670BDE36A002BE5D0012035
:10EA000000F058FA2368072BDFD1A36A2B440F2BA1
:10EA1000A362E2D82368012B94BF00230123DDE722
:10EA200000F048FAE5E700BF68560020785700205C
:10EA30002DE9F041554CDFF85881564A84B0A36A5D
:10EA4000D8F84050C2F8BC5400AF06460D46B3B3E8
:10EA50002368072B7ED1002000F02CFA4D4B0022BA
:10EA6000C3F8BC2415B1D8F858302B602368072BA5
:10EA70002FD000260024474D4448C022214606F0EE
:10EA8000F0F9C5F84044C5F84444C5F84844C5F811
:10EA90004C44C5F86044C5F86444C5F86844C5F8FA
:10EAA0006C4400F031FA2046C5F8C04400F034FA56
:10EAB00030461037C5F81048BD46BDE8F081E36A1E
:10EAC000002BCBD02368072B57D0012000F0F2F9A0
:10EAD000C4E7E36A1BB92F4B0122C3F824252D4B51
:10EAE000256BD3F840243A60D3F844247A60033588
:10EAF000D3F848246168BA60AD08EA1DD3F84C0425
:10EB0000F86022F0070301296C46ADEB030D2CD110
:10EB100029466846FFF7DAFD65B3691E0DF1FF303F
:10EB20006944002210F8013F07F1100505EB830549
:10EB300056F8233055F8105C6B40134314BF012284
:10EB400000228842EED1ABB11348FDF799FC1226A2
:10EB5000A5468FE7012000F0DFF92368002B7FF442
:10EB60007AAF012000F0A6F978E72A463946304608
:10EB7000FEF76AFB0026A5467CE7012000F0CCF9F1
:10EB80002368072B3FF467AF9FE700BF685600205C
:10EB90007857002000B00250446A050038B50024C0
:10EBA0000F4D1048C022214606F05BF9C5F84044DD
:10EBB000C5F84444C5F84844C5F84C44C5F8604419
:10EBC000C5F86444C5F86844C5F86C4400F09CF985
:10EBD000C5F8C044204600F09FF9C5F8104838BD7C
:10EBE00000B0025068560020F0B56E4B6E4A01240A
:10EBF000C3F8204892F85C5092F84870A5428646C7
:10EC00003CD04FF4FE64C3F8044AD3F8084A44F4F5
:10EC10007F64C3F8084A002F3BD1002D61D1634BBC
:10EC20001C7C14B11C68844261D993F824401CB147
:10EC30005C69844240F2818093F838401CB19C6A40
:10EC4000844240F2918093F84C401CB1DC6B8442CA
:10EC500040F29180534BC3F828ECC3F82C1C002FD2
:10EC600043D080214F4AD2F8003A31EA0303FAD167
:10EC70000023C2F8081AC2F82038F0BD4FF47664B9
:10EC8000C3F8044AD3F8084A44F47F64C3F8084A36
:10EC90003FB3464BD46C1F7C17B11F68BC4237D2C0
:10ECA00093F8247017B15F69BC424DD293F8387065
:10ECB00017B19F6ABC424FD293F84C7017B1DF6B0B
:10ECC000BC4260D227460C44D464946D0C449465D5
:10ECD000344CC4F8287DC4F82C1D002D5CD10127CC
:10ECE0009EE7C3F8300CC3F8341C4021BAE75D68D6
:10ECF0002544854299D9002505EB850503EB85035D
:10ED0000556D9A68DE68121B104405FB060EA1E7DC
:10ED10005E6807EB060C6445C2D24FF0000C0CEBAA
:10ED20008C0C03EB8C0CDCF80860DCF80CC0F71BD7
:10ED3000566D274406FB0C77C5E79D69254485423F
:10ED40007FF67AAF0125D7E79E6907EB060C64458D
:10ED5000ACD24FF0010CE2E7DE6A07EB060C64452B
:10ED6000AAD24FF0020CDAE7DD6A254485427FF62D
:10ED70006AAF0225C0E71D6C2544854288BF032584
:10ED80007FF668AFB8E71E6C07EB060C644538BF2A
:10ED90004FF0030C96D2C2E7C4F8300CC4F8341C10
:10EDA0005FE700BF00B002507857002028570020CE
:10EDB000B0F1005F55D32DE9F84314464218B2F183
:10EDC000804F05460F4669D8DFF8E090D9E9101268
:10EDD00074B3002B4ED0D9F85030BB4261D3DB1B4B
:10EDE000C9F85030002947D1FFB1D9F8401089F84F
:10EDF0004840C1BBD9F844307E1EB6FBF3F603FB96
:10EE000006F646B1B6F5803F28461CD23146FFF7DC
:10EE1000EBFEBF1B354425483A46294605F0FAFF6C
:10EE2000D9F840303B44C9F840300020BDE8F883B1
:10EE30000029D9D099F84830F3B14846FFF7D4FEFD
:10EE4000C9F84040D0E7D9F84440C4F5803841467D
:10EE5000FFF7CAFEA4F58033F6181F444544D1D10C
:10EE6000D9E70A2070471148FFF7BEFE0023C9F812
:10EE70004030BFE70029B7D0521ABA4209EB01006F
:10EE80002946164628BF3E4605F0C4FFD9F8403053
:10EE900033443544BF1BC9F84030A5E70A20BDE81C
:10EEA000F8830348FDF7ECFA1320BFE778570020FA
:10EEB000446A050010B50C4C216C29B128B90A48E8
:10EEC000FFF792FE0023236410BDC1F140026018D9
:10EED000002105F0C6FF616C03482164FFF784FE42
:10EEE00000232364F0E700BF78570020014B5864EB
:10EEF000704700BF78570020024BC3E91301002080
:10EF0000704700BF7857002002486022002105F0BA
:10EF1000A8BF00BF78570020074AD2F81039002B4D
:10EF2000FBD1064B0449C2F800091870D1F810391A
:10EF3000002BFBD1704700BF00B002507E94002030
:10EF400010B44FF08053D3F8102C013222D0D3F8F4
:10EF5000102CFAB9D3F8142C013230D0D3F8142C79
:10EF60006ABBD3F8182C013237D0D3F8182CA2BBC7
:10EF7000D3F81C2C013203D0D3F81C3C002B3ED01C
:10EF80004FF08053D3F81C2C013234D0D3F81C4CF2
:10EF9000032108E04FF08053D3F8102C01320AD03F
:10EFA000D3F8104C00210023C0E901340122027083
:10EFB000017310BC7047002141F25C24F3E74FF06D
:10EFC0008053D3F8142C013203D0D3F8144C012110
:10EFD000E9E7012141F66414E5E74FF08053D3F8E7
:10EFE000182C013203D0D3F8184C0221DBE70221A0
:10EFF00040F6D864D7E7032141F28834D3E70248CA
:10F0000010BCFDF73DBA00BF446A050038B503786F
:10F0100053B3184B90F80CC00124D0E90152C3F847
:10F02000C441C3F84041C3F8C441C3F83021D3F808
:10F0300030118A42F7D100203F22C3F82C01C3F8D7
:10F04000082A1E22C3F800210422C3F8040AC3F8C8
:10F050000C21D3F80C214CEA0202C3F80C21C3F8AE
:10F060003851C3F82C4138BD0348FDF709FA0C208C
:10F0700038BD00BF00B00250446A0500034B0020B9
:10F08000C3F82C01C3F8C401704700BF00B00250A0
:10F090002DE9F84F4FF0000C4C4B86460E46644667
:10F0A00001204FF0FF354FF03F094FF01E080427B5
:10F0B000D3F8042112F00E0F55D0D3F80C21D3F859
:10F0C0003011C3F82C4102F00302032AC3F8BC013B
:10F0D000C3F808516BD0013242F0040AD2B2C3F82F
:10F0E0000CA1C3F830118EF80C20CEF80810D3F81C
:10F0F0000C11D3F83021D3F838A1C3F8C40101F0C2
:10F10000030BC3F84001C3F8C401C3F83021D3F89E
:10F1100030118A42F7D1C3F82C41C3F8089AC3F8DA
:10F120000081C3F8044AC3F80C71D3F80C214BEAF0
:10F130000202C3F80C21C3F838A1C3F82C01D3F89C
:10F140000421D1070CF1010C11D4BCF1640FAFD133
:10F150001E4B1F480022C3F82C21C3F8C421FDF721
:10F160008FF9102021E0D3F80421D207A0D5BCF1FB
:10F17000640FEDD0154B4FF0FF320121C3F8BC11E5
:10F18000C3F80821D3F814213260D3F81821726033
:10F19000D3F81C21B260D3F82021F260D3F82421E7
:10F1A0003261D3F8283173610020BDE8F88F4A1C22
:10F1B0009DD0491844EB04028D4274EB020238BF23
:10F1C0004FF0FF3100224FF0040A88E700B00250F0
:10F1D000446A05000A234360704700BFC368032BDD
:10F1E00005D0022B15D80133C36001207047836816
:10F1F0005A1C10D0DB184FF0000242EB0201914282
:10F200004FF0FF3C0CBF19466146C0E902120120D5
:10F2100070478368EEE70020704700BF704737B53E
:10F220000C460569836801A95B68984748B92B6853
:10F2300001985840012303FA04F10840003818BF30
:10F24000012003B030BD01F0B2BA70B586B00446FB
:10F250000E461D46E6F766F988B3A119884224D206
:10F2600003782D2B01D02B2B1FD101308DF80030CE
:10F2700001226C4681421DD910F8013BA3F13006F2
:10F28000092E17D8172A12D102F118030DEB030229
:10F29000002402F8184C21460A226846FBF7FCF8C5
:10F2A000C5E90001204606B070BD0022E1E7135514
:10F2B0000132DFE7002AE7D16FF01500F3E76FF0C6
:10F2C0000100F0E7F8B5069C05460F461E46E6F736
:10F2D00029F9A8B10378222B12D1421C3D44711E9A
:10F2E0000020AA4212D212F8013B222B02D10023A5
:10F2F0003354F8BD0130A04205D001F8013FF0E7DA
:10F300006FF00100F5E76FF00B00F2E76FF015000A
:10F31000EFE7002808B501DB884203D3E6F730F9B0
:10F320006FF00B0008BDE6F77BB8002370B51C46F4
:10F33000934204D1201E18BF0120404270BDC55C1D
:10F34000CE5C75402C430133F2E701440023884230
:10F3500000D1704700F8013BF9E7E6F7F1BD002165
:10F360000220E7F7A3BA012303FA01F103691B683E
:10F37000194218BF82F0010212B18368DB68184796
:10F3800083681B69FBE700280EDD4AF20F439842B1
:10F390000CDD4AF6DF3398420ADD4BF2AF33984278
:10F3A000CCBF002001207047002070470320704729
:10F3B00002207047F0B41346DA028768066907D561
:10F3C00013F4402F1EBF43F3000202F440225340C7
:10F3D000346801258D4023F48012DB074CBF2C4399
:10F3E000AC4334603B68F0BC1847012303FA01F1D9
:10F3F00003691B68194218BF82F0010212B18368C9
:10F40000DB68184783681B69FBE7F8B50E461446AE
:10F410001D4600272C2105F047FD90B10137BE4263
:10F4200000F10100F6D12246054410F8013B2BB152
:10F430002C2B03D02A2B01D0A84203D10023137018
:10F440000120F8BD02F8013BEFE703463038C2B2B5
:10F45000092A0FD9A3F14102052A02D8A3F13700E6
:10F460007047A3F16102052A02D8A3F15700704743
:10F470004FF0FF30704701F091B908B505F085F8FD
:10F480004FF47A72A0FB020302FB0131C00B40EA89
:10F490004140C90B08BD0023EAF7F0BE10B5044691
:10F4A0008368DB6B23B92046BDE81040E7F7E6BE72
:10F4B00098470028F7D110BD04F0BCBF08B5012063
:10F4C000E7F7CCFE4FF440400021FFF7F5FFBDE821
:10F4D00008400020E7F7C2BE70B5ADF5207D0446B8
:10F4E000FFF7CBFF241841F100060025FFF7C5FF09
:10F4F000A042B14105DBE7F7B9FD28460DF5207DB7
:10F5000070BDFFF7BAFF211A6846E7F7F9FE10F160
:10F510007A0FEBD00028EEDB6846E7F787FF05445B
:10F52000E7F7A4FDE2E701F039B908B5E8F7A2FE74
:10F530000128CCBF0020012008BD00EBC10040889D
:10F5400040087047F8B50346FFF7F7FFB0FA80F0C0
:10F55000C0F11F0003EB800CCA00DCF81060171D1F
:10F560000C4606328DB256B9012101FA00F0D96875
:10F570000143D960CCF81040DD539D52F8BDF10035
:10F580000431585AD85303EBC0009E52C5805D52D7
:10F59000F4E710B500EBC104E3888B4202F10401EB
:10F5A0000AD1012303FA02F2C36823EA0203C3600B
:10F5B000002340F8213010BDA28840F8213000EB34
:10F5C000C20100EBC300CB808280F4E708B503469C
:10F5D000FFF7B3FFB0FA80F2C2F11F021846BDE890
:10F5E0000840FFF7D6BF2DE9F843B1FA81F3C3F124
:10F5F0001F0200EB82090646D9F810700D4687B944
:10F60000C3F120034FF0FF349C40F3681C4014D03A
:10F6100094FAA4F2B2FA82F2131D56F8234021465E
:10F6200008E03C464FF0030821463046FFF785FFCF
:10F63000854205D83046FFF7ACFF2046BDE8F88389
:10F6400006EBC404B8F10108E488C9F81040D7D02B
:10F65000BC42E9D1D4E738B50446FFF76EFF0D464A
:10F66000034611462046FFF768FF03449BB204EBB4
:10F67000C5055A006A802046FFF75FFF014424F861
:10F68000313038BD70B50446FFF757FF0B4604EB29
:10F69000C305511A9B1A89B203444E009BB204EB76
:10F6A000C2006E805D00458024F83210204611466D
:10F6B000FFF743FF014424F8313070BD70B509B93C
:10F6C000002070BD056801F007030B33CC0804EB84
:10F6D000D304AB689C4228BF1C4621462846FFF74E
:10F6E00082FF06460028EBD001462846FFF725FF9B
:10F6F000A04207D932192846FFF7C4FF1146284611
:10F70000FFF720FF05EBC6021046538843F00103C4
:10F7100053800430D5E71146FFF7D0BF043A2DE9F6
:10F72000F843CC1D114424F0070421F00706A6EB92
:10F7300004084FEAD807B7FA87F2C2F12405AD00F2
:10F740004FF000090735C2F12002ED080460494678
:10F75000A760C4F80C90920004F1100005F081FB42
:10F76000AAB2530043F0010363807B1B9BB204EBFE
:10F77000C5015800A4F80090488024F83520A6F868
:10F78000029024F8083004EBC70329465A8842F057
:10F7900001025A802046BDE8F843FFF7D3BE2DE9A9
:10F7A000F04706460D46174698462BB398F800409A
:10F7B00093F80190DB78A40004EB430498F802303E
:10F7C0001C4444444FF0000ACA4509D3D8F8042029
:10F7D00008F1080339463046AC46BDE8F0476047BB
:10F7E00014F8013B48F823402046E1F72BFD013097
:10F7F00004440AF1010AE7E76FF01500BDE8F0875D
:10F8000030B502460024002012F8013B43B178B124
:10F810008C4207D1702B04D0A3F140053A2D07D8B4
:10F82000002030BDA3F140053A2D01D80134EAE7AC
:10F83000252B08BF80F00100E6E70020704700F0AC
:10F840002ABF0FB407B504A951F8040B019100F0C9
:10F8500022FF03B05DF804EB04B070470FB407B5A6
:10F8600004A951F8040B0191FFF7E9FF03B05DF81B
:10F8700004EB04B0704710B50369024613F00800AA
:10F8800009D11368D4689C4297BF126AE31AD31A4D
:10F8900001200B6010BD00231846FAE713B501A93B
:10F8A0000446FFF7E8FF20B1019BE268013B1344E7
:10F8B0000193206A019BC01A013802B010BD10B537
:10F8C000044650182269236AD20702D5013B18402A
:10F8D00010BD984228BFC01AFAE710B504460A4680
:10F8E000C168FFF7ECFF2369E06023F008032361A0
:10F8F00010BD38B50D46C2698B00016843F00203A4
:10F9000042F82130044601682A46FFF7D8FFE36831
:10F9100061682060984202BF236943F008032361B5
:10F920002A462046FFF7CBFF606038BD2DE9F74F30
:10F93000D0F80CB0C669009216F82B2002F0030232
:10F94000022A08BF56F82B209A4606EB8B030F4677
:10F9500001934FF00001009B0CBFC2F39D09894643
:10F9600019600446CAF80010B9F1000F07D04946E3
:10F97000FFF7B3FFE368A3604FF0010804E00169FB
:10F980008A0705D44FF00008404603B0BDE8F08F69
:10F99000816906EB8B00884716F82B1011F00108DF
:10F9A0000546EFD08B071DD51FB139462046FFF71E
:10F9B000A0FF61682A462046FFF781FFD4E90213C1
:10F9C0008B42606007D12A462046FFF778FF4FF050
:10F9D00000080146A0602369216043F00803E1604C
:10F9E0002361D1E701462046FFF777FFE168A16078
:10F9F0001FB12068E16941F82090EA19CAF8002097
:10FA000021682046FFF75BFF2269206042F0080270
:10FA1000226116F82B2022F0010206F82B20DDE9E6
:10FA200000321A60A8E770B504461546FFF747FF95
:10FA30002368834205D12369216023F008032361F1
:10FA400070BDE269AB0043F0020342F8213020466A
:10FA500061682A46FFF733FF6060F1E738B5036954
:10FA60005B07044606D5456AFFF718FF85422CBFA1
:10FA70006562606238BD38B50D4604461C2200211F
:10FA800005F0EFF9EB68A361AB6863612B68E36194
:10FA90006B682362002262622A6923B1591E1942EF
:10FAA00008BF42F001022261012204F12800002176
:10FAB000BDE8384004F0D8BA2DE9F04F9846036A03
:10FAC00087B000258B4204460E4693460395059564
:10FAD000AA4638D3EFF31189402383F31288BFF38A
:10FAE0006F8F059A2AB129462046FFF79CFF002315
:10FAF000059304A92046FFF7BEFE0499B1420746CC
:10FB00002AD32268E36913F8221021F0030103F8D5
:10FB1000221003EB820A216832462046FFF7CFFE0F
:10FB2000E3682060984212D0002789F31188BFF360
:10FB30006F8F039929B162690AB12046904700236B
:10FB40000393002FC6D1504607B0BDE8F08F23695C
:10FB500043F008032361E7E718B12046FFF7C9FE29
:10FB6000E3E75BEA08031CD0019104F09CFB0199D8
:10FB7000B8B9B9F1000F14D189F31188BFF36F8FB1
:10FB80005A46434604F12800F6F7B0FDEFF3118919
:10FB9000402383F31288BFF36F8FB0FA80F77F0999
:10FBA000C3E705AB03AA20462568FFF7BFFE07465B
:10FBB000BBE770B50446836908460D469847024680
:10FBC000EFF31186402383F31288BFF36F8F2B78F6
:10FBD00043F001032B7061682046FFF770FE606000
:10FBE0002046FFF73BFF86F31188BFF36F8F70BD90
:10FBF0002DE9F843044600274026EFF3118586F3EC
:10FC00001288BFF36F8F2369A268190702D4636853
:10FC1000934200D2236A9B1A002B42D0E06910F86D
:10FC2000221011F0030300EB82093AD0022B04D119
:10FC300050F822305FEA930805D1CB0720D4A3699E
:10FC4000484698478046A16842462046FFF737FE5F
:10FC50000127A06041462046FFF73FFE3B4685F363
:10FC60001188BFF36F8F002BC7D137B1B9F1000FE7
:10FC700003D104F12800F6F705FD4846BDE8F883F6
:10FC800041F0020100F822104846A369D4F8088028
:10FC90009847414602462046FFF711FE0023A06028
:10FCA000DDE79946DBE7F8B50446836908460D466B
:10FCB00098470646EFF31187402383F31288BFF37A
:10FCC0006F8F2B7823F001032B7023699B0705D5D9
:10FCD000E268E36903EB82039D421AD12B7823F09B
:10FCE00002032B70D4E90231994204D132462046F6
:10FCF000FFF7E5FDA06031462046FFF7EEFD87F3F4
:10FD00001188BFF36F8F04F12800BDE8F840F6F7C3
:10FD1000B9BC2B6860F39F032B60F0E7EFF3118110
:10FD2000402383F31288BFF36F8F02698368120741
:10FD300002D442689A4200D2026AD31A81F311882F
:10FD4000BFF36F8F181E18BF0120704708B5EFF37F
:10FD50001183402383F31288BFF36F8FEFF3108377
:10FD600072B601F060FA038B13F0070306D1036843
:10FD7000002B18BF032008BF00207047022B05D1BD
:10FD8000408BB0FA80F0400980007047012B04D10D
:10FD90000368002B18BF0520EDE70020704710B561
:10FDA0000C4600B111B96FF0150010BD081D00F030
:10FDB00087F80028F9D1A368032BF6D9F3E72DE9DA
:10FDC000F0410D4607461946281D90461E4600F094
:10FDD00088F8044638B13346424629463846A44698
:10FDE000BDE8F0416047BDE8F08110B4EFF3118247
:10FDF000402484F31288BFF36F8F416110BC01214E
:10FE0000E9F75CBB38B50C46054658B151B10B68F3
:10FE100043B14B6833B11C22002105F022F82C615C
:10FE2000002038BD6FF01500FBE7F8B504460E461C
:10FE3000FFF7B5FF051E3BDBEFF31182402383F391
:10FE40001288BFF36F8F638B278B4FF6FF718B4246
:10FE500007F007072ED0062F2FD8DFE807F0182E5F
:10FE6000082E180418006FF08505002303E0013305
:10FE700063830225012382F31188BFF36F8FBBB127
:10FE800000233A4631462046FFF799FF10E0002351
:10FE90003360636823B9C4E9006627B13D46E4E7EF
:10FEA0001E606660F9E702212046E9F707FB3D4640
:10FEB0002846F8BD6FF00A05D7E76FF00405D4E7D0
:10FEC000034658B1426802F00302012A03D0032A14
:10FED00004D1026812B10020986070476FF01500DD
:10FEE00070474268816002F00302032A4FF000026B
:10FEF00003460CBF006810465A60704770B50C8806
:10FF000006468888241A3069A4B2844285B224BF88
:10FF1000641BA4B22D1BA8B2984228BF18463368B0
:10FF2000234413600B8803440B8070BD70B4838935
:10FF300085880669ED1AADB2731B934228BF13463C
:10FF400070BC0A46011DFFF7D9BF70B40E460146CA
:10FF5000C58831F80A3FEC1AA3B2934228BF134672
:10FF6000324670BCFFF7CABF10B54B880C88E41A44
:10FF7000A4B294420ED31A4492B28B884A800A806B
:10FF80000069D21A92B2824201D2002010BD03440D
:10FF90008B80FAE76FF01500F8E72DE9F34106468C
:10FFA0000F4615464FF000082A4601A93046FFF7D4
:10FFB000BDFF044640B102463946019804F02AFFCD
:10FFC0002D1BA0442744EFD14246311D3046FFF798
:10FFD000CBFF404602B0BDE8F0812DE9F341074672
:10FFE0000E4615464FF000082A4601A93846FFF78D
:10FFF000ACFF044648B12EB102460199304604F0E8
:020000025000AC
:1000000009FF26442D1BA044EED1424607F10A0108
:100010003846FFF7A9FF404602B0BDE8F0817047BF
:1000200010B484686468A44610BC604770B4C668A5
:100030000468806A0D0C06FB054414FA81F184689B
:100040002468A44670BC60472DE9F0431C46C36A8F
:100050001D686D4289B006468846174605F02005A2
:100060001CB9204609B0BDE8F083AC42A14628BFC8
:10007000A9464B466A4641463046FFF7D7FF00285F
:10008000F0D16B46484502D1241A8044E8E713F8C2
:10009000012BBA4201D10130F4E70120E2E70B68FD
:1000A00003F580330B60008A1A0CB0EB134F04BFCA
:1000B000A3EB02430B60704700F070BB38B5C26819
:1000C00003680D0C090C04462D04806A02FB013103
:1000D00000F085FD50B9E26AE3685279294620466E
:1000E000FFF7B2FF002818BF6FF0050038BD10B54C
:1000F000014604460722FF20F1F70AFCE07110BD1B
:100100002DE9F04F07465368D06803445069C34255
:1001100093B003D1002013B0BDE8F08FFC683B68BA
:10012000D7F82CB0080C04FB003313FA81F592E8E1
:10013000030004AB83E80300D2E9020106AB83E8C5
:100140000300D2E90401DBF8008008AB83E8030078
:100150000024C8F10003A146019312AB03EBC90AC6
:100160004FEAC9015AF8346CAEB909F10109B9F185
:10017000030FF2D1002CCDD00AAE9BF80510A8EBEE
:100180000402301904F06DFEB86A4346324629462F
:10019000FFF746FFBFE7B4B9019B334013D05AF8CD
:1001A000382CB86A2946CDE90223FFF739FF002829
:1001B000B1D1DDE902231A44F61A4AF8382C4AF87C
:1001C000346C1D44C9E7A8EB0402B24228BF324692
:1001D000A2B101F148030DEB030A0AAB5AF8381C2F
:1001E0001819CDE9021204F015FEDDE902121144DE
:1001F000B61A4AF8381C4AF8346C14444445ACD159
:10020000B86A23460AAA2946FFF70AFF002882D1C6
:1002100025440446A1E7F8B507220D460646FF200F
:100220004C888F88F1F774FBEB79834205D13C440D
:10023000B4428CBF00200120F8BD0020FCE7036819
:10024000012B81BFC91801F1FF315B4219400846FB
:10025000704738B50D460A4681680446FFF750FFDF
:10026000EB68696819446B6902461944E06AFFF754
:10027000E6FFA3680344A360104638BD70B586B09E
:10028000466804460D4618220021684604F0E9FD40
:1002900002956A460825314620460395FFF730FF50
:1002A00029460246E06AFFF7CAFF63681B1A104638
:1002B000636006B070BD13B54FF6FF7300220446AD
:1002C000ADF800308DF806308368ADF8042068463C
:1002D000ADF80230FFF70BFF69462046FFF7CEFF6F
:1002E00002B010BD70B506460C46C06A0821FFF783
:1002F000A6FF0546F068401B214680B2FFF78BFF42
:1003000080B1A08878B922884FF6FF739A4209D14C
:100310006288F3689B1AB3FBF5F205FB1230B0FA62
:1003200080F0400970BD0020FCE7F7B504460D469B
:10033000C06A0821FFF783FF296807460823204683
:10034000FFF774FE0646002836D12B683B442B602D
:10035000E26899B2D21B91422ED11A0C03BF228AB5
:1003600002F1FF3203EB0241A3F58031296008233B
:100370006A462046FFF75AFEE8B9E36A5A796B46A7
:1003800013F8011B8A420CD101300828F8D16368A8
:1003900005E02B68BDF802206FF30F0313442B60B8
:1003A0000AE069462046FFF79DFF0028F1D1294663
:1003B0002046E9F7A3F90646304603B0F0BD2DE923
:1003C000F04F0446A1B024220D4617A8002104F0E6
:1003D00048FDE06A0821FFF732FF636881466FF34A
:1003E0000F0306A920460693FFF759FE069BE66811
:1003F00001931E44A6EB0906082309AA31462046AC
:100400000796FFF713FE0028C0F21681E36A09AAD7
:100410005979002312F8010B814240F0FC8001332E
:10042000082BF7D1A36862684B449A4280F0EC80B5
:1004300001992046FFF742FEFEE0BDF826306FF33B
:100440000F061E4407960BAA07A92046DDF81CA03C
:10045000FFF76BFF002840F0EF800BA91FFA8AF02E
:10046000FFF7D9FE48BB039B9A45ECD1102200212F
:1004700013A804F0F6FC1F9E129617AB119395B1CA
:10048000D4F82C8008214046FFF7D9FE2F89024678
:10049000F1194046FFF7D3FEA168636802440A449D
:1004A000934280F09280002EBCD011A92046FFF725
:1004B000D0FE002840F0C080B4E7666808960DAA18
:1004C00008A92046FFF731FF002840F0B580BDF8AD
:1004D0003420BDF82C309A4245D0089B62689A427D
:1004E0003FD15645BFD1BDF83060002EBBD03DB1E5
:1004F0002A88BDF82C309A4202D12B89B342B2D956
:10050000BDF82E801F9A4FEA1A431B049844E36AF1
:100510001B68591E5B4203F020030493A368164432
:1005200001EA06001344009026EA0106ADF82E30D9
:1005300006BB009B5BB11F9A17A99B1A20460A4471
:100540004146FFF773FD002876D1009B1F930BA84F
:10055000FFF7CDFD0BA92046FFF790FE002882D0C3
:100560006AE01E46ABE70DA9B0B2FFF754FE0028C3
:10057000B3D0B6E7049B1F9FB34228BF3346A3EB1B
:10058000070B17AA02933A445B4641462046FFF701
:100590004DFD002850D11F9B01465B44182211A835
:1005A000059304F05EFC17AB139311A9059B1493FC
:1005B0002046FFF74EFE00283ED11F9B1F90FF1ADA
:1005C000029B3744FE1AD844B2E731446B68ADF859
:1005D0003E10204611A9CDE91337FFF73AFE58BB6C
:1005E0002B88ADF83C302B89ADF840300FA8FF23A5
:1005F0008DF84230FFF77BFD0FA92046FFF73EFE46
:10060000D0B90123AB720DE72046FFF754FE002856
:100610003FF40EAF10E0A6EB090309A920460393AF
:10062000FFF760FE00287FF408AF07A92046E9F72E
:1006300065F800283FF407AF21B0BDE8F08F002334
:100640001A46E9F737BA13B500240094E9F716FB08
:1006500002B010BD03785B075FBF03684288C3F335
:100660004A2303EB12105DBF173020F0070080080B
:10067000002070470020704702F0FFBD0346BFF323
:100680005B8F53E8000F421C43E800210029F8D19A
:10069000BFF35B8F70471FB50023CDE90201CDE9A1
:1006A00000331A4619461846E9F768FE05B05DF8AA
:1006B00004FB0120E9F714BC002070474368DA719D
:1006C00043681960436801225A71E9F7FBBB70B5B2
:1006D00015460C4669B1D2E901369B1B99420AD8EE
:1006E00013680A460146981904F094FBAB6823444A
:1006F000AB60204670BD6FF01B00FBE770B50E4687
:1007000015461946044618B9BDE87040E9F7E8BB3C
:1007100033B1C2F34A231030120D184404F07AFBAF
:10072000C4E900562046BDE87040E9F787BD2DE9D1
:10073000F3415F1C4FEA8708064608F1170020F0D6
:10074000070080080C461546E9F74CFC0023ADF87D
:1007500005308DF807308DF8047068B10346019AB2
:1007600043F8102FA8F104012A46294452F8045BEB
:1007700043F8045F8A42F9D1A20102F4E07242EA2E
:10078000482222F07F4222F47002002322F03F022E
:10079000314602B0BDE8F041FFF7B0BF07B5012315
:1007A000019201AAFFF7C3FF03B05DF804FB07B590
:1007B000CDE9002302236A46FFF7B9FF03B05DF8D5
:1007C00004FB1FB5CDE90123069B039301AA032374
:1007D000FFF7ADFF05B05DF804FBF8B506460D4622
:1007E00014461F4604B9F8BD214628463A46B0478C
:1007F000241A0544F6E710B5426881680446D2E938
:1008000000230068FFF7E9FF636800221A6010BD4B
:1008100038B54B681A68CB689A4205460C4602D137
:100820000846FFF7E8FF6368BFF35B8F53E8002FCC
:10083000511C43E800100028F8D1BFF35B8FA36878
:100840009D54002038BD0A2838B504460D4602D113
:100850000D20FFF7DDFF29462046FFF7D9FF0020D6
:1008600038BD2DE9F043054689B008460E8891F859
:100870000090D1F808800C461746E9F7D1FD011E1B
:10088000C6F38216C9F3C2091FDB4846E9F7E8FC44
:1008900003462146608851F8102B0296C2F34A2283
:1008A000002A01EB0204C0F30B1008BF0021002254
:1008B000CDE90507CDE90314CDE9002241462846DC
:1008C000E9F7DAFD09B0BDE8F0830023E1E7C36989
:1008D0001BB11B790B70002070476FF057007047F9
:1008E000C3693BB1DB682BB1DB691879B0FA80F0E2
:1008F000400970470120704770B5C56904460E462F
:100900000DB103232B712046FFF7EAFFA8B10321A5
:100910002046B047002802DA10F1860F0ED10121DF
:1009200025B920463346BDE8704018472971204656
:10093000B047002802DB00232B71002070BD7047F8
:1009400030B54C680368A34201D2012030BD8A68EB
:100950002244934201D30020F8E7D1E904529542A2
:1009600003D36FF00B038B61F5E7CA681B1B42F8DA
:1009700035304368086902EBC00253600B690133EC
:100980000B61E2E737B50C46C0B201A91546E9F79D
:10099000DDFF00280CDB019850B121462A46E9F71B
:1009A000FBFF04460198FFF7CAFF204603B030BDA5
:1009B0006FF01504F9E7F0B587B01F4604460D4601
:1009C000164600F087FD022302930DF116030193F2
:1009D000BDF83030ADF81600009332463B4629464C
:1009E000204601F090FD07B0F0BD2DE9FF411F4604
:1009F0000D4616460446ECF7C9F98046E0F722FC9E
:100A0000BDF82830009380B2CDE901803B463246E4
:100A10002946204601F077FD04B0BDE8F0810020B2
:100A2000EAF71CB8034610B508460AB10021116068
:100A300053B1D0B1411E11F8010F80B113F8014B31
:100A4000A04201D13D28F6D100200EE00133136011
:100A50000AE03D2808D0B0FA80F0400905E0187897
:100A60002F28F6D1002AF1D1012010BD083070479F
:100A700010B5134614460A4681880068FFF7E3FD67
:100A8000A042A8BF204610BD2DE9F04F97B0044604
:100A900001929A46894600297AD0DAB1BAFA8AF6E2
:100AA0007609258F0135ADB2A84604F1080B6F1EFB
:100AB000BFB2B7F5004F39D04A2303AA394658468A
:100AC000FFF7C1FD002807DA10F1020F08BFB84692
:100AD0003D46ECE70126E4E700F158030DEB030087
:100AE000002300F84C3C03A94846E0F799FB002896
:100AF000EED106BBB846B8F5404F4CD0238F4345E6
:100B000004F1080538D308F58041019A534689B2AB
:100B10002846E8F7CFFF00280ADB46B14846E0F751
:100B200091FB4A460346414628461EE016B3002084
:100B300017B0BDE8F08F39465846FFF780FD002812
:100B4000F6DB05F57F513F3189B25846FFF777FD57
:100B50000028EDDB238FBB42E9D12246013B22F87E
:100B6000383F4FF4004102235846E8F7A3FF00EA5C
:100B7000E070DDE70126BEE72246022322F8388F27
:100B80004FF400412846E8F795FF0028BBDACFE78D
:100B90006FF01500CCE76FF00B00C9E773B5C36BBE
:100BA00003630446C3B100F108063046E8F7D8FDF8
:100BB000054670B902230DF106024FF4004130469C
:100BC000FFF741FD0028ACBFBDF806304FF40043ED
:100BD0002387284602B070BD6FF01205F9E72DE9B2
:100BE000F0418768FB6804460D4616469847BB6887
:100BF0002BB1324629462046BDE8F04118476FF038
:100C00005700BDE8F08108B50020E8F72BFB10B4D1
:100C100020B14468C068A44610BC60474FF0FF3064
:100C200010BC704710B420B10468C068A44610BC62
:100C300060474FF0FF3010BC704737B501230C46BA
:100C40006A4620210546FFF7E2FF00BB9DF8003011
:100C500064F307138DF800306A46012320212846EB
:100C6000FFF7E0FF98B9012301AA22212846FFF7E8
:100C7000CEFF60B99DF80430240964F301038DF8B8
:100C8000043001AA012322212846FFF7CBFF03B03D
:100C900030BD37B501230D4601AA21210446FFF7D7
:100CA000B6FF58B99DF8043065F3C3038DF80430DE
:100CB00001AA012321212046FFF7B4FF03B030BD74
:100CC00037B501230D4601AA25210446FFF79FFFF2
:100CD00058B99DF8043065F305138DF8043001AA66
:100CE000012325212046FFF79DFF03B030BD13B53A
:100CF00001230C4601AA2521FFF789FF50B99DF871
:100D00000430C3F30112022A06D0032A04D0012AB8
:100D100002D0207002B010BD2270FBE708B50A4671
:100D200001232721FFF773FF08BD08B50A460523F5
:100D30003721FFF76CFF08BD13B502230C4601AA4B
:100D40000D21FFF764FF30B99DF805209DF80430B0
:100D500003EB0223238002B010BD13B506230C461B
:100D60006A462821FFF753FFA0B99DF801209DF89E
:100D7000003003EB022323809DF803209DF802300E
:100D800003EB022363809DF805209DF8043003EBFC
:100D90000223A38002B010BD08B50A4601230F212B
:100DA000FFF735FF08BD37B501230D4601AA212104
:100DB0000446FFF72CFF58B99DF8043065F38613FD
:100DC0008DF8043001AA012321212046FFF72AFFD4
:100DD00003B030BD37B501230D4601AA3F210446BB
:100DE000FFF715FF58B99DF8043065F3C7138DF868
:100DF000043001AA01233F212046FFF713FF03B06F
:100E000030BD37B501230D466A4625210446FFF75C
:100E1000FEFE00BB9DF800202B0963F3C3028DF892
:100E2000002001236A4625212046FFF7FBFE90B9EA
:100E3000012301AA3F212046FFF7E9FE58B99DF89A
:100E4000043065F304138DF8043001AA01233F2117
:100E50002046FFF7E7FE03B030BD37B501230D464E
:100E600001AA25210446FFF7D2FE58B99DF80430A7
:100E700065F387138DF8043001AA0123252120464C
:100E8000FFF7D0FE03B030BD37B501230D4601AAF0
:100E90003F210446FFF7BBFE58B99DF8043065F3C7
:100EA00041038DF8043001AA01233F212046FFF7BA
:100EB000B9FE03B030BD73B501236A460E46242146
:100EC0000546FFF7A4FE0123044601AA3F21284658
:100ED000FFF79DFE201827D19DF80020C2F3801354
:100EE00043EAD2133278C2F3C0010B43C2F30011BC
:100EF0000B43C2F340110B43C2F380110B4343EA8F
:100F0000D2139DF8042063F345128DF804200123C9
:100F1000324623212846FFF785FE28B9012301AA7E
:100F20003F212846FFF77EFE02B070BD08B50A4695
:100F300001232321FFF76BFE08BD73B501236A4629
:100F40000E4623210546FFF762FE0123044601AA4F
:100F50003F212846FFF75BFE201827D19DF800208F
:100F6000C2F30011C2F3C0030B43C2F340110B43A1
:100F7000C2F380110B4343EAD213327843EAD2130F
:100F8000C2F3801213439DF8042063F345128DF8D9
:100F900004200123324624212846FFF743FE28B9C6
:100FA000012301AA3F212846FFF73CFE02B070BD95
:100FB00008B50A4601232421FFF729FE08BD37B5ED
:100FC00001230D4601AA34210446FFF720FE58B93B
:100FD0009DF8043065F305038DF8043001AA012360
:100FE00034212046FFF71EFE03B030BD37B5012384
:100FF0000D4601AA35210446FFF709FE58B99DF8B0
:10100000043065F346138DF8043001AA012335211D
:101010002046FFF707FE03B030BD03F022BF03F008
:10102000F9BE01460068EAF729B808B5EAF782F880
:10103000BDE80840EAF726BC0A460121FFF7AEBB2F
:1010400000210120EAF71AB86FF08500704761B6F9
:1010500062B680F31188BFF36F8F704772B60023BA
:1010600083F31188BFF36F8FBFF34F8F30BF62B62A
:10107000BFF36F8F704772B6002383F31188BFF3FD
:101080006F8FBFF34F8F20BF80F31188BFF36F8F37
:1010900062B67047202809D9B0F1004F08D801384E
:1010A000B0FA80F0C0F11F00400070470820704780
:1010B0003E20704708B5D1E904319847002008BDAB
:1010C00008B5EAF7FDFD002008BD70470023038244
:1010D0004369C3607047C1698968EAF75DBEEFF391
:1010E0001182402383F31288BFF36F8F00230B60BC
:1010F000436833B9C0E9001182F31188BFF36F8FE1
:10110000704719604160F7E710B50346EFF31181AE
:10111000402282F31288BFF36F8F006828B15C68A9
:1011200002681A60A04208BF5A6081F31188BFF3B9
:101130006F8F10BD027A0132027270470346184663
:101140005B68002BFBD17047426810B52AB10B4693
:101150001C465B68002BFBD16260416010BD10B57E
:10116000044620B90B7A01330B72084610BD0346C2
:1011700018465B68002BFBD1FFF7E6FF2046F5E73A
:1011800083680B440360704703680B6043684B60DF
:1011900083688B6070478388026819448180D01807
:1011A000704730B484880568A3188380281930BC40
:1011B00003F030BE10B5838802685C1C8480D15473
:1011C000D01810BD034600689A88401A1144186070
:1011D000998070470268531E0360838801338380BF
:1011E00002F8011C70478288521A03468280006808
:1011F000084418607047034600689A88521A0144F0
:101200009A801960704710B503681C780121FFF7B8
:10121000EAFF204610BD10B503681C880221FFF7C5
:10122000E2FF204610BD08B500224FF480214FF0A8
:101230000050F3F7EBFC4FF080430122C3F8002588
:10124000BFF34F8F20BFFDE710B50C460178227821
:101250008A4288B00ED06946EAF706FF04A9204604
:10126000EAF702FF10220DEB0201684603F00CFEC4
:1012700008B010BD012A06D0022A07D072B94088F2
:101280006388C01AF4E740686368FAE71022611CBB
:10129000013008B0BDE8104003F0F6BD6FF0150056
:1012A000E6E7042A0AD0102A0DD0022A4FF00003E4
:1012B00015D103700B884380012070470123037010
:1012C0000B684360F8E7022300F8013B01F11003CB
:1012D00051F8042B40F8042B9942F9D1ECE7184659
:1012E0007047012310B50621044600F8013BF3F7CF
:1012F00057F918B9A37963F03F03A37110BD0B68C8
:1013000003608B8883808B798371037823F00203D9
:10131000037070470078C0F34000704738B504464A
:10132000807AEAF70FFD6169054649B1637ADB0708
:1013300004D4C3691B6820469B68984700236361F7
:1013400021462846BDE8384002F080BE2DE9F04134
:101350000C4601F10C08054600F10C014046174609
:101360001E46FFF711FF6269E3682F829B1A13FA8A
:1013700087F36B8201236B7239464046FFF733FFD8
:10138000E3687360628A0023E36072816382346081
:101390002846BDE8F08138B5D1E90032DA600B6843
:1013A0004A895A820C4605460868EAF773FD2046CA
:1013B0001022002103F055FD2846BDE83840FFF714
:1013C000ADBF438A23B9C068B0FA80F040097047C6
:1013D000002070470F2806D80D280BD8052814BF09
:1013E000022003207047132804D01A2814BF0220BB
:1013F0000120704701207047FFF7D0B9FFF7D7B938
:1014000010B50346BFF35B8F53E8000F40EA0102BB
:1014100043E80024002CF7D1BFF35B8F10BD0023FD
:10142000E8F72CBFBFF35B8F50E8003F0B4040E86C
:101430000032002AF8D1BFF35B8F704710B5ECF78C
:1014400071FE6FF4807104461030FFF7EBFF204609
:10145000BDE8104000F014B9C368DB78012B01D15E
:10146000FFF7ECBF7047C368DB78012B01D1FFF7B2
:10147000E5BF704738B504460D46EBF73FF85F30DF
:1014800005D129462046BDE83840EAF76DBF38BD92
:101490000020704710B5028843889A4218D8052A60
:1014A00016D9B3F5486F13D88488B4F5FA7F0FD2F4
:1014B000C188A1F10A0292B240F67640824207D872
:1014C00004FB0333B3EB810F34BF0120002010BDB8
:1014D0000020FCE7002070470020704770B50646EA
:1014E0000D464FF0FF304FF0FF31EBF74BFB04465A
:1014F00068B103210C30FFF74EFE0680857021464F
:101500000022BDE8704040F20640EBF79DBC6FF052
:10151000680070BDC368187808B1EBF7CBBA1846FD
:10152000EBF778BD38B54FF0FF3105464FF0FF308F
:10153000EBF728FB044668B102210C30FFF72BFEC5
:101540002B88038021460022BDE8384042F2160075
:10155000EBF77ABC6FF0680038BDF8B507460E4669
:101560004FF0FF304FF0FF311546EBF70BFB044611
:1015700078B106210C30FFF70EFE3B8803804680D1
:10158000858021460022BDE8F84042F22200EBF7B8
:101590005BBC6FF06800F8BD70B506460D464FF0B5
:1015A000FF304FF0FF31EBF7EDFA044618B9BDE814
:1015B0007040EAF7CFBE03210C30FFF7ECFD068048
:1015C0008570214642F22100BDE87040EBF7EABB8E
:1015D00008B5072203F058FCB0FA80F0400908BDB6
:1015E000FFF7DCB800280CBF08460020704718B190
:1015F00011B10846ECF7D0BA6FF01500704713B57B
:10160000044680B106216846F2F7CAFF48B99DF842
:101610000530694603F03F0320468DF80530FFF79B
:10162000E6FF02B010BD6FF01500FAE7003818BFF2
:101630000120704770B5064686B00D464FF0FF306A
:101640004FF0FF31EBF79EFA0446B0B10C3095B184
:101650000121FFF7AFFD06F1100203A92046009516
:101660000823EBF77DFA0022214642F20A00EBF74D
:10167000EBFB06B070BD2946EBE76FF06800F8E7BA
:10168000183002F0D2BD10B50446FFF7F9FF20462E
:101690005022BDE81040002103F0E3BBD0F8B400B5
:1016A000003818BF01207047084689691160C26977
:1016B0001A60C27A0021183003F0D3BBFFF777B865
:1016C000837A072B01D1ECF791BF70472438EDF7EF
:1016D00013B8036800220BB9184670478B4210D12B
:1016E0000B6842B942680360914200D14360002315
:1016F0000B600120704713604368994208BF426045
:10170000F5E71A461B68E6E710B50446006918B10C
:10171000EAF7C0FB0023236110BD10B500F1C80239
:10172000BFF35B8FD0F8C830BFF35B8F7BB1BFF3E3
:101730005B8F591C52E8004F9C4204D142E8001CC8
:10174000BCF1000FF6D1BFF35B8FE7D110BD184697
:10175000FCE710B5837A073B012B044602D8012130
:10176000EDF72AF9A37A2BB120460021BDE81040FD
:10177000EDF722B910BD10B5837A023B0446062B63
:1017800016D8DFE803F009041515150B090041729E
:1017900000212046EDF710F9002010BD0088FFF76A
:1017A0009DFE0028F9D1A37A072BF5D10821F0E797
:1017B0006FF07F00F1E738B5037A8B420446154697
:1017C00015D100F170010722284603F05DFB80B1BE
:1017D000E378072243B904F17E01284603F054FB65
:1017E000B0FA80F0400938BD04F17701F5E7002038
:1017F000F9E70120F7E78378012B0CBF7030002058
:101800007047F8B507460D464FF0FF304FF0FF31F7
:10181000EBF7B8F90646D0B10E210C30FFF7BBFC50
:101820000E220446002103F01CFB3B8823802B88FA
:1018300063806B88A380AB88E380EB88238131468B
:101840000022BDE8F84042F21300EBF7FDBA6FF05A
:101850006800F8BD704710B50446F5F7BFFB234696
:1018600053F8402BD2F8B41061B92164D2F8B81003
:1018700061B9C2E92D33F5F7C5FB2068BDE810401A
:10188000EDF770B88B42F6D00968EDE70B60C2F84F
:10189000B830F0E703682BB141681A6802608B42E8
:1018A00008BF4260704770472DE9F843446B2CB184
:1018B00054F8085905B1083D00270CB9BDE8F88374
:1018C000D4E900682EB3F5F789FBD6F8B43004F1FB
:1018D0004001002263B1994233D1236C4ABBD6F850
:1018E000B820C6F8B430914201D1C6F8B8302764A8
:1018F000F5F788FB04F13009002200234846F4F78D
:101900008FFE064600BBD8F804300BB1204698473E
:101910002760E3680BB120469847D8F820300BB118
:1019200020469847DDB1AB6803B1083B2C461D4605
:10193000C3E71360D6F8B830994208BFC6F8B8209C
:10194000D5E71A461B68C5E7B36923B1F16920687A
:101950006FF06D0298473046EAF79CFACCE72B46C9
:10196000E4E7F8B50F4600210546164600234FF47C
:1019700080320846EDF7BCFD044620B92846EDF755
:1019800083FD2046F8BD04210C30FFF704FC0570F0
:1019900047704680F5E7406B30B1838B8B42A0F1F6
:1019A000080001D08068F7E7704710B54AB989B2DE
:1019B000FFF7F1FF28B143689B6913B1BDE8104000
:1019C000184710BD38B50D460521FFF7E4FF002389
:1019D0001A462946EDF7A6FD044610B12846EAF757
:1019E00059FA204638BD406B30B183898B42A0F153
:1019F000080001D08068F7E7704770470346006829
:101A000028B1596802681A60884208BF5A60704756
:101A10000346002003B970471A8A5B681044F9E74F
:101A200010B5D4682378023113B92170012010BD9C
:101A30008B42FBD0038A023B038200201061F6E751
:101A4000FEF7ACBE2DE9F04104468868FFF7E0FFE1
:101A5000638D628B934228BF134683420D461DD38C
:101A60002165D1F8088000278F60F5F7B7FA414665
:101A70002046EDF753FF064638B1C5F808802765C4
:101A8000F5F7C0FA3046BDE8F081618D638B99426D
:101A900028BF1946284600F03EFEF1E76FF07906B0
:101AA000F0E773B51446014605464FF49572206879
:101AB00000F099FD207530B92068294600F02EFE0F
:101AC00020B908232375002002B070BD237AB3B17A
:101AD000A3F11802534253419B000193638A009380
:101AE000AE68238AE26820682946B047002808DBF0
:101AF000238A98420CD1002323750120E4E70223B6
:101B0000EBE710F1FF0F03D34042C0B22075DAE7D4
:101B10000E20FBE738B504460D46EDF7FFFE30B169
:101B2000294604F15400BDE8384002F084BA38BDBB
:101B3000F8B59368166805460F46144663B95068B1
:101B400001210C30FFF727FBA0602B681B78002BCE
:101B500014BF022301230370A3681B78012B03D059
:101B6000022B1FD000201CE02B681B78002BF9D122
:101B7000606804210C30FFF70EFBE06007802A68E4
:101B8000E36852885A806168728D738B088A9A4222
:101B900094BFC0EB0200C0EB0300042894BF0020F8
:101BA0000120F8BD2B681B78022BDBD16068122165
:101BB0000C30FFF7F0FAE06007802B68E268591CF0
:101BC0000232113351F8040B42F8040B9942F9D157
:101BD0006168728D738B088A9A4294BFC0EB0200D1
:101BE000C0EB03001228D9E770B40668F2695AB353
:101BF000144654F8983903B1983B002211467CB939
:101C0000438D408B8B4201D890421FD9824238BF0E
:101C100002469942306838BF194670BCEFF7EABDFA
:101C2000844207D0658D648BA94238BF2946A24201
:101C300038BF224633B1D3F8985005B1983D1C46C1
:101C40002B46DCE71D46FAE71146D9E770BC704722
:101C5000D0680378043113B90170012070478B42BA
:101C6000FBD091680B8A0020043B0B821061704707
:101C70001FB5CDE90123002300931A46EFF76AF957
:101C800005B05DF804FB0368002203B970478B427E
:101C90000FD10B683AB942680360914200D14360AA
:101CA00000230B60704713604368994208BF42608D
:101CB000F6E71A461B68E8E7BFF35B8F50E8003F82
:101CC00043F0080240E800210029F7D1BFF35B8F01
:101CD000C3F3C00070472DE9F041064690461F4609
:101CE0000D46B9B104220121EDF7E8FE044618B90A
:101CF000BDE8F041EDF7B8BE04210C30FFF74BFA18
:101D00000570A0F80180C77021463046BDE8F0415B
:101D1000FFF700BFBDE8F08137B50C46054601F17D
:101D20000C00FFF778FA228A0192E26800920346DB
:101D3000132212212846EDF719FF03B030BD37B545
:101D40000C46054601F10C00FFF765FA228A019264
:101D5000E26800920022034611462846EDF706FF8E
:101D600003B030BD70B504460E460022002308467D
:101D7000F4F756FC054658B101462046EDF7CEFD76
:101D8000044618B12946304602F060F9204670BD7D
:101D90006FF00104FAE707B5CA6813885288009209
:101DA0000C210D22EEF7E8F803B05DF804FB07B54F
:101DB000CB6800221B8800920A210B22EEF7DCF888
:101DC00003B05DF804FB2DE9F041CB681F88BBB27E
:101DD000162B05461BD90321EDF792FF0646C0B12D
:101DE00002210C30FFF7D7F900244FF0280880F8C3
:101DF0000080447031462846FFF78CFE2846A5F83F
:101E00001A806F85FFF7F0FE2046BDE8F0810420C0
:101E1000FBE70E20F9E72DE9F04F064685B01046A6
:101E200090469946FFF7F4FD738B728D934228BF5D
:101E3000134683428B4675D9736803934046FFF778
:101E40007DF94FF0000A04464046FFF7E1FDE168E6
:101E5000228A658A6369778BCB1AAD1AED1A738D66
:101E60009F4294BFC0EB0700C0EB0300854228BF30
:101E7000054625BB98F80A00E9F764FF0022002315
:101E8000FFF729F9044608B9574627E001464046BE
:101E9000FFF765F94046FFF7BBFDE168228A658AD6
:101EA0006369778DCB1AAD1AED1A738B9F4294BF7D
:101EB000C0EB0700C0EB0300854228BF0546CDF804
:101EC0000090DBF8047003980A44ABB25946B84757
:101ED000071E07DABAF1000F18BF5746384605B09B
:101EE000BDE8F08F0E9BABB9394604F10C00FFF74B
:101EF00052F94046FFF78CFD738D728B934228BFD9
:101F00001346B9448342BA441FFA89F9BCD9AF4297
:101F10009AD0B9E70F9A0E9B394620469847002879
:101F2000E2D1B1E70027D9E72DE9F3411768D7F8E7
:101F3000048000231446137301460646952240464A
:101F400000F051FB0546207330B93146404600F0A1
:101F5000E3FB28B908232373002002B0BDE8F08119
:101F6000A068798D7A8B038A914294BFC3EB0103F9
:101F7000C3EB0203012BEFDD02210C30FFF70BF95D
:101F8000CDE900558046A388A26831463846FFF760
:101F900042FF031E06DA13F1FF0F26BF5B42DBB2DE
:101FA0000E23D8E7A8F800300120D6E72DE9F34149
:101FB0001768D7F8048000231446137301460646B9
:101FC0009522404600F00FFB0546207330B931469C
:101FD000404600F0A1FB28B908232373002002B07B
:101FE000BDE8F081CDE900553146A388A2683846A6
:101FF000FFF711FF002807DA10F1FF0F26BF40425C
:10200000C0B20E202073E9E70120E8E7F8B50546E5
:10201000071F00F1480350F8044CBFF35B8F53E8EF
:10202000001F21F0040143E80012002AF7D1BFF39A
:102030005B8FFCB1EB6C83B9636873B1201DFFF754
:10204000DDFC064601463846FFF7FCFC90B16368AC
:102050003360A368666003B9A66005F15001384695
:10206000FFF780FE30B104F10C013846BDE8F840BE
:10207000FFF778BEF8BD2DE9F041C469074644B1C9
:1020800054F8986906B1983E0022154607F10408F5
:102090000CB9BDE8F081236D9BB905B98AB94046FA
:1020A000FFF7ACFC054658B101462046FFF7CAFCD5
:1020B0000028EED07B682B60BB687D6003B9BD60F3
:1020C000224636B1D6F8983003B1983B34461E46C6
:1020D000DEE73346FAE738B50546BFF35B8F0B689A
:1020E000BFF35B8FDB0716D550F8040C98B1EB6C8F
:1020F0008BB90430FFF782FC044660B10146281F0B
:10210000FFF7A0FC38B155F8043C5A6822609A6881
:102110005C6002B99C6038BDEEF7B0BE08B5EEF762
:1021200091FA40B1C06930B1024652F8983903B112
:10213000983B002002B908BD518B528D8A4228BFBE
:102140000A46904238BF104633B1D3F8981001B117
:1021500098391A460B46EDE71946FAE708B5002309
:102160000A8AC968EEF7D6FB002008BD70B50D4697
:10217000EEF768FA044628B92846E9F78BFE6FF0B7
:102180007F0070BD00F10C062946304601F053FF78
:10219000E469C4B154F8985905B1983D002210463D
:1021A00007E022467DB1D5F8983003B1983B2C4624
:1021B0001D46831C01D1002AF4D131462046FFF789
:1021C000D1FD0028EDD10020DBE738B505460C46EF
:1021D000F4F704FF2846EEF735FA20B9F4F712FFBA
:1021E0006FF07F0038BD0023236083683BB9C0E9EE
:1021F0000144FFF740FFF4F705FF0020F2E71C6001
:102200008460F6E70120704708B5EEF71BFA98B135
:10221000C3698BB1BFF35B8F983B03F14C0252E86B
:10222000000F20F0080042E800010029F7D1BFF3B9
:102230005B8FD3F89830ECE708BD08B50421FFF7B1
:10224000D2FB30B1BFF35B8F806CBFF35B8FC0F309
:10225000C00008BD10600020704710B5029CA36844
:1022600033B1B1F5807F28BF0E21CAB2214698470D
:10227000A37DE268013BDBB2A37522B11BB9204606
:10228000BDE81040104710BD1060918000207047DD
:1022900008B5072202F0F8FDB0FA80F0400908BD49
:1022A00010B50346BFF35B8F53E8000F40EA01020D
:1022B00043E80024002CF7D1BFF35B8F10BD0B68FF
:1022C00003608B8883808B798371704770B50D466E
:1022D000064611F8010BECF71DFF044610B12C89DE
:1022E000ECF714FB6B89A34207D0EB686C8123B138
:1022F00021463046BDE87040184770BD38B5BDF87E
:102300001040A24215460CD84CB16BB1A41A8C42B5
:10231000A8BF0C46A4B22246591902F07BFD204604
:1023200038BD6FF00604FAE76FF00D04F7E730B53B
:1023300085B0C96814461D46EEF70AFC00B1008955
:10234000ADF80E0002230093BDF820200DF10E031E
:1023500029462046FFF7D2FF05B030BD1FB50C4619
:102360001946E3681C781046BDF818203CB11024CB
:102370000133069404B0BDE81040FFF7BFBF5B888F
:10238000ADF80E30022300930DF10E03FFF7B6FFF8
:1023900004B010BD30B585B01D46002314468DF83D
:1023A0000C30EEF7ABFB10B1037A8DF80C30012343
:1023B0000093BDF8202003AB29462046FFF79EFF7F
:1023C00005B030BD08B5EEF7B1FB18B100230360CE
:1023D0004360836008BD70B500F170060546314664
:1023E000007AFFF779F804463146287A1CB1BDE837
:1023F0007040FFF7E7BFEEF799FB10B1046044604F
:10240000846070BD022A10B508D1002300F170016C
:102410001A46007AEEF7C6FB022010BDFFF7DBFF7D
:10242000FAE7F0B507683D7889B006461446E5B985
:102430007B88B3F5245F04D011D8A3F52053032B78
:1024400013D8ADF80A1002220DF10A012046EEF76A
:102450002BFC70B16FF01503C4F85C3106E003F596
:102460005643FF339BB2042B20D90125284609B0DF
:10247000F0BD7B88ADF80A3002220DF10A0120463A
:10248000EEF712FC0028E5D1009003AA7768132329
:102490003146B847021E02DAC4F85C21E6E703A918
:1024A0002046EEF701FC0028DFD0D3E7ADF80A1094
:1024B00002220DF10A012046EEF7F6FB0028C9D1F1
:1024C0007B88ADF80A3002220DF10A01E8E701210C
:1024D0000C30FFF7E5BE38B504461546FFF792FE0F
:1024E00040B12046EEF70AFB20B1037ADB0701D5A5
:1024F000FFF7EDFF35B9207A04F17001EEF716FB16
:1025000000B1856038BD38B5BDF81010BDF8184071
:10251000059DA14210460CD84CB16DB1641A9C4285
:10252000A8BF1C46A4B22246294402F073FC2046F0
:1025300038BD6FF00604FAE76FF00D04F7E713B546
:10254000044610B9002002B010BD00238DF80430FD
:10255000006842F6030301A9ADF80630FEF774FEE9
:102560000028EFD1E36898880028ECD12046EEF7E8
:10257000C1FC013080B2E6E770B5CC6888B008468F
:102580001E46A3798DF80C301546FFF7D8FFADF83D
:102590000D00246823786BB96388ADF80F300523EC
:1025A0000093BDF8302003AB31462846FFF7A6FE66
:1025B00008B070BD631C0DF10F02113453F8041BF9
:1025C00042F8041BA342F9D11323E9E71FB5CDE973
:1025D0000123002300931A46EEF7BCFC05B05DF81A
:1025E00004FBFFF79BBD4B8A12F0010FC3F30E03F0
:1025F00004D013F0950F10D0486870B112F0020F9C
:1026000004D013F4957F0AD0896841B1134013F4C4
:10261000DE7F14BF05200020704702207047032092
:102620007047F8B50F4651684B8A03F0940306468D
:10263000144613BB0122EEF7B1FD08B3A2891B219A
:1026400002323046EEF7F8F80546E0B1A1890C30C9
:102650000231FEF7A0FD20F8027BA289A16802F0FA
:10266000D9FBD4E9041228460123EEF735FA2946AE
:102670003046BDE8F840FFF779BD4FF0FF30F8BDB8
:102680006FF01500FBE76FF00B00F8E72DE9F04164
:1026900005460F46EEF732FA044608B3037ADA0726
:1026A0001ED500F10C08BFF35B8FC668BFF35B8FCC
:1026B00016F0010614D1A7B1BFF35B8F58E8003FB5
:1026C00023F0020248E800210029F7D1BFF35B8F15
:1026D0009B07284608D5FFF797FD2046FFF7F7FE32
:1026E00001263046BDE8F081FFF78CFD0028F8D0C8
:1026F0002846FFF7A2FD0028F3D0BFF35B8F58E810
:10270000003F23F0020348E80032002AF7D1BFF36C
:102710005B8F2846DFE77047012070470120704734
:1027200013B5C068144668B100238DF8043001A9C0
:102730004FF4C053ADF80630FEF786FD10B923689C
:1027400001332360012002B010BD0021F8B54FF025
:10275000FF324FF0FF3305460846ECF7C9FE00F1A3
:102760000C07044601213846FEF715FD05260670C4
:1027700001213846FEF70FFD002306701A46214658
:102780002846ECF7CFFE10B12046E9F783FB002086
:10279000F8BD6FF08500704700207047002070473B
:1027A000F3F770BF0369C9B20C2202FB0133186C46
:1027B00000F00700704770B50346C9B20069EFF337
:1027C0001186402484F31288BFF36F8F0C2505FB1C
:1027D0000104246C14F0C00401D0A24211D105FB05
:1027E000010001220264002086F31188BFF36F8F7D
:1027F00030B95B680C2202FB01335B68984700200C
:1028000070BD4FF0FF30EFE78022FFF7D4BFF8B57F
:10281000069F04690546C9B2EFF3118C402080F38E
:102820001288BFF36F8F0C2606FB0146306C00F058
:10283000070EBEF1010F10D1376400268CF311880A
:10284000BFF36F8F3EB90C2041430C44C4E90E2303
:102850006B685B5898473046F8BD00F0C00087426F
:102860000CBF6FF077064FF0FF36E7E713B5802413
:102870000094FFF7CCFF02B010BD10B40069CBB2DA
:102880001C2404FB0300002110BC10471046F3F782
:10289000F9BE00F0C2BDF1F77DBF4FF4AF607047E5
:1028A000002208B511461046F9F758FE002818BF57
:1028B0006FF0150008BDF7B54FF480630F4616465C
:1028C0000024A64203D816D0162003B0F0BD351B55
:1028D000B5F5806F28BF1D462A4601AB3919002087
:1028E000F9F7CEFE20B9019BAB4201D11C44E8E7C9
:1028F0006FF01500E9E70020E7E7F7B51C4616463C
:10290000002382682360A36053690D4601AA6946CB
:102910009847019B5A1E01921BB96FF0150003B036
:10292000F0BD0098A26847682168676085B9B31A4E
:10293000D0F800C0634528BF63461A4403FB071163
:102940002160A26002689A4206D808300090E0E751
:102950006B1AB3FBF7F3EBE70020E0E71346002226
:10296000FFF7CBBF2DE9F047836886B05B698846E7
:10297000914601A902AA98470024A2462546029B37
:10298000AB4202D806B0BDE8F087019F07EBC50750
:1029900000267B6804933A68B2420AEB060302D829
:1029A00001359A46EBE703940593494603A8C047CF
:1029B0000028E7D0049B01361C44ECE710B50C4618
:1029C00001F07DF80023C4E90003184610BD38B5B6
:1029D00005460C4601F073F8002D07DBA84205D927
:1029E000401B84428CBF0020012038BD0020FCE742
:1029F00070B50D462846194616461C46FFF7E7FFF8
:102A000030B921462846EFF71DFE6FF0150070BD66
:102A100024B122462946304602F0FCF90020F6E7B0
:102A200043685B68D3F810350B600020704743683B
:102A30005B6802EA010021EA0201C3F80805C3F855
:102A40000C150020704743685B680020C3F8081528
:102A5000704743685B680020C3F80C1570474368F3
:102A60005B68D3F8042521EA02001140C3F8080589
:102A7000C3F80C150020704730B50369586800B3DF
:102A80000024884219D108688CB99C685860A1421A
:102A900000D19860002008602AB15A680A609A68DC
:102AA000596002B9996000200FE02846E9E72060EC
:102AB0009868814208BF9C60ECE705680446002DD9
:102AC000F3D1002AE9D16FF0150030BD0020704726
:102AD000F2F756B94FF08043D3F8002402F0010317
:102AE000910748BF43F01003110748BF43F48073B8
:102AF000D10348BF43F08003510348BF43F0200394
:102B0000510748BF43F00203910348BF43F08003DD
:102B1000110348BF43F08003D20248BF43F00803CB
:102B20000360002070474FF080434FF0FF32C3F83E
:102B300000240020704702780B69012A07D0022A7E
:102B400008D052B9DA6403F13C00F3F79BBD6FF093
:102B50000D02F7E76FF00A02F4E76FF00402F1E705
:102B600038B5044605690122114605F12C0001F033
:102B70007BFA012205F13C00002101F075FA2046A4
:102B8000BDE83840F0F7B0B900692C30F3F7AEBDBE
:102B900000692C30F3F776BD13B501AA044600F0A6
:102BA00051F8002805DB019B226819791868F0F7B5
:102BB000E3F902B010BD73B54468A36A1B680DF158
:102BC0000701D3F80855D3F80C65FDF780FE9DF892
:102BD000073013B9A06AF2F7DBFE31462846F3F757
:102BE0001DF99DF80710054629B9E069FFF7D4FFE4
:102BF000A06A01F050F8284602B070BD10B54468D4
:102C00000021E069FFF7C8FFA06ABDE8104001F0AD
:102C100042B810B54468A06AF2F7BAFEE069012133
:102C2000BDE81040FFF7B8BF08B529B1012906D1AA
:102C3000FFF7E4FF002008BDFFF7EBFFFAE76FF0B6
:102C40008500F8E730B543681360057A446804EB03
:102C5000C504A34202D36FF0010030BD5C798C4201
:102C600003F10803F0D10020F7E710B586B0009219
:102C700003930122089B01920493002207238DF8FD
:102C800008208DF814309DF81430826843F0020358
:102C90008DF8143094680B4602226946A04706B0AE
:102CA00010BD1FB500938DF80F1013468188006882
:102CB0000DF10F02FFF7D9FF05B05DF804FB30B549
:102CC00089B0054608468DF8100011460DF1110037
:102CD0001A461C4602F09EF804AA01920134022210
:102CE0002868AB8802948DF80C209DF80C20816830
:102CF00042F002028DF80C208C68012201A9A04745
:102D000009B030BD10B54FF4004C20EAE07400214A
:102D100040F2E7304FF47A720023E4FB0C01DEF757
:102D200025FABDE8104001F085BB70B5466805691D
:102D300030460C46FDF7C4FF40B9337FB3FA83F346
:102D40005B0904EB4304F423A3402B8170BD37B52A
:102D50004568046969462846FDF7FFFF002810DB37
:102D60002B7F002BBDF9003014BF02220422134137
:102D70006380BDF902301341A380BDF904301341D3
:102D8000E38003B030BD0C2910B5044609D004D847
:102D900003290BD96FF085000BE04C29FAD1FFF71E
:102DA000D6FF21696068FDF7C7FF01E0FFF7CFFF9D
:102DB000002010BD10B551F8043C586890F82C3034
:102DC000DA40D3070C460AD54FF400112830F0F74B
:102DD00013FB04F59E60BDE81040F3F753BC10BD33
:102DE000F7B5054600F5A0674FF0FF324FF0FF330F
:102DF0003846F3F77BFCEC68666869463046FDF7B9
:102E000094FF9DF80030DA0705D52269D36913B124
:102E1000116A204698479DF804309B0705D5226922
:102E2000536A13B1916A204698474FF0B86106F192
:102E30002800F0F7E1FAD7E743681B68D3F880046D
:102E4000C3F88004704742681368D3F8100150B18A
:102E5000D269002012780A70C3F81001D3F810214B
:102E600001221A6070474FF0FF307047002A0FDDD3
:102E700042681368D3F8100158B10020C3F810015C
:102E8000D269D3F8100112780A70012018607047D7
:102E90000020704710B543681C680369EFF3118088
:102EA000402282F31288BFF36F8F1A68D17B39B941
:102EB00091731B680122DA734FF48003C4F8043362
:102EC00080F31188BFF36F8F10BD03691A68D17B3F
:102ED00021B1012191731B680022DA7370470269E6
:102EE00011680346C87B40B15B681B68D3F8580182
:102EF00018B100234B6113689889704743681B68B9
:102F0000D3F81001003818BF0120704743681B68D0
:102F1000D3F80423D2065CBF1022C3F80423704701
:102F200043681B68D3F80423D20644BF1022C3F8B9
:102F30000823704743681B684FF40072C3F80423EA
:102F4000704743681B684FF40072C3F8082370474A
:102F500038B543681D68D5F804335B02044605D4D0
:102F6000D5F8040310F0100006D138BDFFF7B7FF05
:102F70000028F5D00120F8E72046BDE83840FFF7EB
:102F8000BDBF012070470369186801601B685A6063
:102F9000704773B543680E460DF107011C6815466E
:102FA000FDF795FC9DF807306BB9C4F84465C4F88B
:102FB0004855C4F82031D4F82021C4F85831D4F849
:102FC00058310123A36002B070BD02680346D2F8F5
:102FD000580140B95B68DB0706D4D2F820010038FD
:102FE00018BF0120704701207047F8B506693368A3
:102FF0009C89BFF35B8F9442A8BF144605461433E7
:10300000012253E8000F002803D143E80027002FD6
:10301000F7D1BFF35B8F0CBF134600231ED133687B
:103020002246986801F0F6FEEFF31187402383F300
:103030001288BFF36F8F6868FFF7C7FF336838B92E
:103040005861044687F31188BFF36F8F2046F8BD9F
:10305000996822462846FFF79CFFF3E71C46F5E7F0
:1030600010B4436802691B68D3F80413C90517D567
:10307000D3F82011A1B1EFF31181402484F3128819
:10308000BFF36F8FD3F8204134B10024C3F820413F
:10309000D3F820410124DC6081F31188BFF36F8FE6
:1030A0001168D3F8584171B17CB100244C611168AA
:1030B000C97B19B94FF48001C3F8081311688C7BE0
:1030C0001CB100238B7310BC7047D3F8241121B1BD
:1030D0000021C3F82411D3F8243112681368002B9F
:1030E000F1D0516810BC184713B501AA0446FFF788
:1030F000A9FD002805DB019B226819791868EFF704
:103100003BFF02B010BD01292DE9F84305460E46EC
:103110001FD1476805693C68F8680021FFF7E4FFA4
:103120000823C4F800353B7A83B9FA69C4F834251A
:10313000C4F83865C4F81031D4F8103126602B6813
:1031400023B11B7C13B11023C4F804330020BDE865
:10315000F883002964D1D0F80480D8F80040D4F86E
:103160004C3123B30269116851B1D4F80433C3F36D
:1031700000130B7413681B7C13B11023C4F80833BD
:1031800001236360D4F84431002BFBD00023C4F842
:103190004C31D4F84C21C4F84431D4F84421C4F85B
:1031A0001031D4F81021C4F82431D4F824316A68DD
:1031B000D2E9006313F0010917D14FF48073C6F808
:1031C00008334FF47A776868FFF7FFFE20B90120D3
:1031D00000F05AF9013FF6D1D6F858312BB9C6F8AC
:1031E0002031D6F820310123F3604FF47A75D6F8F8
:1031F000583123B9012000F047F9013DF7D1B9F169
:10320000000F03D14FF48073C6F804330023C4F8D1
:103210000035D8F80C000121BDE8F843FFF764BF82
:103220006FF0850093E710B50022044601212820A5
:10323000E8F796FA2820E8F763FA2046BDE8104040
:10324000F0F786BA10B50022044601210220E8F703
:1032500087FA0220E8F754FA2046BDE81040F0F75C
:1032600077BA00F150039B009BB203F1804303F552
:10327000883300221A601B68704708B5F0F748FBD6
:1032800008BD10B54FF0FF304FF0FF31F0F7F4FC00
:10329000044628B9D3F778FC044618B1F0F7F4FCDB
:1032A000204610BDF0F7F0FC2046E8F743FFF7E7B3
:1032B00038B50B8A0D463BB101F10C00FDF7A3FFB9
:1032C000012818D0022803D06FF01504204638BD1D
:1032D0004FF0FF304FF0FF31F0F7CEFC04460028EE
:1032E000F4D1E868DEF712F90446F0F7CDFCACB192
:1032F000F0F7D0FCEAE74FF0FF304FF0FF31F0F786
:10330000BBFC04460028E1D1E868F0F7A1FE0446C2
:10331000F0F7BAFC002CD9D1F0F7BCFC2846E8F74E
:10332000B9FD0024D2E7F0F705BE10B532220446FD
:10333000002101F096FD202323708023A3706FF0FD
:103340003F0363710423A3722823A3730223E3734F
:103350000423A3756FF0480363760323A3766FF00D
:103360001F03E3760E232377302384F82030402395
:1033700084F82130012384F82230782384F8233024
:10338000802384F8263010BD08B5F1F71FF900201E
:1033900008BD08B5F5F754F848B1002383F3118848
:1033A000BFF36F8F0423184602DF6FF0040008BDDF
:1033B00008B54FF0FF314FF0FF30F0F75DFCE1F75B
:1033C000E5F8BDE80840F0F75FBC684620F007016B
:1033D0008D4601B5DBF774FABDE8014085467047BC
:1033E000684620F007018D4601B5DBF75DFABDE8C0
:1033F000014085467047684620F007018D4601B5BB
:10340000DCF794F8BDE801408546704708B5E0F761
:103410004EFE002008BDF8F7FFBF7047012802D11B
:103420000020DAF7EBB870477047D9F7E5BE08B56A
:10343000DCF728FB30B1EFF305800338032894BF95
:103440000020012008BD70470020704710B521F012
:1034500040010C29046904D1DCF7E2FB2060002064
:1034600010BD6FF08500FBE74FF08053D3F830219B
:10347000082A03BFD3F83401B0FA80F040090020D5
:10348000704703460020184700F07ABC10B502468A
:103490001168B1B1BFF35B8FB1FA81F3C3F11F00C3
:1034A0000123834021EA030352E8004F8C4204D1F8
:1034B00042E8003CBCF1000FF6D1BFF35B8FE7D1CF
:1034C00010BD6FF00B00FBE710B50368CB40DB07C6
:1034D00014D401238B400268BFF35B8F43EA0201DF
:1034E00050E8004F944204D140E8001CBCF1000FAA
:1034F000F6D1BFF35B8FEED1002010BD6FF0150049
:10350000FBE70001090400F1804012B1C0F8041982
:103510007047C0F80819704770B50C460021054681
:1035200008461646F1F77EFB48B93378DB0003F115
:10353000804303F5F833C3F81055C3F8144570BD44
:10354000F7B5019001A8DDE9084716461D46F1F7D9
:103550007FFB019BB6F1000C18BF4FF0010C00EB94
:1035600083000B1E18BF0123002D43EA4C030CBF40
:103570004FF0000C4FF00C0C002C43EA0C030CBF76
:103580004FF0000C4FF4E06C002F43EA0C03D0F82E
:1035900000270CBF4FF0000C4FF4403C43EA0C03F3
:1035A00022EA030301B109780EB136787600194397
:1035B0000DB12D78AD0031430CB12478240229439C
:1035C0000FB13F783F040C433C43C0F8004703B0C1
:1035D000F0BD1FB50DF10F03019300238DF80F10FF
:1035E00000931A461946FFF7ABFF05B05DF804FBE0
:1035F00010B504460846F1F73BFB04EB4004207D80
:10360000C0F3401010BD10B504460846F1F730FB7A
:1036100004EB4004207DC0F3400010BD10B504460B
:103620000846F1F725FB04EB4004A08A400B10BDCF
:1036300070B5044608461646F1F71AFB08300D46E9
:1036400034F81030DA0509D5C3F3432304EBC30281
:10365000314654F83330526828469847A3682BB156
:10366000E26831462846BDE87040184770BD10B585
:1036700004460846F1F7FCFA04EB4000838ADA05B9
:103680001DD5C3F3432123F4F853838204F11202BE
:1036900004F1720032F8023F13F4807F03D0C3F3C9
:1036A000432399420BD08242F4D104EBC1030022A0
:1036B0005A6004F17800BDE81040FFF705BF10BD67
:1036C000F0B5034600F580740020054601278446C6
:1036D00095420AD1D3F87C2132B10022C3F87C2173
:1036E000D3F87C3140F00040F0BD25F0404607FAA9
:1036F00006F6314209D0D4F800E0BEF1000F04D044
:10370000C4F800C0D4F800E0304301350434DFE7EA
:1037100038B504460D46FFF76BFFA8B12046FFF70A
:1037200072FF88B92046FFF779FF226801238340A2
:10373000C2F80833236803EB8000D0F8103523F07B
:103740000303C0F8103538BD28460021BDE83840D5
:10375000FFF73FBF2DE9F043174685B00446084602
:10376000F1F786FAD7F800800E460546B8F1000F4B
:103770001ED02046FFF747FF18B12046FFF738FF5D
:1037800020BB0023CDE900338DF80E308DF80F30CB
:103790000DF10F0243460DF10E013046FFF7D0FE4A
:1037A00004EB4502938A23F0020343F00103938262
:1037B0007B689BB33146204693F80080D3F8049091
:1037C000FFF721FF28B1B9F1000F1FD06FF01500EE
:1037D00027E004EB4500838A23F4604323F02003B1
:1037E0008382B9F1000F11D0B8F1030FEED87B68D6
:1037F00021685B6893F800C04FEA8C031944B8F164
:10380000000F11D1C1F81085C1F8108504EB4502F5
:10381000938A23F01C0343EA88039382BB6843BB6B
:10382000002005B0BDE8F083D1F8102522F0030296
:10383000C1F8102522681344D3F8102522F44F3222
:1038400022F44072C3F810253202D3F8101502F4A6
:103850007C5242EA08420A43C3F8102504EB4C03A9
:10386000A3F87C60838A43EA4C3343F020038382CD
:10387000CCE7D3E9007831462046FFF7F8FE002F69
:10388000CED063689F4206D004F17800FFF7FEFDBA
:10389000002804DAC5E7A3689845F5D1002004EBB9
:1038A000C003C3E9017804EB4505C0B2AB8A43EA23
:1038B000402343F48073AB82B2E72DE9F043054621
:1038C00085B0084616461F46F1F7D2F90C468046E9
:1038D00026B32846FFF797FE18B92846FFF788FE5B
:1038E00018BB05EB4809B9F8143003F01C0313B1F9
:1038F0007378012B19D001238DF80F300023CDE907
:103900000063721CB31C0DF10F012046FFF718FE77
:10391000B9F8143043F00303A9F81430002F3FD056
:1039200021462846FFF76FFE20B96FF0150005B05D
:10393000BDE8F0833E782B6803EB86030022C3F8D2
:103940001025C3F8102505EB48024FEA860C938A30
:1039500023F4604323F020039382787800B329682E
:10396000BF7861440004D1F8103523F4991323F48F
:10397000F853C1F81035230200F4403003F47C53AF
:1039800003433805D1F8105500F4801003432B434E
:10399000C1F81035938A43EA463343F020039382FB
:1039A0000020C4E7C0E90312704770B5044615460D
:1039B000FFF71EFE48B10846F1F75AF904EB400440
:1039C0000020A38A5B0B2B7070BD6FF01500FBE726
:1039D00038B590F88C4005469CB9602221461430D9
:1039E00001F03FFA2868C0F87C41D0F87C3140F300
:1039F0000730E7F785FE012385F88C30AB6720465A
:103A000038BD6FF07700FBE790F88C00003818BFE6
:103A100001207047F1F766B92DE9F34104461746D6
:103A2000FFF7E6FD0D462668F0B12046FFF7EBFDF7
:103A30008046C8B92046FFF7F1FD820002F5807389
:103A400046F80380F35823681344D3F8102542F056
:103A50000102C3F8102527B1226801238340C2F870
:103A6000043302B0BDE8F081D6F80433002BA4BFC4
:103A70004FF00043C6F804332846F1F7F9F804EB99
:103A80004004A38AC3F38203042B12D0052B12D067
:103A900001A80195F1F7DCF8019BD0F81015D94089
:103AA00001F001010231284602B0BDE8F041FFF704
:103AB00090BD0321F7E70221F5E7FFF729BE4FF09C
:103AC00080531A695869504370474FF08053186902
:103AD00070474FF080535869704710B5A1F5807456
:103AE000A4080123A34018400AD001F1804101F548
:103AF000E041086820B10020086009680AB9012087
:103B000010BD116819431160F9E708B500210120C3
:103B1000F1F7C6FA0028F9D008BD08B50246F1F75A
:103B20005FFA20B9BDE808401046F1F793BB6FF08B
:103B30000F0008BD91F820200346032A29D8DFE8AA
:103B400002F0212519028A68500304D5D3F84C25C8
:103B50000869904207D18A6852031AD4D3F84C25D9
:103B60008969914215D000200622C3F80005C3F8E8
:103B700000257047D3F84C2508699042F3D1D3F85B
:103B80003C25EDE7D3F84C250969EAE7D3F83C2555
:103B9000FAE70120704730B59508403D0124AC405C
:103BA0000C4208D0815831B100218150825813B1A4
:103BB0001A6822431A6030BD13B500230C460193E6
:103BC0004FF4A47201ABFFF7E6FF21464FF4827277
:103BD000FFF7E1FF21464FF49272FFF7DCFF214629
:103BE0004FF4A872FFF7D7FF21464FF4A672FFF7F4
:103BF000D2FF21464FF4B072FFF7CDFF4FF4AE7203
:103C00002146FFF7C8FF019802B010BD10B44FF075
:103C100080528B68D2F83021CC7B082A04D1B3F1D2
:103C2000C86F08BF4FF0C46302682CB9D1E90041E6
:103C3000C2F80845C2F80C15C2F8243543682BB108
:103C4000006810BC40F30730E7F75ABD10BC70475E
:103C500038B50D4690F826100446C9B9C160C0E9D0
:103C6000012380F8291080F8281065B1AB7B80F81B
:103C70002B302846F1F74AFE6B7B84F82A30294620
:103C80002046FFF7C3FF012384F82630002038BD0B
:103C90006FF07700FBE703680622C3F800250223D4
:103CA00080F82630704707B5019001A8F2F7A6F812
:103CB000019A01239340C0F8083503B05DF804FB76
:103CC0000369C26893429CBF81685B18013B981AE4
:103CD00070472DE9F041D0E902840546A8EB0406BF
:103CE0004068964220440F46144404D901F092F8EB
:103CF000EC60BDE8F0813246A4EB080401F08AF8DC
:103D000068682246B919F1E72DE9F843C568064607
:103D1000894617464FF000083369B46870689D42C1
:103D200028BF1B19641BBC4203F1FF3328BF3C466C
:103D30005B1B9C4228BF1C4649462844224601F092
:103D400069F8B3682544AB4208BF00253F1BA04477
:103D5000A144F560E0D14046BDE8F88308B5F2F72C
:103D600095F9002008BDEFF31180402383F31288FA
:103D7000BFF36F8F704780F31188BFF36F8F704769
:103D800008B1E8F7ADB8704710B5436904463BB9D0
:103D90000020E268537843F001035370404210BDA5
:103DA00098470028F4D00028B8BF4042E368FF28B5
:103DB000A8BFFF201870ECE740B1C368587810F036
:103DC00001001EBF1878B0FA80F040097047EFF389
:103DD0001183402383F31288BFF36F8FFEE710B483
:103DE00000F10C04C0E9034410BCFBF797BC38B5E4
:103DF0000446EFF31185402383F31288BFF36F8FDE
:103E0000E4F7F4FD04F10C0000F005FB30B12946A5
:103E100004F11400BDE8384000F0E2BA85F31188DF
:103E2000BFF36F8F38BD10B542696AB1836842EA4B
:103E30000301890708D10169A2FB011424B95B18A9
:103E40002CBF0121002102D36FF0150005E0C160F5
:103E50009B1A02698A4201D8002010BDC2681A600C
:103E60004269C36001319B1AF3E710B5C0E904321F
:103E70000023816083610446FFF7D5FF08B9C4E9D8
:103E8000004410BD2DE9F04105460F46EFF31188BF
:103E9000402383F31288BFF36F8FC668F6B90468B6
:103EA000A0421BD0D4B1D4E9003213605A60237C05
:103EB000A66023F002032374C4E9006604F118002D
:103EC00000F02AFB2046A667676100F02FFA414602
:103ED00005F10800BDE8F04100F082BA3E60AB6930
:103EE000EF60013BAB6188F31188BFF36F8FBDE8D2
:103EF000F08108B54024EFF3118384F31288BFF3F7
:103F00006F8FFDF7ABF8F6E790F90E308B4201D0DA
:103F1000F2F7E4BF0020704703460020C3E9020027
:103F2000C3E900337047D0E9003213605A60027C65
:103F3000002322F00202C0E900330274836070475C
:103F40002DE9F843904604469DF820200D46EFF3F6
:103F50001187402181F31288BFF36F8F02B145684A
:103F6000A66804F10809B14515D0A6B13046FFF79F
:103F7000DAFF002406F1180000F0CEFA3046B467EC
:103F8000C6F8148000F0D2F94846394600F028FA05
:103F90002046BDE8F883A3B10820F3F75DFC0028B4
:103FA00032D00122C0F804800260016801F00301F0
:103FB0005DB922680A430260626820606AB9606085
:103FC0000BE0C8F800304046EFE72A68032A10D813
:103FD0000160616839B9C4E90000002087F31188E5
:103FE000BFF36F8FD5E70A6802F0030202430A604D
:103FF000E5E722F003020A4302602A6802F00302A6
:1040000040EA02032B60E8E76FF00B00E6E710B52B
:10401000044630B10268930703D0446809B100F048
:1040200008FB204610BD0023C0E9003300F108035F
:10403000C0E90233704707B50123009300230A4605
:104040001946FFF77DFF03B05DF804FB07B50023B9
:104050000A4600931946FFF773FF03B05DF804FBAF
:1040600000680021FFF7D3BF3AB18A4205D3C0E907
:104070000212C0E90000002070476FF01500704781
:10408000026801238B4022EA0303036022FA01F055
:1040900000F001007047704710B5032104460C3052
:1040A000FFF7EEFF30B104F1100000F035FAB0FA7E
:1040B00080F0400910BD20B1002211468C3000F084
:1040C000F2B9704770B5C368C3F340069B07044656
:1040D00016D4856802210C30FFF7D2FF80B1D5F8E5
:1040E00084206AB194421DD122689EB9D5F88830E7
:1040F000C5F884209C4201D1C5F8882000232360A4
:10410000E36813F01F001EBF43F00203E36040F0BA
:10411000020070BD3260D5F88820944208BFC5F80F
:104120008860EBE716461268DBE773B50446EFF3E9
:104130001185402383F31288BFF36F8F002301930F
:10414000D0E90423B3F1004F08BF012A05D085F35D
:104150001188BFF36F8F02B070BDA0F1100603216C
:104160000438FFF78DFF0028F1D0A369019301A95E
:104170003046F2F7FBFBEAE738B504460D4610225D
:10418000002100F06EFE656038BD13B50190084651
:10419000EFF31184402383F31288BFF36F8F01A9DB
:1041A000F2F7E4FB84F31188BFF36F8F02B010BD08
:1041B00010B5FFF7EAFF041E08DDEFF3118040237E
:1041C00083F31288BFF36F8FF2F7F4FE204610BD21
:1041D00070B50D46EFF31186402383F31288BFF3C9
:1041E0006F8FF2F715FC044686F31188BFF36F8FCB
:1041F00038B14FF0FF324FF0FF3305F11000F2F706
:1042000075FA204670BD08B5A022002100F029FEF5
:1042100008BD38B5302204460D46002100F021FECD
:104220004FF480736560E36038BD38B50446EFF342
:104230001185402383F31288BFF36F8FFFF72CFFA4
:104240002046FFF73FFF85F31188BFF36F8F38BD1E
:10425000F8B504460D46EFF31187402383F3128827
:10426000BFF36F8FC36803F01F03002B14BF012639
:10427000002609D0FFF710FF2046FFF723FF29464D
:104280002046F2F755FB034687F31188BFF36F8F83
:104290003BB14FF0FF324FF0FF3305F10800F2F76A
:1042A00025FA3046F8BDEFF30580003818BF01202D
:1042B00070476FF05700704700207047D0E9003218
:1042C00013605A600023C0E90033704708B5FFF758
:1042D000F5FF037C23F0020303740023836008BD11
:1042E00038B504460D46F2F755FD237C43F0020332
:1042F0002374D5B1A5602B689D4209D16B68C4E9D0
:1043000000531C606C6010E06A689A42F6D01B682B
:10431000002BF3D093F90E1094F90E209142F3DDA7
:104320005A68C4E9003214605C6038BD10B5EFF320
:104330001184402383F31288BFF36F8FF2F7EAFCF6
:1043400084F31188BFF36F8F10BD08B5EFF31181AF
:10435000402282F31288BFF36F8F83680BB1FFF79F
:10436000B5FF81F31188BFF36F8F08BD08B5037CDB
:1043700013F0280F01460CD183680BB1FFF7A6FF9D
:104380000B7C23F004030B740846BDE80840F2F7E9
:10439000C1BC08BD10B5EFF31184402383F312882C
:1043A000BFF36F8F1838FFF7E1FF84F31188BFF375
:1043B0006F8F10BD08B50346EFF31181402282F3E1
:1043C0001288BFF36F8F0068834207D008B1FFF7F0
:1043D0007DFF81F31188BFF36F8F08BD0020F8E7E0
:1043E0000846F2F70FBD38B504680546AC424FF0F9
:1043F000000000D138BD002CFCD02046FFF766FF3E
:1044000004F1180000F088F82046F2F783FC2C68CD
:104410000120A542EDE710B5EFF31184402383F3AB
:104420001288BFF36F8FFFF7DEFF84F31188BFF3AD
:104430006F8F10BD38B50C460546F2F757FEB4F144
:10444000FF3F08BFB5F1FF3F1FBF47F6FF730022D4
:104450004FF47A71E0FB01321ABFD80B40EA4240B8
:104460004FF0FF3038BD38B50446EFF311854023D7
:1044700083F31288BFF36F8F037C5B070ED5183070
:1044800000F04AF8237C23F0040320462374F2F75B
:1044900041FC2846BDE83840F2F7B4BC85F31188EA
:1044A000BFF36F8F38BD38B5EFF31185402383F329
:1044B0001288BFF36F8F0468A04212D09CB1A1672D
:1044C00062612046FFF702FF04F1180000F024F8B3
:1044D0002046F2F71FFC012085F31188BFF36F8F90
:1044E00038BD0020F8E72046F6E708B50246F2F7A7
:1044F0006FFF70B1D0E904319B1A61EBE272B3F146
:10450000004F72F1000104DA002AACBF1846002007
:1045100008BD6FF00040FBE738B50246EFF31185A8
:10452000402383F31288BFF36F8F0368D3B1F2F790
:104530004FFF04461046F2F75DFF00224FF00043A4
:104540008442C0E9042305D0002085F31188BFF31D
:104550006F8F38BDF2F744FFFFF7C7FF0021EFF779
:104560003BFBF1E7D0E90413B3F1004F08BF012989
:1045700004D100204FF00041C2E904016FF01500A2
:10458000E3E708B5F3F73EF808BDF3F73BB8B3F13E
:10459000FF3F08BFB2F1FF3F70B506461D46144607
:1045A00014D01A4316D0002B08DBF3F72BF80419AC
:1045B00041EB0501C6E90041304670BD6FF00103D3
:1045C0001C1B4FF0FF3363EB0501F3E74FF0FF34A3
:1045D0002146EFE70024FBE7B3F1FF3F08BFB2F14C
:1045E000FF3FF8B5074616461C4610D054EA0203B2
:1045F00011D0F3F707F8B0420A46A14103460AD2A8
:10460000F31A64EB0204C7E900343846F8BD4FF0F2
:10461000FF331C46F7E70023FBE70023C0E908123D
:1046200000F11802C0E90622C0E9003303634363C6
:10463000704720B1011F50F8040CFFF7D8BB70473A
:10464000704700207047704710B5044608B1F3F773
:10465000C9FA2046BDE81040F3F7B4BA0346C06873
:10466000F8B15888E8B11B8803F44F42B2F5824F85
:1046700002D0B2F5884F09D1DBB2272B2AD008D857
:10468000172B0FD0222B34D0122B16D06FF08500B1
:104690007047302B2FD0413B012BF7D8FF2839D161
:1046A00000207047C028FBD0E128F9D0B0F5807F0A
:1046B00014BF6FF086000020704720F02003C02B4D
:1046C000EED020F08003B3F5807FE9D040F20923DB
:1046D0009842EDE7E928E3D0EF28E1D040F21B1340
:1046E0009842DDD040F299139842D9D040F23B2352
:1046F000EEE7E928F1E720F02003C02BD0D020F02E
:104700004003B3F5807FCBD0B0F5C07FC8D0B0F503
:10471000007FCDE7B0F5E07FCAE73AB1002918BFC6
:104720000023D21A2121184400F09BBB70472DE9C9
:10473000F04F89B09B4600238DF81B30159BDDF8A8
:104740005080002B91460B460D460CBF4FF4006283
:104750004FF4806207A9DDE912A7F3F7E5FB0446F1
:10476000D0B9079E0DF11B0231882846F3F758FC9B
:10477000044688B99DF81B30BB421FD8CDE90338E9
:10478000CDE901BACDF80090D6E909122B463046A2
:10479000F3F7D2FF044608B1C8F80070D8F800302B
:1047A0003A4621465046FFF7B8FF0798F3F7AEFFA9
:1047B000002C18BF204609B0BDE8F08F6FF08904C7
:1047C000EAE741F2062398421AD8B0F5905F09D281
:1047D00041F2010398420CD0B0F5885F09D06FF028
:1047E00085007047A0F5905080B26923C340DB0775
:1047F000F5D511F0070F14BF6FF086000020704749
:10480000B0F5105FEBD121F04003802B06D0B1F55D
:10481000807F14BF6FF08600002070470020704733
:1048200070B5446A05460E463CB90120F3F7C4F959
:10483000686228B1AE62204670BD6FF08A00FBE767
:104840006FF08C00F8E7F8B51E460F460388154652
:10485000C2B103F4E043B3F5805F02D0B3F5005F6B
:1048600010D1089BE90019600088FFF7AAFF0446F1
:1048700030B92A463946304600F0CCFA079B1D6015
:104880002046F8BD6FF08504FAE710B50446406A8B
:1048900010B1A16AFFF7D8FE0020C4E9090010BDDD
:1048A00038B50446FFF7F1FF237F012B0FD0023B01
:1048B000012B0FD8236A012B14BF6FF0960500253A
:1048C0002C220021204600F0CCFA284638BD236A6D
:1048D000002BF1E76FF09605F2E710B50368044688
:1048E00043B100F05BF900232360A3886FF3080352
:1048F000A38010BD1846FCE72DE9FF410C46016876
:1049000098460023054616460393002939D14FF4F3
:10491000A872083000F0A5FAB8F1000F204633461F
:104920000CBF4FF400624FF4806203A9F3F7FCFA66
:104930000446B8B9039F2A1D39883046F3F770FB47
:10494000044678B96B7968F300036B71D7E90923E2
:10495000394600962846B8F1000F0FD0F3F728FF2C
:10496000044610B12846FFF7B8FF0398F3F7CEFED0
:10497000002C18BF204604B0BDE8F081F3F750FFCB
:10498000EEE76FF08804EDE70123FFF7B5BF38B518
:104990000368054614464BB132B100F0D6F8044620
:1049A00010B12846FFF799FF204638BD6FF0880404
:1049B000FAE72DE9F0411646026805460F4698468B
:1049C000F2B14279D2071BD50279CAB1B2421AD8E4
:1049D00000F0C9F8044618B10023C8F800602B7134
:1049E00037B1D8F80030324621463846FFF795FEF9
:1049F0002846FFF772FF002C18BF2046BDE8F08163
:104A00006FF08804E8E76FF08904E5E730B58FB010
:104A10000024039405AC029406AD20240194009573
:104A2000FFF785FE044628B9059A139B9A4208D0E1
:104A30006FF0940428462021F3F7D4F820460FB0F5
:104A400030BD1298294600F0CBF804460028F1D07A
:104A5000EEE71C22002100F004BA034668B1017F92
:104A60008A1E012A0BD80329026A03D1012A01D127
:104A7000FFF716BF1AB1013A1A62002070476FF0B3
:104A800096007047C0B2002814BF6FF08500002068
:104A9000704700207047704700221A606FF0860050
:104AA000704710B44468240A02D110BCFFF7CBBE93
:104AB0006FF0860010BC70472DE9F7430446486844
:104AC000DDF82890000A0D4616461F461BD104F15A
:104AD0000808CDF800904046F4F72EF820B90423DA
:104AE000236003B0BDE8F08310F1860FF9D1CDF853
:104AF00000903B46324629464046F3F751FF0028D6
:104B0000EFD11C23ECE76FF08600EAE710B40468ED
:104B1000042C05D01C2C07D06FF0860010BC704709
:104B200010BC0830F4F7C0B810BC0830F3F764BF0D
:104B30000368042B03D01C2B04D0002070470830DE
:104B4000F4F7A0B9083000F050B90368042B04D082
:104B50001C2B05D06FF0860070470830F4F7ECBDD1
:104B6000083000F01DB970B50468042C05D01C2C69
:104B70000FD06FF08605284670BD00F1080420466E
:104B8000F4F75CFE05460028F5D12046F4F7C4FE94
:104B9000F1E7BDE87040083000F00BB90368042B62
:104BA00003D01C2B04D0002070470830F4F7B4BEAB
:104BB000083000F00AB90020704713B5002001AB9F
:104BC0001446F7F75DFD30B9019BA34218BF6FF0A3
:104BD000930002B010BD6FF09200FAE7002070471A
:104BE00070B5044600200346934200D170BDE55CD9
:104BF000CE5C754028430133F6E7024612F8103BBD
:104C000043F3C01303F0870312F8011D83EA410345
:104C1000904213704FEA1323F6D170472DE9FF47F6
:104C200005468846144622B3D0F8486100F59477CB
:104C300086B9A0444FF010090DF10C0A102CA8EB16
:104C4000040237D823463946384600F0D6F8C5F86E
:104C500048410EE0C6F110094A450FD8B91913466C
:104C60000846424600F0C9F8D5F848312344C5F853
:104C700048310026304604B0BDE8F087B9F1000F96
:104C800008D0B91942464B46084600F0B6F8103E27
:104C9000C844344403AB1022019300923B4639468A
:104CA0002846FFF733FF06460028C2D02846FFF704
:104CB0003FFFDFE710233946384600F09EF8CDE984
:104CC000009A3B46102239462846FFF71FFF06464A
:104CD0000028EBD1103CB1E72DE9F0439846D0F81D
:104CE0004831102B174685B00446894600F5947567
:104CF00000F59C721CD12946284600F07EF803ABD3
:104D00001022019300922B4629462046FFF7FEFE13
:104D1000064630B93A462946484600F07BF8C8F8BE
:104D200000702046FFF704FF304605B0BDE8F08371
:104D3000C618104696F8283183F0800386F828318B
:104D4000FFF75BFF10230246D5E7F0B5D5B0044668
:104D50000E46174600214FF4A67201A81D4600F02A
:104D600080F821463B46324601A8F3F791FD044600
:104D700080B95A9A294601A8FFF750FF044648B95E
:104D8000DDE95C235B9901A8FFF7A6FF04462046F6
:104D900055B0F0BD01A8FFF7CBFEF8E7F3F79EBDD5
:104DA00090F84C31022B01D1FFF738BF6FF088002B
:104DB000704710B490F84C41022C02D110BCFFF7A0
:104DC0008BBF6FF0880010BC704710B590F84C3165
:104DD000022B044607D1FFF7ABFE4FF4A872002167
:104DE000204600F03EF8002010BD08B54FF4907248
:104DF000002100F036F8002008BD30B50B4411F852
:104E0000014B12F8015B994284EA050400F8014B5A
:104E1000F5D130BD0A44914200F1FF3300D1704713
:104E200010B511F8014B03F8014F9142F9D110BDB3
:104E3000884210B501EB020402D98442234607D808
:104E4000431EA14207D011F8012B03F8012FF8E708
:104E50000244824200D110BD13F8011D02F8011D69
:104E6000F7E702440346934200D1704703F8011B61
:104E7000F9E70A220021F5F79BBA044608B5F7F7CF
:104E800075F92046E6F714FF10B501390244904247
:104E900001D1002005E0037811F8014FA34201D0B1
:104EA000181B10BD0130F2E7C9B20346184613F8CB
:104EB000012B12B18A42F9D17047002918BF002096
:104EC000704710B56AB10139841810F8012B11F838
:104ED000013F9A4203D1A04201D0002AF5D1D01A55
:104EE00010BD1046FCE710B50139034632B111F888
:104EF000014F03F8014B013A002CF7D11A4400216D
:104F0000934200D110BD03F8011BF9E710B502462A
:104F100001448A42134603D01C780132002CF8D198
:104F2000181A10BD38B511F0FF0403460ED1214602
:104F3000BDE83840FFF7B8BF431C05462146184678
:104F4000FFF7B2FF0028F7D1284638BD0025F5E766
:104F50000A7870B56AB970BD9A4209D10C46054607
:104F600014F8013F002BF6D015F8016F9E42F7D0E0
:104F700001300378002BEFD11846ECE72DE9F84318
:104F8000C3F13709074688465FFA89F903F01F0520
:104F90001646384641462A460023DCF7E7F8D4B2E5
:104FA000092C3A4688BF4C44434688BFE4B2AA4223
:104FB0004FF0000204F13004934106F8014B07461C
:104FC0008846E6D23046BDE8F88310B50C4600F0BE
:104FD000ABFA0028A2BF23680133236010BD00286C
:104FE000A2BF136803F1FF33136000F0D2BA70B5AB
:104FF00005460E4631462846FFF7E7FF041E09DB4B
:10500000202CF7D0A4F10903042BF3D9324629460A
:10501000FFF7E5FF204670BDBDF8001068B111F044
:10502000100F01D00270704711F0080F02D0C0E9D4
:10503000002370474B0701D5026070478B06FBD5F4
:10504000028070472DE9F04387B01C4602AB009305
:105050001746D2E902238146884600F09CF904AB4A
:105060000093D7E9002306460D464846414600F026
:1050700092F9DDE90423901953EB05014FF0000785
:1050800028BF012737B1029B039A013342F1000286
:10509000CDE90232403CDDE90223009400F092F9B0
:1050A00007B0BDE8F0832DE9F041B0FA80F68E1B21
:1050B000002907460C4606F1070645DB0846F6F7C9
:1050C00017FF06442046F6F719FF351B2A1A3D3212
:1050D0002146384600F04FF9B44233DC1F2D61DC25
:1050E0004FF0FF33AB4027EA0303B3FA83F35B09C6
:1050F0001D46B0FA80F3F31A9E33FE2B56DC002BCC
:1051000023EAE371CCBF0B4601239B1BA3F1970459
:1051100020FA04F2963B12F0010220FA03F308D0C1
:105120004FF0FF32A24030EA02023DD1E5B303F076
:105130000102D018C0F3160000B9114440EAC15072
:10514000BDE8F0810123D3E74D422846F6F7D6FEAD
:10515000361A2846F6F7D2FEA6EB040808EB000242
:105160003C322946384600F0F3F8B44213DCB8F17B
:105170001F0F17DC4FF0FF3303FA08F337EA03037E
:1051800010D10521B7FBF1F202EB8204A74204D152
:1051900001331746F6E70023F3E79D428CBF002357
:1051A0000123A5E70023A3E70122C2E74FF0FF4058
:1051B000C6E72DE9F04F89B00518029304AB41EB27
:1051C0000104009390462846D2E90023214600F0CE
:1051D000E2F806AB009307468946D8E90223284641
:1051E000214600F0D8F8DDE90423841851EB0306CA
:1051F000069BD8E900124FF0000528BF0125ED18E5
:10520000079B43F10003791849EB0202B94272EBA4
:105210000902D8E9022134BF01200020A21846EB80
:1052200001018018029A41F10001A042A2F1410A55
:1052300071EB060234BF012200225219CDE9065358
:10524000CDF800A043F1000300F0BCF8129BC3E9C5
:105250000001D8E90221039114990129DDE90653DF
:10526000D8E900E027D10399CDF800A0A21A66EB97
:105270000101774579EB000034BF01200020101AAE
:1052800061F10001844276EB010234BF0122002269
:10529000AA1A63F1000300F095F8139BC3E900011B
:1052A000DDE90623CDF800A02046314600F08AF85B
:1052B00009B0BDE8F08F17EB070B49EB090C14EBB5
:1052C000040846EB0601BB457CEB090934BF012706
:1052D000002718EB070741F10008F3457CEB000CB1
:1052E00034BF01200020381A68F10001801A039AA7
:1052F00061EB02016D195B41A74278EB060234BFF6
:1053000001220022AD1843F10003874278EB010827
:1053100034BF01220022AA1A029DA5F14005009582
:10532000B7E710B50299A3FB0043A2FB00200019C8
:1053300043F100033F29DBBFA1F12002C1F140018D
:1053400040398B40D6BFD04023FA01F0184310BD3E
:1053500030B587B00446084602A91546F6F76AFE3E
:10536000049B00955A1C059B204643F10003FFF760
:10537000D8FF07B030BD30B587B0154604460846A3
:1053800002A9F6F7E3FDDDE9042300952046FFF7C7
:10539000C8FF07B030BDF0B500240D460646944660
:1053A000A0FB02012246E5FB0C12A446E3FB061C0F
:1053B000E5FB032412EB0C02059F44F10004C7E94E
:1053C0000024F0BDF0B5059CC4F14007C4F12006EF
:1053D00002FA06F6A4F12005BB4022FA05F5334394
:1053E000C4F120062B4301FA06F6A4F12005E040A3
:1053F00021FA05F53043BA402843E14010431943F0
:10540000F0BD0246534221F00040134340EAD370FE
:10541000C0F1FF4000F5E000C00F70472DE9F041FA
:105420000446CE0FC1F30A55C1F3130154EA010734
:10543000167140F2FF706AD1002D70D12C462946BA
:10544000002B15605FDB0C2B5FDCC3F10D05AD009D
:10545000012005F1FF3CA5F12107C5F1210620FA45
:1054600006F600FA07F700FA0CF03743061847EB88
:105470000708D6F1000E68EB480C013E48F1FF38F2
:10548000264008EA0108B04277EB08080FDBC5F1B7
:105490002008B5F1200601FA08F824FA05F545EAD6
:1054A00008055CBF41FA06F63543ED0703D5201821
:1054B000044641EB070104EA0E0401EA0C019DF8E1
:1054C000186018460D250532C6F1270604F00F03B3
:1054D000240944EA0174091163B9A8420DDA013DB7
:1054E000F4D21AE01DB90125A5F2FF35A8E741F471
:1054F0008011F9E7092BC8BF9B193033A8425355D7
:10550000B8BF2846EBE70023D9E70D23D7E785424C
:10551000E8D146F0080616710020BDE8F08185420A
:10552000E5D146F00406F6E710B58378DA070446BD
:1055300005D443F00403A3704FF0FF3010BD4FF0CB
:105540000002D4E85F3FC4E8512F0029F9D19BB293
:1055500013B1581EC0B2F1E7A36898470028F9DAE2
:105560000130A37814BF082204221343E3E7026941
:105570000346107810B101321A6170476FF00100D4
:105580007047D1E9043293421EBF5A1C0A61187059
:1055900070478B78DA0702D44FF0FF307047431C16
:1055A000FAD0BFF35B8FC0B2431CD1E85F2F002A53
:1055B00004D1C1E85C3FBCF1000FF6D1BFF35B8FB3
:0C55C000EAD18B7823F008038B70704751
:0855CC0012F0FD7F0100000058
:1055D40029BF030000000000D1BE0300000000004A
:1055E40000000000DC5605005D3D050000000000E1
:1055F400F5630400000000001964040000000000CA
:10560400000000001C57050000000000FC560500C7
:105614002923040000000000DD4504000000000010
:105624000D340500000000001734050000000000E0
:10563400000000005C570500000000003C57050016
:10564400000000009C570500000000007C57050086
:10565400853A0400000000009D9D03000000000046
:10566400E9BC03000000000000000000BC57050076
:10567400C1460400000000000D47040000000000C3
:10568400A56704000000000000000000DC570500CE
:1056940000000000FC570500000000001C58050035
:1056A40025C003000000000089330500000000004D
:1056B4009333050000000000000000005C58050062
:1056C400000000003C580500F9C20300000000007F
:0856D40039AE030000000000E4
:1056DC0049AB0500C06705009C5A0500CE0A0020A6
:1056EC00F84E002091200400000000000000000093
:1056FC0010AC0500E8670500285A0500D60A002002
:10570C00A84F00205D29040000000000240900209F
:10571C001EAC0500FC670500285A0500D80A0020BD
:10572C00B44F00205D290400000000003409002063
:10573C0072AB050000000000085A0500D00A0020DA
:10574C004C4F00204D25040000000000000000001C
:10575C0082AB050000000000D8670500D20A0020CB
:10576C0000000000A128050000000000000000005F
:10577C0084AF050070680500B85A0500DE0A0020E9
:10578C00A409002027320500000000009409002025
:10579C0092AF0500BC680500B85A0500E00A00206D
:1057AC00DC0900204532050000000000CC09002077
:1057BC00EAB005000000000008690500E20A0020BC
:1057CC0020500020693E0400000000000000000092
:1057DC002DAB050000000000FC590500CC0A002090
:1057EC0000000000311A0400000000001409002021
:1057FC00ECAB050000000000105A0500D40A002094
:10580C0000000000692604000000000000000000F9
:10581C00FBAC0500540900204C5A0500DA0A0020A4
:10582C00C04F0020612B050000000000440900203F
:10583C009DAE05003C680500645A0500DC0A00209A
:10584C0080190020F93004000000000084090020B9
:10585C00A7B1050000000000805A0500E40A0020F2
:10586C001851002049340500000000000000000021
:10587C002B340500833405000000000041100500A6
:10588C009C57050061300500C04F0020915C04005E
:10589C000000000041100500000000004110050050
:1058AC00DC070020D12A05006D5704008334050065
:1058BC000000000041100500000000004110050030
:1058CC000000000041100500000000004110050020
:1058DC0000000000411005004C4F0020B9250400C9
:1058EC000000000041100500000000004110050000
:1058FC00000000004110050000000000153B0400F2
:10590C0000000000411005000000000041100500DF
:10591C0000000000411005000000000041100500CF
:10592C0000000000411005000000000041100500BF
:10593C000000000041100500000000004546040076
:10594C00000000004110050000000000411005009F
:10595C00000000004110050000000000411005008F
:10596C00000000004110050000000000411005007F
:10597C00000000004110050000000000411005006F
:10598C00000000004110050000000000411005005F
:10599C00000000004110050000000000411005004F
:1059AC00000000004110050000000000411005003F
:1059BC007C57050061300500000000004110050017
:1059CC00000000004110050000000000411005001F
:1059DC00000000004110050000000000411005000F
:1059EC0000000000411005000000000041100500FF
:0C59FC005D1E04000D1C04005802000099
:085A0800F92404004924040004
:105A1000F1290500BD280400F92704003D260400F3
:085A2000BD2905002D2604003C
:105A2800A9290400212A05002F2A0500472A050074
:105A3800532A05005F2A0500792B0400792A0500FE
:045A4800000000005A
:105A4C003D2E0400000000009D2C0400000000000E
:085A5C0000000000B72B05005B
:105A6400294E03000000000041340400872D050086
:105A740025310400000000000000000000000000C8
:105A840000000000000000004D3405009D490400A2
:085A940000000000000000000A
:105A9C00E9200400092805006D280500000000001D
:0C5AAC00A527050000000000000000001D
:105AB800472E0500B1360400392E0500EB2F0500EE
:105AC8006D2E0500952E0500CB2E0500DF2E050056
:105AD8000D2F0500212F0500DF2E0500FD2E0500E6
:105AE800352F0500432F0500512F0500832F050092
:045AF800872F0500EF
:105AFC0005000000CDF4030006000000ED180400C2
:085B0C00040000001D05040067
:105B140031640300F96303003566030000000000EC
:085B2400000000000000000079
:105B2C00EC66050008000000D063050007000000CB
:085B3C005062050006000000A4
:105B4400A9AE0500030000003AAB05000300000005
:105B5400737B050003000000897805000300000042
:105B6400AEA0050003000000B1A70500030000007B
:105B7400EA9505000300000087A305000300000068
:105B8400F19505000300000014A9050003000000BE
:105B9400059F05000300000055A005000300000058
:105BA40019A505000300000007B10500030000006B
:105BB400F5B005000300000041A905000300000042
:105BC400E18D05000300000064AB05000300000044
:105BD4001D75050003000000BB90050003000000D4
:105BE40006AC05000300000097B1050003000000A7
:105BF400678F050003000000937D0500030000008B
:105C04002CAC05000300000008AD050003000000F3
:105C14008F78050003000000768F05000300000064
:105C24007A8F0500030000001871050003000000CE
:105C3400DC87050003000000157305000300000065
:105C440033B1050003000000629505000300000065
:105C5400C695050003000000CE9505000300000072
:105C640059B1050003000000C474050003000000DE
:105C740095B2050003000000368D05000300000006
:105C840083900500030000004B730500030000002F
:105C9400B290050003000000DD950500030000003C
:105CA4001B8E050003000000B5B1050003000000D1
:105CB400A0AF0500030000008D780500030000007C
:085CC40001710500030000005E
:105CCC0060630500A44700206290050001000000FD
:105CDC00BE7405000000000000000000895A03009B
:085CEC000000000000000000B0
:105D00007C5705009C5705001C580500000000004A
:105D100003000000A0000000F000000000000000F0
:105D2000EC9D0500F19D0500F59D0500F99D050020
:105D3000FD9D0500019E0500059E0500099E0500CC
:105D40000D9E0500119E0500159E0500199E05007B
:105D50001D9E0500219E0500259E0500299E05002B
:105D60002D9E0500319E050001000100000101008B
:105D700000010001000001000100000001000B0013
:105D800002000A00050009000A00080014000700CC
:105D90001E000600320005004B00040064000300F2
:105DA00096000200FA000100F4010000F401FA007C
:105DB000960064004B0032001E0014000A0005002B
:105DC000020001000C0802170D010102090901017E
:105DD00006020918180301010909838385030201DA
:105DE000230202240910040405050B0B040B2B1BD2
:105DF0001B159A9A1C021D16130501490D1505085D
:105E0000061B1B0F01010000FEFEFEFEFEFEFEFE55
:105E1000FEFEFEFEFEFEFEFEFEFEFEFEFE16FEFE8A
:105E2000FEFEFEFEFEFEFEFEFEFE1F1FFE26FEFE28
:105E3000FEFEFEFEFEFEFEFEFEFEFEFEFEFEFEFE82
:105E40003E3EFEFEFEFE3B3BA301B103BF05EF025B
:105E50004906A309C505F50B251200000100000045
:105E600010110040000000000000000000000000D1
:105E7000000000000406080A0C0E10121416181C6C
:105E80001E20222426282A2C2E30323436383A3C42
:105E90003E40424446484A4C4E021A500000000020
:105EA000280000001800000000000000141E000080
:105EB000301100000000000070170000A00F00006B
:105EC0000000DC05E803000000000000141E0000D4
:105ED0003011000000002CA6E0A100003408E80307
:105EE000D8ECF0F4F8FC00020304050607080000F3
:105EF00000000000000000000000000000000000A2
:105F00000000010101010202020203030303040471
:105F10000404050505050606060809000000000042
:105F20000000000000000000000000000000000170
:105F30000101010202020203030303040404040535
:105F400005050506060708090A0B0C0D00100200DE
:105F5000FA00000000000000000000000000000047
:105F60000338FDD870470000010000000000000069
:105F70000500000000000000190000000000000003
:105F80007D00000000000000710200000000000021
:105F9000350C000000000000093D0000000000007A
:105FA0002D31010000000000E1F5050000000000B7
:105FB00065CD1D0000000000F90295000000000002
:105FC000DD0EE90200000000514A8D0E00000000C5
:105FD0009573C24800000000E941CC6B010000004D
:105FE0008D49FD1A07000000C16FF28623000000F2
:105FF000C52EBCA2B1000000D9E9AC2D7803000089
:106000003D9160E45811000031D6E275BC560000A5
:10601000F52E6E4DAEB10100C9EA268367780800FF
:10602000ED95C28F055A2A00A1EDCCCE1BC2D3003C
:1060300025A4000A8BCA2204000000000000000012
:106040000000000000000010000000000000000040
:10605000B9340332B7F4AD1410DB1AB30892540EFE
:106060000D307D951447BA1A66088F4D26ADC66D62
:10607000F598BF85E2B74511CA96853D92BD1DEBE7
:10608000FCA11860DCEF52163C92AE220BB8C1B4F2
:10609000839D2D5B0562DA1C304C7E8F4E8BB25B8C
:1060A00016F4529F8B56A512FBD4827643ED8AF0EC
:1060B0008FE7F9311565191850F19BD94A13EEB4E1
:1060C000284CF0A686C1251F035FC270CB9E4916DF
:1060D000E642889C44EB2014B0650836AD6EA58579
:1060E00085F0CA14E2FD031A0B899979D5B13D09EF
:1060F000D8DA973A35EBCF10AC363F5E73BB38CF6A
:106100003E6752FA44AFBA150100000000000000DB
:106110000000000000000020345065C05FC9A65296
:10612000BB13CBAEC440C21806C8DF7100D5A87C33
:10613000F56F0FDA58FC27136E4756357D2420651E
:1061400002C7E768E48CA41DE9E60268D7CD39618F
:106150007977FCC2405BEF16798CDE43FFA751F9DB
:1061600091F3B278F5BDBE11E857E9D6E8BEE87BF9
:10617000B054AC8F848D751BEA23A499E9F9D38BB5
:10618000B7A3714061DA3E15CEE33ECB73F9480800
:106190008C97B427D51B7010A2BFEFB9EB853215D1
:1061A0004DB44DB49BBB6F1996B6076CF8E7EEADD6
:1061B00036D9B4F59135AE13222218AF4E6A684D28
:1061C00091DAAA3D4F40741E9FBD9EE006A1C09883
:1061D00057C2A7FDA40E90170E7D497173E3208F5F
:1061E000B220D87605143B12853D7434811343B038
:1061F000AD297A5F27F4351CF47205000100000018
:10620000F9720500020000008D780500030000000F
:106210008F780500040000000073050005000000F1
:1062200009730500060000000E730500070000005A
:106230007B740500157305001C73050022730500AF
:106240002C73050038730500437305009B7105002E
:106250004C6C05005D2305000000000020B3050024
:1062600000000100486C05007925050000000000D1
:106270005007002000000100FEB2050000000000F1
:10628000000000000000000000000000446C050059
:106290002F230500CD0C0400380700200000030068
:1062A000406C050079250500000000003007002043
:1062B00000000100DCB2050000000000456603009C
:1062C000000000000000020007100000B80A0020D3
:1062D00001010000C80A0020DC5705000701000486
:1062E00028400707000000000C000000B09A96004C
:1062F000F02B0700B3870500BE870500C5870500A2
:1063000025830500CF8705007C8C0500898C05005E
:106310009C8C05000021002000010000B306050050
:10632000550605000200000063080500000000009B
:106330000000000000000000000000004690050082
:106340004E9005000000000000000000000000006A
:106350009F710500569005005A9005005E9005005B
:106360008DA7030081A70300B1A7030069A703005D
:106370000000000075A70300000000000DA8030046
:10638000AC47002001910020100000000400000034
:10639000000000000000000000600200FC57050043
:1063A000010000000060020000600C00FC570500C6
:1063B0000200000000C00E0000800000FC57050035
:1063C0000300000000400F0000C00000FC57050063
:1063D000786C05005D23050000000000746C05006A
:1063E00000000100706C0500792505000000000028
:1063F0008407002000000100686C0500EB0905001F
:10640000000000000000000000000100646C0500B6
:1064100079250500000000007C0700200000010035
:106420005C6C0500B70905000000000000000000DA
:1064300000000100586C05007925050000000000EF
:106440007407002000000100506C0500CDA9030076
:10645000000000000000000000000100FDAC03008F
:10646000000000000000000000000000890A050094
:10647000000000006D0A050000000000070C050088
:10648000C4070020BC070020B40700200000000063
:10649000AC0700206DAF030061AE0300B5AE030092
:1064A00015AF0300C00400200000000000000B0630
:1064B00002000000B864050000000000B29505006D
:1064C0002600020200000020BA95050022000B11F0
:1064D000CC07002075BD030000000000CB100500B4
:1064E000D4640500F06405004700000000000000CF
:1064F00060E60020D4640500046505002E0000005D
:106500000000000004EB0020D464050018650500BD
:106510000201000000000000D8EB0020359E0500BD
:10652000539E05006E9E05007E9E05008B9E050015
:10653000949E05009B9E0500A29E0500A99E050055
:10654000B19E05008B9E0500B99E0500CB9E0500FF
:10655000E09E0500F39E05000E03000005DA03002F
:106560000F040000D1D903001A0100008DC10300FF
:1065700005040000A5C103001301000005C40300C9
:106580003E0100007DC60300011200005914050001
:106590000A1E000067140500FF010000F1C7030098
:1065A0003E010000D1C7030005040000F1C1030053
:1065B0001001000099C2030001120000ADD10300D8
:1065C0000A1E000015150500030900008DC903000F
:1065D000040B0000B1C30300060A00000DD903003C
:1065E000070A000069C203000C05000035C2030061
:1065F000D4640500006605004700000000000000AC
:10660000F4EC002006A3050013A3050033A3050046
:1066100027A305003EA3050055A3050065A30500BB
:10662000D6A6050079A30500D464050038660500E8
:10663000000000000000000014EE0020D4640500FB
:106640004C66050031000000000000003CEE002018
:1066500055180500A7180500000000000000000004
:1066600000000000D5F7030000000000000000005B
:10667000000000000000000002020100C71D05002C
:1066800004040100DD010400060601001D010400F0
:1066900008040100090004000A020100AF1D050002
:1066A0000C040100971D05000E040100E5FE030027
:1066B0002004010051FE03001004010061FD0300ED
:1066C00012020100191D05001E0004005D210500D5
:1066D000520200003F1D0500D4640500E866050075
:1066E000330000000000000048EF0020A86C050007
:1066F0005D23050000000000A46C050000000100FF
:10670000A06C05007925050000000000F4080020B9
:1067100000000100986C050000000000000000006F
:106720000000000000000000946C05002F2305000D
:10673000CD0C0400FC08002000000300906C050054
:106740007925050000000000EC0800200000010091
:10675000886C050095230500890D040000000000E9
:1067600000000300846C050079250500000000008E
:10677000E4080020000001007C6C0500E910040022
:106780000000000000000000000001000000000008
:1067900000000000000000000000000000000000F9
:1067A0004B27050000000000000000000000000072
:1067B000000000004D2004001D2004000000000027
:1067C000992104001921040058AB05009728050001
:1067D000932805005EAB0500B72805000000000007
:1067E0000400000000FF0000FFFF00000003005055
:1067F000DC0700200000000001000000FFFFFFFF99
:1068000000000050DC070020000000000000000035
:10681000003000401C6805000200000034680500DC
:10682000020000002C680500020100001880000C26
:106830001680000B1800000C1600000BBF2C050082
:10684000A32C0500052D0500506805000000000080
:106850001C5805001900000000000C000200000098
:1068600000000000FC5605000B00000001010000C4
:106870000080024001000000000000009068050058
:106880000050270000000000A9910020A8910020DE
:10689000008002409C68050002000000B46805000A
:1068A00002000000AC680500020100001180000039
:1068B00014800001110000001406000100200040B7
:1068C0000100000000000000DC6805000050270007
:1068D00000000000CB910020CA9100200020004061
:1068E000E8680500020000000069050002000000E1
:1068F000F868050002010000068000000880000121
:106900000600000008060001553D04008332050022
:10691000B132050008000000030000004BB2050082
:1069200059B205006DB205007CB2050088B20500C1
:10693000D4550500DC550500545605005C5605008D
:10694000D4560500DC56050098B205000001000091
:1069500000000000634E050005000002090000026F
:1069600008000002140000001400000000000000F5
:10697000000000001C0000002000000030000000AB
:10698000400000001C00000020000000000000008B
:10699000000000001C00000020000000300000008B
:1069A00040000000000000004000000063747820F8
:1069B00063616E6E6F74206265204E554C4C000012
:1069C0004661696C20746F2061637175697265201E
:1069D0006D757465780A00004661696C20746F20DB
:1069E000696E63726561736520504D20636F756ECB
:1069F0007465720A000000006D757465785F6672D8
:106A000065652063616C6C65642077697468204EED
:106A1000554C4C20706172616D65746572000000A8
:106A200043616E277420696E697469616C697A6567
:106A3000206D757465782C20776173204E554C4C11
:106A40000D0A0000466174616C206572726F7200FD
:106A50004661696C20746F2064656372656173655B
:106A600020504D20636F756E7465720A000000003F
:106A70004661696C20746F2072656C656173652076
:106A80006D757465780A00004661696C20746F202A
:106A90007072657061726520636861636861206B04
:106AA00065790A004661696C20746F206C6F6164BF
:106AB00020636861636861206B65790A00000000EB
:106AC0004661696C20746F20636C65616E20636839
:106AD00061636861206B65790A000000436F756C23
:106AE00064206E6F74206C6F636B20706F776572BB
:106AF0002073617665206D757465780064726167D6
:106B00006F6F6E2F6C6962732F73636865642F7388
:106B100072632F73636865645F68616C5F7274632E
:106B20002E630000000000000000000000000000D4
:106B30000000000000000040955969595555545512
:106B400015555556040515411054554045515544A9
:106B5000404550445055554500400040400444963F
:106B6000655556554540455451411540559155552B
:106B700055554051050100005445545445550504F0
:106B80000010041014044000000001405555154148
:106B90005404000044000100000000404100004493
:106BA00050444550540055555455655100400040DF
:106BB00001000001000501001154515154555505C3
:106BC00000154150000004401001040500000000C1
:106BD000FF8FFFFFFF8FFFFFFE8FFFFFFE8FFFFF87
:106BE000FD8FFFFFFC8FFFFFFC8FFFFF67E6096A49
:106BF00085AE67BB72F36E3C3AF54FA57F520E51DE
:106C00008C68059BABD9831F19CDE05BD89E05C16D
:106C100007D57C3617DD703039590EF7310BC0FFC0
:106C200011155868A78FF964A44FFABE0123456770
:106C300089ABCDEFFEDCBA9876543210F0E1D2C3C6
:106C4000000003280000022900000328000000289B
:106C50000000042A0000042A000003280000012A82
:106C60000000012A000003280000002A0000002A7A
:106C700000000328000000180000002800002A2B54
:106C800000002A2B000003280000292B0000292BDC
:106C900000000328000002290000052A0000052A40
:106CA00000000328000001180000002866616C73D2
:106CB000650074727565007B226C6F636B6564227E
:106CC0003A25737D007B226D67223A25757D007B16
:106CD00022756964223A25757D004D414320E9AA59
:106CE0008CE8BF87E4BA86E4BD86E99481E6B2A168
:106CF000E58AA820E28094E2809420E6A380E69FC3
:106D0000A5E9A9B1E58AA8E794B5E8B7AF00E68F91
:106D100090E5898DE4B88AE68AA5EFBC88E8A2AB45
:106D2000E8AFB7E6B182EFBC8900E6ACA0E58E8B98
:106D3000E7AD89E7BAA7202564EFBC8CE8B7B3E8D4
:106D4000BF87E8BF99E4B880E8BDAEE591A8E69CAE
:106D50009FE4B88AE68AA500E794B5E58E8BE8B78C
:106D60008CE7A0B4E7ACACE4B889E99888E580BCCE
:106D7000EFBC8CE8BF9B2053797374656D204F4640
:106D800046EFBC8CE58FAAE79599E8BF90E58AA805
:106D9000E594A4E9869200E594A4E98692E8849AB1
:106DA000E4B880E79BB4E698AFE9AB98EFBC884CB9
:106DB0004953324457313220E4B8ADE696ADE6B2DD
:106DC000A1E6B885EFBC9FEFBC89E28094E2809495
:106DD00020E585B3E69CBAE5908EE4BC9AE7AB8BE0
:106DE000E588BBE8A2ABE594A4E9869200E6ADA6EF
:106DF000E8A385E8BF90E58AA8E594A4E98692E532
:106E0000A4B1E8B4A52072633D256420E28094E239
:106E10008094202A2AE694BEE5BC83E8BF9B2053D9
:106E2000797374656D204F46462A2A007375737016
:106E3000656E6420257320E5A4B1E8B4A5207263D3
:106E40003D2564EFBC88E5BC95E8849AE4BC9AE7EC
:106E5000BBA7E7BBADE6BC8FE794B5EFBC8900E903
:106E60009D99E6ADA2E8B685E8BF8720256420E5B8
:106E70008886E9929FEFBC8CE585B3E5B9BFE692C1
:106E8000ADEFBC88E4B88DE58FAFE8A2ABE689AB87
:106E9000E68F8FE58F91E78EB0EFBC8900E794B560
:106EA000E793B6E8BDA6E5AE9AE4BD8DE59BBAE4EE
:106EB000BBB620257320E590AFE58AA8EFBC88E833
:106EC000AEBEE5A487202573EFBC8900302E312E9D
:106ED000300062696B6530310063727970746F20C5
:106EE000E5889DE5A78BE58C96E5A4B1E8B4A520DF
:106EF00072633D256420E28094E2809420E5BC80AA
:106F0000E99481E4B88DE58FAFE794A8006E7673BD
:106F1000746F726520E5889DE5A78BE58C96E5A4E6
:106F2000B1E8B4A52072633D256420E28094E2803C
:106F30009420E5AF86E992A5E5928C20636F756E8B
:106F400074657220E697A0E6B395E68C81E4B98576
:106F5000E58C9600756E6C6F636B20E5889DE5A7E8
:106F60008BE58C96E5A4B1E8B4A52072633D256459
:106F700000E99481E5889DE5A78BE58C96E5A4B1B1
:106F8000E8B4A52072633D256420E28094E28094F9
:106F900020E9AA8CE8AF81E8BF98E883BDE8BF8705
:106FA000E4BD86E99481E4B88DE4BC9AE58AA80042
:106FB000424C4520E5889DE5A78BE58C96E5A4B17C
:106FC000E8B4A52072633D256420E28094E28094B9
:106FD00020E58FAAE883BDE794A8E69CBAE6A2B0B4
:106FE000E992A5E58C9900E8BF90E58AA8E6A38020
:106FF000E6B58BE5889DE5A78BE58C96E5A4B1E821
:10700000B4A52072633D256420E28094E280942040
:10701000E58A9FE88097E4BC9AE698BEE89197E4F9
:10702000B88AE58D87EFBC8CE4B894E694B6E4B8F2
:107030008DE588B0E3808CE8BDA6E8A2ABE58AA820
:10704000E4BA86E3808DE79A84E5918AE8ADA600EC
:10705000E794B5E6B1A0E98787E6A0B7E5889DE5A6
:10706000A78BE58C96E5A4B1E8B4A52072633D2515
:107070006420E28094E2809420E6ACA0E58E8BE56B
:10708000859CE5BA95E5A4B1E69588EFBC88C2A7D2
:1070900036EFBC8900474E535320E5889DE5A78B0A
:1070A000E58C96E5A4B1E8B4A52072633D25642083
:1070B000E28094E2809420E58FAAE883BDE99DA058
:1070C000E59FBAE7AB99E5AE9AE4BD8D0075706CAB
:1070D000696E6B20E5889DE5A78BE58C96E5A4B1EC
:1070E000E8B4A52072633D256420E28094E2809498
:1070F00020E4B88AE68AA5E4B88DE58FAFE794A8C6
:107100000075706C696E6B00E5889DE5A78BE58C5A
:1071100096E5AE8CE68890006D61696E007B227406
:10712000223A25752C2271223A25752C2273223A97
:10713000222563222C226C61223A252E36662C22CF
:107140006C6F223A252E3666002C2261223A252EBB
:107150003166002C227370223A252E3166002C22D3
:107160006864223A2564002C226E223A256400E6E7
:107170008AA5E69687E7BC93E586B2E4B88DE8B6C3
:10718000B3EFBC9AE99C80E8A681202564EFBC8C13
:10719000E58FAAE69C8920257A7500626C655F659B
:1071A0007272007B2274223A25752C2271223A25B4
:1071B000752C226677223A222573222C22626F6F69
:1071C00074223A25752C22727374223A2225732276
:1071D0002C226B6964223A25757D007B2274223A49
:1071E00025752C2271223A25752C227570223A259C
:1071F00075002C2276223A252E3166002C226373EC
:1072000071223A2564002C22746D70223A256400A4
:107210007B2274223A25752C2271223A25752C2264
:1072200065223A222573222C2264223A25737D009E
:107230007B2274223A25752C2271223A25752C2244
:1072400065223A222573227D007B2274223A25751D
:107250002C2271223A25752C226964223A22257348
:10726000222C226F6B223A302C226572223A222580
:1072700073227D007B2274223A25752C2271223ADA
:1072800025752C226964223A222573222C226F6BE9
:10729000223A25647D007B226C7774223A25647D36
:1072A00000E4B88BE8A18CE7BCBA206964EFBC8C21
:1072B000E697A0E6B3952061636BEFBC8CE4B8A2BF
:1072C000E5BC83006F700075696400E5AF86E992E4
:1072D000A52062617365363420E8A7A3E7A081E5A5
:1072E000A4B1E8B4A52072633D2564206C656E3DB1
:1072F000257A750070696E67006C6F636174650054
:10730000696E74657276616C00746965720072658D
:10731000626F6F74006D6F74696F6E007374696C67
:107320006C00756E6C6F636B5F6F6B00756E6C6F6E
:10733000636B5F64656E79006C6F636B5F73746120
:107340007465006C6F77626174740070726F746F33
:10735000006562696B652F757365727300E5AF86B2
:10736000E992A5E59D97E995BFE5BAA620257A752E
:10737000EFBC8CE69C9FE69C9B20257A7520E280E2
:1073800094E2809420E5BFBDE795A5EFBC88E6A018
:10739000BCE5BC8FE58F98E4BA86EFBC9FEFBC8953
:1073A00000E5AF86E992A5E59D97E78988E69CAC64
:1073B000202575EFBC8CE69C9FE69C9B20257520C4
:1073C000E28094E2809420E5BFBDE795A5EFBC88FC
:1073D000E58D87E7BAA7E4BA86E6A0BCE5BC8FEFE7
:1073E000BC9FEFBC8900636F756E74657220E89076
:1073F000BDE79B98E5A4B1E8B4A52072633D256480
:10740000006562696B652F71007120E4B88AE795A9
:107410008CE890BDE79B98E5A4B1E8B4A520726321
:107420003D2564006562696B652F6B696400656268
:10743000696B652F6974760073657474696E677320
:107440005F7375627379735F696E697420E5A4B1C7
:10745000E8B4A52072633D25640073657474696E99
:1074600067735F6C6F616420E5A4B1E8B4A5207216
:10747000633D2564006562696B652F626F6F740000
:107480006E7673746F7265EFBC9A7120E4BB8E20C8
:10749000257520E8B5B7EFBC8CE7ACAC202575208E
:1074A000E6ACA1E590AFE58AA8EFBC8CE4B88AE62B
:1074B0008AA5E591A8E69C9F20257520730065624A
:1074C000696B65006E7673746F7265007073615FCF
:1074D00063727970746F5F696E697420E5A4B1E8B6
:1074E000B4A5202564007073615F696D706F72745C
:1074F0005F6B657920E5A4B1E8B4A5202564007030
:1075000073615F67656E65726174655F72616E64F9
:107510006F6D20E5A4B1E8B4A5202564006562691B
:107520006B655F63727970746F00E5AF86E992A551
:10753000E6A7BDE6BBA1E4BA86EFBC88256420E4DB
:10754000B8AAEFBC8900E5AF86E992A5E890BDE74F
:107550009B98E5A4B1E8B4A52072633D256420E2C0
:107560008094E2809420E68E89E794B5E5B0B1E49A
:10757000B8A20054524E4720E58F96E99A8FE69CB8
:10758000BAE5A4B1E8B4A500E68B92E7BB9DEFBCD9
:107590009AE6B2A1E69C89E5BE85E9AA8CE79A84C1
:1075A000206E6F6E6365EFBC88E58FAFE883BDE644
:1075B00098AFE9878DE694BEEFBC8900E68B92E731
:1075C000BB9DEFBC9AE69CAAE79FA5207569643D28
:1075D000257500E68B92E7BB9DEFBC9A4D41432099
:1075E000E4B88DE5AFB9207569643D257500E68B7B
:1075F00092E7BB9DEFBC9A636F756E74657220E66F
:107600009CAAE98092E5A29E207569643D257520BB
:10761000E694B6E588B020257520E5B7B2E69C89EA
:1076200020257500E5BC80E99481207569643D25BD
:107630007520636F756E7465723D2575EFBC88E6C5
:10764000ADA4E5898D202575EFBC8900E8AFBBE5C9
:10765000AF86E992A5E5A4B1E8B4A52072633D2503
:107660006400E8BDBDE585A520257A7520E68A8AF7
:10767000E5AF86E992A5EFBC8C6B69643D2575008A
:10768000E4B880E68A8AE5AF86E992A5E983BDE69B
:10769000B2A1E69C8920E28094E2809420424C458D
:1076A00020E5BC80E99481E4B88DE58FAFE794A82C
:1076B000EFBC8CE58FAAE883BDE794A8E69CBAE608
:1076C000A2B0E992A5E58C9900E5B7B2E696ADE5E2
:1076D000BC8020726561736F6E3D257500707562A8
:1076E0006C69630072616E646F6D007075626C69C5
:1076F000632D69640072616E646F6D2D696400258D
:107700003032583A253032583A253032583A2530FE
:1077100032583A253032583A2530325820282573CD
:107720002900E8BF9EE68EA5E5A4B1E8B4A5202512
:1077300073206572723D257500E5B7B2E8BF9EE61D
:107740008EA5202573EFBC8C4D54553D2575004109
:1077500050445520E5A484E79086E5A4B1E8B4A59B
:1077600020256400E6898BE69CBAE6B2A1E8AEA2C9
:10777000E998852052535020E79A8420434343449C
:10778000EFBC8CE5BA94E7AD94E58F91E4B88DE554
:1077900087BAE58EBB00E59B9EE5BA94E7AD94E51C
:1077A000A4B1E8B4A52072633D256400E696ADE57A
:1077B000BC80E5908EE9878DE590AFE5B9BFE69294
:1077C000ADE5A4B1E8B4A52072633D256400415045
:1077D000445520E585A5E9989FE5A4B1E8B4A52026
:1077E00072633D25640062745F656E61626C652042
:1077F000E5A4B1E8B4A52072633D256400424C4580
:1078000020E5B0B1E7BBAAEFBC88474154542070D3
:1078100065726970686572616CEFBC890062745F43
:107820006C655F6164765F737461727420E5A4B106
:10783000E8B4A52072633D25640062745F6C655FE7
:107840006164765F73746F7020E5A4B1E8B4A5201D
:1078500072633D25640062745F64697361626C6584
:1078600020E5A4B1E8B4A52072633D2564EFBC888F
:10787000726164696F20E58FAFE883BDE8BF98E56A
:10788000BC80E79D80EFBC8900626C655F756E6CA3
:107890006F636B006D6F76696E6700E8BF90E58A75
:1078A000A8E78AB6E6808120E28692202573202808
:1078B0002575206D672900E694B6E588B0E69CAA98
:1078C000E9A284E69C9FE79A84E8A7A6E58F91E762
:1078D000B1BBE59E8B202564EFBC8CE5BFBDE79571
:1078E000A500E99888E580BC202575206D6720E516
:1078F000B08FE4BA8EE4B880E6A0BCEFBC88333128
:107900002E3235206D67EFBC89EFBC8CE4BC9AE564
:10791000AFBCE887B4E68C81E7BBADE8A7A6E58FEE
:107920009100E8AEBEE99888E580BCE5A4B1E8B472
:10793000A52072633D256400E8BF90E58AA8E99818
:1079400088E580BC203D202575206D67EFBC88252B
:10795000642E25303664206D2F73C2B2EFBC8900CF
:107960004C4953324457313220E69CAAE5B0B1E786
:10797000BBAA20E28094E2809420E8BF90E58AA828
:10798000E594A4E98692E4B88DE58FAFE794A8EF7B
:10799000BC8CE58A9FE88097E4BC9AE698BEE891A3
:1079A00097E4B88AE58D8700E68C82204D4F5449D4
:1079B0004F4E20E8A7A6E58F91E5A4B1E8B4A52035
:1079C00072633D2564EFBC88E6A380E69FA5204353
:1079D0004F4E4649475F4C495332445731325F5707
:1079E000414B455550EFBC8900E8BF90E58AA8E6B9
:1079F000A380E6B58BE5B0B1E7BBAAEFBC88E99DF3
:107A000099E6ADA2E588A4E5AE9AEFBC9AE8BDAFD1
:107A1000E4BBB6E8AEA1E697B62025642073EFBCC0
:107A2000890041444320E69CAAE5B0B1E7BBAA0027
:107A30006164635F6368616E6E656C5F73657475C6
:107A40007020E5A4B1E8B4A52072633D256400E58B
:107A50008886E58E8BE997A8E68EA7204750494F88
:107A600020E69CAAE5B0B1E7BBAA00E585B3E588AE
:107A700086E58E8BE997A8E68EA7E5A4B1E8B4A5C4
:107A80002072633D256420E28094E2809420E4BC6F
:107A90009AE68C81E7BBADE5A49AE8809720352E65
:107AA000393620C2B541EFBC81006164635F726505
:107AB000616420E5A4B1E8B4A52072633D256400AB
:107AC00009636F6E76657273696F6E207265737588
:107AD0006C74206973206F7574206F662072616EFC
:107AE00067650A00E794B5E6B1A0E8AFBBE695B0DC
:107AF000202564206D5620E4BD8EE4BA8EE5908882
:107B0000E79086E4B88BE99990202564206D562093
:107B1000E28094E2809420E98787E6A0B7E993BEEB
:107B2000E69C89E997AEE9A298EFBC88E58886E5EE
:107B30008E8BE7BABFE6B2A1E68EA5EFBC9FE997B0
:107B4000A8E68EA7204D4F53EFBC9FE794B5E99868
:107B5000BBE8999AE7848AEFBC9FEFBC89EFBC8CA5
:107B6000E5BD93E8AFBBE5A4B1E8B4A5E5A484E71F
:107B70009086006261747465727900E692A4E9945B
:107B800081E9A9B1E58AA8E4BFA1E58FB7E5A4B171
:107B9000E8B4A52072633D256420E28094E28094DD
:107BA00020E99481E58FAFE883BDE68C81E7BBAD2A
:107BB000E9809AE794B5EFBC8100E58F91E9948163
:107BC000E9A9B1E58AA8E4BFA1E58FB7E5A4B1E8CA
:107BD000B4A52072633D256400E5BC80E99481E989
:107BE000A9B1E58AA8202564206D7300E4B88AE96C
:107BF0009481E5A4B1E8B4A52072633D256400E555
:107C0000BC8000E585B300E99481E4BD8DE7BDAE9D
:107C1000E58F8DE9A688EFBC9A257300E99481E988
:107C2000A9B1E58AA8204750494F20E69CAAE5B0B3
:107C3000B1E7BBAA00E99481E4BD8DE7BDAEE58F55
:107C40008DE9A688204750494F20E69CAAE5B0B1AF
:107C5000E7BBAA20E28094E2809420E697A0E6B3F6
:107C600095E7A1AEE8AEA4E99481E698AFE590A6C9
:107C7000E79C9FE79A84E58AA8E4BA8600E9858DA7
:107C8000E58F8DE9A688E4B8ADE696ADE5A4B1E848
:107C9000B4A52072633D256400E99481E5B0B1E7A5
:107CA000BBAAEFBC8CE5BD93E5898DE78AB6E6807B
:107CB00081EFBC9A25730047474100524D4300E5D0
:107CC000AE9AE4BD8DE8B685E697B6E4BD86E69C3F
:107CD00089E5BCB1E8A7A3EFBC9A257520E9A29776
:107CE000E6989FEFBC8CE7B2BEE5BAA6E7BAA6203D
:107CF0002564206D00E5AE9AE4BD8DE5A4B1E8B43D
:107D0000A5EFBC882575207320E58685E6B2A1E63F
:107D10009C89E69C89E69588E8A7A3EFBC8900E5E5
:107D2000AE9AE4BD8D20252E36662C252E36662093
:107D300020257520E6989F2020C2B12564206D0083
:107D4000474E5353205541525420E69CAAE5B0B10A
:107D5000E7BBAA00474E535320E794B5E6BA90E933
:107D600097A8E68EA7204750494F20E69CAAE5B089
:107D7000B1E7BBAA00474E535320E5B0B1E7BBAA19
:107D8000EFBC88E9BB98E8AEA4E696ADE794B5EF02
:107D9000BC8900676E7373002532752F2532752FED
:107DA0002532752C2532753A2532753A25327525DE
:107DB000336400257320E79A84E697B6E997B4E424
:107DC000B8B2E6B2A1E8A7A3E587BAE69DA5EFBCE5
:107DD00088E6A8A1E7BB84E5A49AE58D8AE8BF9868
:107DE000E6B2A1E8B79FE7BD91E7BB9CE5908CE6C2
:107DF000ADA5EFBC89EFBC9A257300257320E697EB
:107E0000B6E997B4E5B7B2E98787E7BAB3EFBC9AAA
:107E1000556E6978202575006D6F64656D20525828
:107E200020E7BC93E586B2E6BBA1EFBC8CE4B8A228
:107E3000E5AD97E88A8200E8A18CE8B685E8BF87BF
:107E400020256420E5AD97E88A82E8A2ABE4B8A2D9
:107E5000E5BC83EFBC88E5898D20257A7520E5ADEA
:107E600097E88A82EFBC9A252E333273E280A6EF20
:107E7000BC8920E28094E2809420E4B88BE8A18C55
:107E8000E68AA5E69687E8BF87E5A4A7EFBC9F0032
:107E90002B4D5355423A00E4B88BE8A18C20746F07
:107EA00070696320E8BF87E995BF20257A7500E4F3
:107EB000B88BE8A18CE9989FE58897E6BBA1EFBC59
:107EC00088256420E69DA1E5BE85E5A484E790862B
:107ED000EFBC89EFBC8CE4B8A2E5BC8320E28094BF
:107EE000E2809420E69C8DE58AA1E7ABAFE4BC9AE2
:107EF000E9878DE58F9100E4B88BE8A18C2025738C
:107F0000EFBC88256420E5AD97E88A82EFBC89E55F
:107F1000B7B2E585A5E9989F00E4B88BE8A18C206D
:107F20007061796C6F61642048455820E8A7A3E729
:107F3000A081E5A4B1E8B4A520256400E6A8A1E7E6
:107F4000BB84E68AA5E68E89E7BABFEFBC9A2573A3
:107F5000002B4E49545A3A004E49545A2055524328
:107F60000028E7AD89E5BE8529000D0A00E591BD31
:107F7000E4BBA4E5A4B1E8B4A5EFBC9A257320E264
:107F800086922025730041542B53534C4346473D62
:107F9000227365636C6576656C222C302C3100E9A8
:107FA000858D207365636C6576656C20E5A4B1E80A
:107FB000B4A520E28094E2809420E4B88DE883BDEB
:107FC000E59CA8E4B88DE6A0A1E9AA8CE69C8DE525
:107FD0008AA1E7ABAFE8AF81E4B9A6E79A84E6836C
:107FE00085E586B5E4B88BE7BBA7E7BBAD00415498
:107FF0002B53534C4346473D22686F73746E616D3B
:1080000065222C302C223139322E3136382E312E49
:1080100031302200E9858D20686F73746E616D6563
:1080200020E5A4B1E8B4A520E28094E2809420E4A5
:10803000BC9AE5AFBCE887B4E4B88DE6A0A1E9AA94
:108040008CE8AF81E4B9A620434EEFBC8CE68B925E
:10805000E7BB9DE7BBA7E7BBAD0041542B4D434FAA
:108060004E4649473D222573222C222573222C227D
:108070002573222C312C312C222573222C227B5C5F
:10808000226C77745C223A317D22006562696B65EF
:108090002F76312F62696B6530312F6C7774004118
:1080A000542B4D434F4E46494720E5A4B1E8B4A5B3
:1080B0000041542B4D5154544D4F44453D310041E6
:1080C000542B4D5154544D4F44453D3120E5A4B1FE
:1080D000E8B4A520E28094E280942048455820E747
:1080E000BC96E7A081E6B2A1E7949FE69588EFBC35
:1080F0008CE68980E69C89E4B88AE8A18CE983BD96
:10810000E4BC9AE795B8E5BDA2EFBC8CE68B92E79C
:10811000BB9DE7BBA7E7BBAD003139322E31363806
:108120002E312E31300041542B53534C4D49505376
:10813000544152543D222573222C256400434F4E56
:108140004E454354204F4B005443502F544C532022
:10815000E8BF9EE68EA5E5A4B1E8B4A520E2809430
:10816000E2809420E6A380E69FA5E8AF81E4B9A66B
:1081700020434EE38081434120E698AFE590A6E599
:10818000B7B2E58699E8BF9BE6A8A1E7BB84204685
:108190005300434F4E4E41434B204F4B0041542B15
:1081A0004D434F4E4E4543543D312C3630004D51DA
:1081B000545420434F4E4E41434B20E5A4B1E8B404
:1081C000A520E28094E2809420E6A380E69FA5E7C4
:1081D00094A8E688B7E5908DE58FA3E4BBA400657D
:1081E00062696B652F76312F62696B6530312F6460
:1081F0006E2F230041542B4D5355423D22257322AF
:108200002C310053554241434B00E8AEA2E998851A
:10821000E4B88BE8A18CE5A4B1E8B4A520E2809491
:10822000E2809420E694B6E4B88DE588B0E68C87C9
:10823000E4BBA4E5928CE5AF86E992A5E4B88BE5B2
:108240008F91004D51545420E5B7B2E8BF9EE68EA1
:10825000A50041542B53534C4346473D2263616371
:10826000657274222C302C2263612E63727422009A
:10827000E9858D20434120E5A4B1E8B4A520E28042
:1082800094E280942063612E63727420E698AFE5D7
:1082900090A6E5B7B2E794A82041542B4653575215
:1082A00049544520E58699E8BF9BE6A8A1E7BB8431
:1082B000204653EFBC9FEFBC8844455349474E2EA0
:1082C0006D6420C2A7382E3820E79A84E4BAA7E765
:1082D000BABFE58AA8E4BD9CEFBC89006D6F6465F8
:1082E0006D205541525420E69CAAE5B0B1E7BBAAE7
:1082F000005057524B4559204750494F20E69CAA01
:10830000E5B0B1E7BBAA006D6F64656D20E5B0B163
:10831000E7BBAAEFBC88E69CAAE5BC80E69CBAEF66
:10832000BC890041542B4D444953434F4E4E454365
:10833000540041542B434950534855540041542B49
:1083400043504F57443D3100E8BDAFE585B3E69C4F
:10835000BAE5A4B1E8B4A52072633D2564EFBC8CF6
:10836000E694B9E794A8205057524B4559007061E4
:10837000796C6F616420257A7520E8B685E8BF873F
:10838000E4B88AE9999020256400253032580041EC
:10839000542B4D50554245583D222573222C2564BF
:1083A0002C302C257A7500E7AD8920273E2720E662
:1083B0008F90E7A4BAE7ACA6E8B685E697B6004D7D
:1083C000505542455820E8A2ABE68B92EFBC9A2567
:1083D000730053454E44204F4B00E58F91E5B88321
:1083E000E69CAAE7A1AEE8AEA420746F7069633D75
:1083F0002573EFBC88257A7520E5AD97E88A82EF72
:10840000BC890041542B4353510041542B434752E4
:1084100045473F00E7BD91E7BB9CE5B7B2E99984CA
:10842000E79D80002C35003630207320E58685E6F8
:10843000B2A1E99984E79D80E4B88AE7BD91E7BBE2
:108440009C0041542B43434C4B3F0041542B43432E
:108450004C4B3F20E5A4B1E8B4A520E28094E28033
:108460009420E4B88AE8A18CE79A84207420E4BCC4
:108470009AE698AF2030EFBC88E5A591E7BAA62030
:10848000C2A7352E36EFBC8900415400E6A8A1E70B
:10849000BB84E5B7B2E5938DE5BA94EFBC88E7AC51
:1084A000AC20256420E6ACA1E5B09DE8AF95EFBC1B
:1084B0008900415445300041542B4950523D3936D2
:1084C00030303B26570041542B43464752493D31FB
:1084D00000E6A8A1E7BB84E5BC80E69CBAE5908EE7
:1084E000203135207320E58685E697A0E5938DE55C
:1084F000BA940041542B434647524920E5A4B1E8C1
:10850000B4A520E28094E2809420E6A8A1E7BB8491
:10851000E697A0E6B395E4B8BBE58AA8E594A4E99C
:108520008692E4B8BBE68EA70041545E57414B45A6
:1085300055504845583D22343534323442220041AA
:10854000545E57414B45555048455820E4B88DE599
:108550008FAFE794A820E28094E2809420E6AF8F6A
:10856000E69DA12055524320E983BDE4BC9AE594E1
:10857000A4E98692E4B8BBE68EA7EFBC8CE58A9F9F
:10858000E88097E9A284E7AE97E4BC9AE5B4A9EF46
:10859000BC8844455349474E2E6D6420C2A7382EEF
:1085A00037EFBC89EFBC8CE4B894E6B2A1E69C89B5
:1085B000E69BBFE4BBA3E6898BE6AEB500E5BC80D5
:1085C000E5A78BE696ADE7BABFE9878DE8BF9EE9E0
:1085D00098B6E6A2AF00E9878DE8BF9EE68890E5F1
:1085E0008A9FEFBC883120E7BAA7EFBC9A4D51545F
:1085F0005420E4BC9AE8AF9DEFBC89003120E7BA73
:10860000A7E9878DE8BF9EE5A4B1E8B4A5EFBC8CCF
:10861000E58D87E7BAA7E588B02050445020E98768
:108620008DE68BA800E9878DE8BF9EE68890E58AF5
:108630009FEFBC883220E7BAA7EFBC9A5044502085
:10864000E9878DE68BA8EFBC89003220E7BAA7E95D
:10865000878DE8BF9EE5A4B1E8B4A5EFBC8CE58D9D
:1086600087E7BAA7E588B0E6A8A1E7BB84E9878DCC
:10867000E590AF00E9878DE8BF9EE68890E58A9F88
:10868000EFBC883320E7BAA7EFBC9AE6A8A1E7BB06
:1086900084E9878DE590AFEFBC8900E4B889E7BA3B
:1086A000A7E9878DE8BF9EE585A8E983A8E5A4B181
:1086B000E8B4A52072633D256420E28094E28094B2
:1086C00020E694BEE5BC83E69CACE8BDAEEFBC8C76
:1086D000E7AD89E4B88BE4B8AAE4B88AE68AA5E5F0
:1086E00091A8E69C9F002B43495047534D4C4F4364
:1086F0003A0041542B43495047534D4C4F433D3171
:108700002C3100E59FBAE7AB99E5AE9AE4BD8DE563
:10871000A4B1E8B4A520E28094E2809420E58FAF74
:10872000E883BDE6A8A1E7BB84E4B88DE694AFE694
:108730008C81E68896E8A681E4BB98E8B4B9E5BCEC
:1087400080E9809AEFBC88C2A7313120233135EF10
:10875000BC8900E59FBAE7AB99E5AE9AE4BD8DE729
:10876000BB99E4BA86E697A0E69588E59D90E6A0D9
:108770008720252E36662C252E366620E28094E250
:10878000809420E4B8A2E5BC8300E59FBAE7AB99EA
:10879000E5AE9AE4BD8D20252E36662C252E366654
:1087A000EFBC88C2B131303030206D20E4BCB0EF76
:1087B000BC89002B50445020444541435400434C55
:1087C0004F53454400544350204552524F520043AA
:1087D0004F4E4E454354204641494C006D6F6465F1
:1087E0006D00257320E58F91E98081E5A4B1E8B49F
:1087F000A52072633D256420E4B894E4BC9AE8AFF8
:108800009DE5B7B2E696ADEFBC8CE8B5B0E9878DD3
:10881000E8BF9EE998B6E6A2AF00E69CAAE79FA54E
:10882000E4B88BE8A18C20746F706963EFBC9A2563
:108830007300E68BBC2061636B20E5A4B1E8B4A5AE
:10884000202564006562696B652F76312F62696B44
:108850006530312F75702F61636B0061636B20256C
:108860007320E58F91E98081E5A4B1E8B4A5207279
:10887000633D2564EFBC8CE69C8DE58AA1E7ABAF38
:10888000E4BC9AE9878DE58F9100E58786E5A487AA
:10889000E8BF9B2053797374656D204F464600E610
:1088A000ACA0E58E8BE7AD89E7BAA720256420E26E
:1088B0008692202564EFBC882564206D56EFBC8924
:1088C000EFBC9A257300E4BA8BE4BBB6E9989FE548
:1088D0008897E6BBA1EFBC8CE4B8A2E68E89E69C43
:1088E00080E697A7E79A84E4B880E69DA1002F640C
:1088F0006E2F636D6400E4B88BE8A18CE68C87E48E
:10890000BBA4E697A0E6B395E8A7A3E69E90EFBCCC
:108910008CE4B8A2E5BC8300E69CAAE79FA5E68CA0
:1089200087E4BBA4EFBC8CE59B9E2061636B20E5D4
:10893000A4B1E8B4A500756E6B6E6F776E00E8BFEA
:108940009CE7A88BE5BC80E99481E8A2ABE59BBAE3
:10895000E4BBB6E7A681E794A8EFBC88434F4E4638
:1089600049475F4542494B455F414C4C4F575F5229
:10897000454D4F54455F554E4C4F434B3D6EEFBCFC
:10898000890064697361626C656400687700E4B8AB
:108990008AE68AA5E591A8E69C9FE694B9E4B8BA70
:1089A00020256420730072616E676500E58A9FE888
:1089B0008097E6A1A3E58887E68DA2E69CAAE5AEAE
:1089C0009EE78EB0EFBC8844455349474E2E6D64F8
:1089D00020C2A7313120233230EFBC89006E6F7482
:1089E000696D706C00E694B6E588B0E9878DE59016
:1089F000AFE68C87E4BBA4002F646E2F73656372AF
:108A0000657400E5AF86E992A5E4B88BE58F91E641
:108A100097A0E6B395E8A7A3E69E902072633D2554
:108A20006400626164666D740064656C00776970EF
:108A30006500E5AF86E992A520257320E5AE8CE6BA
:108A40008890EFBC887569643D2575206B69643D2D
:108A50002575EFBC8900E5AF86E992A52025732036
:108A6000E5A4B1E8B4A52072633D25640070696E89
:108A700000776474006F666600736F667400E6A822
:108A8000A1E7BB84E8BF9EE68EA5E5A4B1E8B4A546
:108A90002072633D2564EFBC8CE69CACE8BDAEE67D
:108AA00094BEE5BC8300E8AFBBE4B88DE588B0E5D3
:108AB000A48DE4BD8DE58E9FE59BA02072633D25CE
:108AC0006420E28094E2809420E4B88AE68AA520BB
:108AD000706F7200E6B885E5A48DE4BD8DE58E9FCC
:108AE000E59BA0E5A4B1E8B4A520E28094E28094DF
:108AF00020E4B88BE6ACA1E79A842072737420E579
:108B00008FAFE883BDE5B8A6E58E86E58FB2E4BDFC
:108B10008D00E5A48DE4BD8DE58E9FE59BA0203002
:108B2000782530387820E4B88DE59CA8E5A591E754
:108B3000BAA6E79A84E4BA94E580BCE9878CEFBCD6
:108B40008CE4B88AE68AA520706F7200E5A48DE4F3
:108B5000BD8DE58E9FE59BA02030782530387820AC
:108B6000E28692207273743D222573220065626949
:108B70006B652F76312F62696B6530312F75702FE1
:108B800068656C6C6F00474E535320E697A0E8A7CA
:108B9000A3EFBC8CE794A8E59FBAE7AB99E5AE9A42
:108BA000E4BD8DE9998DE7BAA700474E535320E500
:108BB000928CE59FBAE7AB99E5AE9AE4BD8DE98367
:108BC000BDE6B2A1E7BB93E69E9CEFBC8CE69CACF5
:108BD000E8BDAEE4B88DE68AA5E4BD8DE7BDAE0084
:108BE0006562696B652F76312F62696B6530312F55
:108BF00075702F6C6F63006562696B652F76312F1E
:108C000062696B6530312F75702F74656C65007B00
:108C1000226C76223A25642C2276223A252E316661
:108C20007D00E68BBCE4BA8BE4BBB6E5A4B1E8B446
:108C3000A5202564EFBC8CE4B8A2E5BC8300656286
:108C4000696B652F76312F62696B6530312F7570D6
:108C50002F6576656E7400E4BA8BE4BBB6E58F9140
:108C6000E98081E5A4B1E8B4A5EFBC8CE79599E56E
:108C700088B0E4B88BE4B880E8BDAE00E681A2E538
:108C8000A48DE6ADA3E5B8B800E9998DE4BD8EE406
:108C9000B88AE68AA5E9A291E78E8700E5819CE57E
:108CA00091A8E69C9FE4B88AE68AA5EFBC8CE58F84
:108CB000AAE4BF9DE79599E7A6BBE7BABFE5BC80EC
:108CC000E99481006865617020636F7272757074D9
:108CD000696F6E20286E6F7420696E207573653F12
:108CE00029206174202570006865617020636F72AF
:108CF00072757074696F6E20286275666665722081
:108D00006F766572666C6F773F29206174202570DD
:108D1000006865617020636F7272757074696F6E40
:108D20002028646F75626C6520667265653F292036
:108D30006174202570006F735F686561700028752D
:108D40006E7369676E6564292063686172202A20EA
:108D50007573656420666F722025257020617267C7
:108D6000756D656E742E2049742773207265636F6C
:108D70006D6D656E64656420746F2063617374202B
:108D8000697420746F20766F6964202A206265639D
:108D900061757365206974206D61792063617573F5
:108DA00065206D69736265686176696F7220696EAE
:108DB000206365727461696E20636F6E66696775A2
:108DC000726174696F6E732E20537472696E673AA4
:108DD0002225732220617267756D656E743A256471
:108DE0000063627072696E74665F7061636B616765
:108DF00065004661696C656420746F207265626FFE
:108E00006F743A207370696E6E696E6720656E6468
:108E10006C6573736C792E2E2E0A007379735F67FD
:108E200065746F7074004E5653206E6F7420696EB7
:108E3000697469616C697A656400436F756C64205C
:108E40006E6F74206F627461696E20666C61736806
:108E500020706172616D657465727300556E737513
:108E600070706F7274656420777269746520626CCB
:108E70006F636B2073697A6500536563746F72204A
:108E800073697A6520257520746F6F206C61726735
:108E9000652C206D6178696D756D20697320257A68
:108EA0007500556E61626C6520746F206765742073
:108EB0007061676520696E666F00496E76616C69E6
:108EC0006420736563746F722073697A6500436F01
:108ED0006E66696775726174696F6E206572726F14
:108EE00072202D20736563746F7220636F756E74CA
:108EF00000256420536563746F7273206F662025AC
:108F00006420627974657300616C6C6F63207772A2
:108F1000613A2025642C20257800646174612077F3
:108F200072613A2025642C20257800474320446F45
:108F30006E65206D61726B657220666F756E640080
:108F40004E6F20474320446F6E65206D61726B65E4
:108F50007220666F756E643A207265737461727404
:108F6000696E672067630066735F6E7673006C6F6F
:108F70006767696E67006C6F67006C6F675F6D672E
:108F80006D74004D65737361676520282225732217
:108F9000292064726F707065642062656361757307
:108FA0006520697420657863656564732073697AE8
:108FB00065206C696D69746174696F6E2028257510
:108FC00029004D6573736167652064726F70706509
:108FD00064206265636175736520697420657863D8
:108FE000656564732073697A65206C696D69746165
:108FF00074696F6E2028257529001B5B306D002574
:109000007320005B2530386C755D20005B253032A5
:10901000753A253032753A253032752E2530337544
:109020002C253033755D20003C25733E20002573D0
:109030002F0025733A200025303278200020202090
:10904000007C002563001B5B313B33316D001B5BF3
:10905000313B33336D0077726E00696E6600646277
:1090600067006C6F675F6261636B656E645F7274EB
:1090700074006163746976650073757370656E64FE
:10908000656400706D5F646576696365007365741F
:109090002D76616C7565206661696C7572652E2030
:1090A0006B65793A202573206572726F722825648A
:1090B000290073657474696E677300666C61736808
:1090C000002A2A2A20426F6F74696E67206E52460A
:1090D00020436F6E6E6563742053444B2076332EAD
:1090E000342E302D39393535333035353630376219
:1090F000202A2A2A0A002A2A2A205573696E672004
:109100005A6570687972204F532076342E342E3091
:109110002D626638303165346533643139202A2A4E
:109120002A0A006D757465785F696E6974206361E1
:109130006C6C65642077697468204E554C4C2070C7
:109140006172616D6574657200436F756C64206E49
:109150006F7420616C6C6F63617465206D757465EC
:1091600078206265666F726520696E697469616CEA
:10917000697A696E670072302F61313A2020307849
:1091800025303878202072312F61323A2020307813
:1091900025303878202072322F61333A2020307801
:1091A000253038780072332F61343A20203078250A
:1091B000303878207231322F69703A20203078258B
:1091C000303878207231342F6C723A202030782574
:1091D0003038780020787073723A2020307825304B
:1091E0003878004661756C74696E6720696E7374B7
:1091F00072756374696F6E20616464726573732045
:10920000287231352F7063293A203078253038782C
:1092100000556E68616E646C6564204952516E3A07
:10922000202564002A2A2A2A2A205553414745200E
:109230004641554C54202A2A2A2A2A0020204469D3
:10924000766973696F6E206279207A65726F00208B
:1092500020556E616C69676E6564206D656D6F7217
:1092600079206163636573730020204E6F20636F04
:1092700070726F636573736F7220696E7374727549
:109280006374696F6E73002020496C6C6567616C54
:10929000206C6F6164206F66204558435F524554CF
:1092A00055524E20696E746F205043002020496C47
:1092B0006C6567616C20757365206F6620746865E6
:1092C0002045505352002020417474656D70742005
:1092D000746F206578656375746520756E64656666
:1092E000696E656420696E737472756374696F6EFC
:1092F000002A2A2A2A2A20425553204641554C54F6
:10930000202A2A2A2A2A002020537461636B696E5E
:1093100067206572726F72002020556E73746163EE
:109320006B696E67206572726F72002020507265E3
:10933000636973652064617461206275732065726E
:10934000726F72002020424641522041646472656F
:1093500073733A2030782578002020496D7072654B
:10936000636973652064617461206275732065723E
:10937000726F72002020496E737472756374696F26
:109380006E20627573206572726F72002020466CC9
:109390006F6174696E672D706F696E74206C617A8D
:1093A000792073746174652070726573657276617B
:1093B00074696F6E206572726F72002A2A2A2A2AD7
:1093C000204D5055204641554C54202A2A2A2A2AFD
:1093D000002020537461636B696E67206572726F41
:1093E000722028636F6E74657874206172656120E5
:1093F0006D69676874206265206E6F742076616C99
:1094000069642900202044617461204163636573AD
:10941000732056696F6C6174696F6E0020204D4D2A
:1094200046415220416464726573733A2030782556
:1094300078002020496E737472756374696F6E20B2
:109440004163636573732056696F6C6174696F6EF5
:109450000052657365727665642045786365707443
:10946000696F6E20280053707572696F757320697B
:109470006E746572727570742028495251200053C1
:109480005053454C20696E20746872656164206D8C
:109490006F646520646F6573206E6F7420696E64FD
:1094A000696361746520505350002A2A2A2A2A20B1
:1094B00048415244204641554C54202A2A2A2A2AFF
:1094C000002020427573206661756C74206F6E20D9
:1094D000766563746F72207461626C652072656179
:1094E000640020204465627567206576656E7400AF
:1094F00020204661756C7420657363616C617469CA
:109500006F6E20287365652062656C6F7729004156
:109510005243485F4558434550542077697468204A
:10952000726561736F6E2025780A002A2A2A2A2A1A
:10953000204465627567206D6F6E69746F72206577
:109540007863657074696F6E202A2A2A2A2A002A95
:109550002A2A2A2A20257320256429202A2A2A2A11
:109560002A006D7075004661696C656420746F2017
:10957000616C6C6F63617465206E6577204D50552A
:1095800020726567696F6E2025750A0050617274DC
:109590006974696F6E2025753A20636F686572651E
:1095A0006E636520636865636B206661696C6564E2
:1095B0002E00464C4153485F30005352414D5F30BE
:1095C0000065786974006E65745F627566006E652B
:1095D000745F6275665F73696D706C6500736F634D
:1095E000004254204C572057510062745F627566E8
:1095F0000062745F6461746100446174612062752B
:1096000066666572206F766572666C6F7720286C6F
:10961000696E6B2074797065203078253032782936
:1096200000556E61626C6520746F206C6F6F6B20EB
:10963000757020636F6E6E20776974682068616E44
:10964000646C6520257500556E61626C6520746FD1
:10965000206C6F6F6B757020636F6E6E20666F721B
:109660002068616E646C65202575004861726477BE
:10967000617265206572726F722C20686172647706
:1096800061726520636F64653A20256400436F75DD
:109690006C64206E6F74207375626D6974207278CB
:1096A0005F776F726B3A20256400556E61626C655E
:1096B00020746F20616C6C6F6361746520627566E5
:1096C00066657200556E68616E646C6564206576CF
:1096D000656E7420307825303278206C656E2025D8
:1096E000753A20257300657674206E756D5F68612C
:1096F0006E646C657320283D25752920746F6F207A
:109700006C617267652028257A75203E20257529B1
:10971000004E6F20636F6E6E656374696F6E2066B6
:109720006F722068616E646C6520257500706163DE
:109730006B65747320636F756E74206D69736D61F2
:1097400074636800546F6F20736D616C6C20282502
:109750007520627974657329206576656E74203092
:10976000782530327800496E76616C696420484310
:1097700049206576656E742073697A6520282575A1
:109780002900496E76616C6964204C45206D6574D2
:1097900061206576656E742073697A652028257569
:1097A0002900574553545F544F504449522F7A650E
:1097B000706879722F7375627379732F626C756537
:1097C000746F6F74682F686F73742F6863695F6359
:1097D0006F72652E63006576745F666C61677320D7
:1097E00026202831554C203C3C2028302929004196
:1097F0005353455254494F4E204641494C205B2516
:10980000735D20402025733A25640A00496E766115
:109810006C69642062756620747970652025750016
:10982000496E76616C6964204843492041434C206D
:109830007061636B65742073697A652028257529CA
:109840000041434C2064617461206C656E677468EC
:10985000206D69736D617463682028257520213D32
:109860002025752900556E61626C6520746F206635
:10987000696E6420636F6E6E20666F722068616E21
:10988000646C652025750062745F6863695F657646
:10989000745F6765745F666C616773286864722DB6
:1098A0003E657674292026202831554C203C3C20EA
:1098B0002831292900556E6B6E6F776E20627566B0
:1098C000207479706520257500556E68616E646C32
:1098D00065642076656E646F722D7370656369666A
:1098E0006963206576656E74203078253032782083
:1098F0006C656E2025753A202573004E6F20636FCE
:109900006D6D616E642073656E7420666F72206386
:109910006D6420636F6D706C6574652030782530E0
:109920003478004F70436F64652030782530347888
:1099300020636F6D706C6574656420696E73746507
:109940006164206F6620657870656374656420309B
:10995000782530347800696E74657276616C2065A4
:10996000786365656473207468652076616C6964EA
:109970002072616E6765202575207573006C6174B7
:10998000656E6379206578636565647320746865C6
:109990002076616C69642072616E6765203078257D
:1099A00030347800737570765F74696D656F7574A7
:1099B0002065786365656473207468652076616CE2
:1099C00069642072616E67652030782530347800D4
:1099D0004E6F2070656E64696E6720706572697085
:1099E000686572616C20636F6E6E656374696F6E1B
:1099F00000556E6578706563746564207374617476
:109A0000757320307825303278202573005B305D07
:109A100000484349207472616E73706F72743A200B
:109A2000257300534443004964656E746974792555
:109A3000733A202573004964656E746974795B25F7
:109A4000645D3A202573004843493A207665727375
:109A5000696F6E20257320283078253032782920D0
:109A60007265766973696F6E203078253034782C92
:109A7000206D616E756661637475726572203078F1
:109A800025303478004C4D503A2076657273696FFA
:109A90006E20257320283078253032782920737580
:109AA000627665722030782530347800556E6162B8
:109AB0006C6520746F2073656E6420746F2064720F
:109AC00069766572202865727220256429006572A6
:109AD00072203D3D20300009436F6E74726F6C6CD4
:109AE000657220756E726573706F6E736976652C22
:109AF00020636F6D6D616E64206F70636F646520AD
:109B00003078253034782074696D656F75742077EE
:109B1000697468206572722025640A006F70636F33
:109B200064652030782530347820737461747573DF
:109B300020307825303278202573004661696C65C5
:109B40006420746F207265616420444C45206D610F
:109B5000782064617461206C656E0074785F6F6357
:109B600074657473206578636565647320746865D3
:109B70002076616C69642072616E676520257500CE
:109B800074785F74696D65206578636565647320BA
:109B90007468652076616C69642072616E67652007
:109BA0002575004E6F2070656E64696E6720636F67
:109BB0006E6E20666F722070656572202573004698
:109BC00061696C656420746F2072657365742042EE
:109BD0004C4520636F6E74726F6C6C657200484305
:109BE000492064726976657220636C6F73652066C4
:109BF00061696C65642028256429004E6F6E2D4CC8
:109C0000452063617061626C6520636F6E74726F72
:109C10006C6C657220646574656374656421004EC4
:109C2000756D206F6620436F6E74726F6C6C657219
:109C300027732041434C207061636B65747320214E
:109C40003D2041434C2062745F636F6E6E5F747899
:109C500020636F6E74657874732028257520213D0C
:109C6000202575290041434C2042522F4544522063
:109C700062756666657273206E6F7420696E6974B2
:109C800069616C697A65640056656E646F7220481C
:109C9000434920657874656E73696F6E73206E6FCB
:109CA0007420617661696C61626C65004857205070
:109CB0006C6174666F726D3A2025732028307825A8
:109CC000303478290048572056617269616E743AC1
:109CD0002025732028307825303478290046697291
:109CE0006D776172653A20257320283078253032EF
:109CF00078292056657273696F6E2025752E25753B
:109D0000204275696C64202575004661696C656444
:109D100020746F207265616420737570706F727447
:109D200065642076656E646F7220636F6D6D616E21
:109D30006473004661696C656420746F20726561AC
:109D40006420737570706F727465642076656E64DC
:109D50006F722066656174757265730048434920AF
:109D6000647269766572206973206E6F7420726503
:109D700061647900425420525820575100484349A9
:109D800020647269766572206F70656E2066616905
:109D90006C6564202825642900556E6578706563BC
:109DA00074656420484F53545F4E554D5F434F4D8B
:109DB000504C455445445F5041434B4554532C202F
:109DC0007374617475732030782530327820257370
:109DD00000556E636C65617265642070656E6469C0
:109DE0006E672073656E745F636D6400312E306240
:109DF00000312E3100312E3200322E3000322E3121
:109E000000332E3000342E3000342E3100342E3208
:109E100000352E3000352E3100352E3200352E33F0
:109E200000352E3400362E3000362E3100362E32DC
:109E300000362E33005374616E6461726420426C8C
:109E40007565746F6F746820636F6E74726F6C6C7D
:109E500065720056656E646F722073706563696623
:109E6000696320636F6E74726F6C6C657200466913
:109E7000726D77617265206C6F6164657200526506
:109E80007363756520696D616765007265736572DE
:109E9000766564006E5246353178006E5246353232
:109EA00078006E5246353378006E52463534487825
:109EB000006E524635344C7800496E74656C204310
:109EC0006F72706F726174696F6E004E6F72646949
:109ED000632053656D69636F6E647563746F7200A0
:109EE0004E58502053656D69636F6E647563746F6F
:109EF000727300457370726573736966205379736A
:109F000074656D730062745F6863695F636F726527
:109F100000636D6420646973616C6C6F77656400C5
:109F20004F6E6C792072616E646F6D207374617412
:109F30006963206964656E74697479206164647210
:109F400065737320737570706F7274656400496E09
:109F500076616C696420696E7075742070617261DD
:109F60006D6574657273004661696C656420746F19
:109F70002072656164207075626C6963206164643D
:109F80007265737300526561642053746174696310
:109F90002041646472657373657320636F6D6D61D6
:109FA0006E64206E6F7420617661696C61626C65AD
:109FB000004661696C656420746F2072656164207D
:109FC000737461746963206164647265737365732B
:109FD000004E6F20737461746963206164647265FC
:109FE000737365732073746F72656420696E206388
:109FF0006F6E74726F6C6C65720043616E277420B3
:10A0000073657420626F7468204944454E54495406
:10A01000592026204E52504100556E61626C6520D9
:10A02000746F20736574206964656E746974792037
:10A030006164647265737300556E61626C6520744F
:10A040006F207365742072616E646F6D206164644B
:10A05000726573730062745F696400546F6F20628D
:10A060006967206164766572746973696E672064DC
:10A07000617461004661696C656420746F2073745B
:10A0800061727420616476657274697365720046EA
:10A0900061696C656420746F2073746F70206164F3
:10A0A000766572746973696E673A2025640062741C
:10A0B0005F616476004661696C6564207265616405
:10A0C0002072656D6F746520666561747572657365
:10A0D00020282564290050485920307825303278CE
:10A0E000206E6F7420737570706F727465640046B3
:10A0F00061696C656420746F207365742064617499
:10A1000061206C656E202825642900556E65787085
:10A110006563746564206669727374204C324341D0
:10A1200050206672616D6500556E65787065637468
:10A130006564204C3243415020636F6E74696E75C4
:10A140006174696F6E004E6F7420656E6F7567681D
:10A150002062756666657220737061636520666F44
:10A1600072204C32434150206461746100556E6529
:10A17000787065637465642041434C20666C616748
:10A18000732028307825303278290041434C206CE8
:10A19000656E206D69736D61746368202825752074
:10A1A0003E202575290028756E6B6E6F776E29002D
:10A1B0006E6F207472616E736974696F6E2025739F
:10A1C00000496E76616C69642028257529206F6CC2
:10A1D0006420737461746500636F6E6E2025702057
:10A1E0006661696C656420746F2065737461626C6C
:10A1F0006973682E205246206E6F6973653F006E4A
:10A200006F2076616C69642028257529207374613C
:10A210007465207761732073657400696E636F6D78
:10A2200070617469626C652068616E646C6520257C
:10A23000750054696D656F7574206469736361722C
:10A240006465642E204E6F20626C6F636B696E676D
:10A2500020696E2073797377712E00466174616C8A
:10A26000206572726F7220282564292E204469733C
:10A27000636F6E6E656374696E6720257000466F4C
:10A28000756E642076616C696420636F6E6E6563C1
:10A2900074696F6E202825702920776974682061A1
:10A2A00064647265737320257320696E20257320A2
:10A2B0007374617465200053656E64204C45207092
:10A2C0006172616D20757064617465206661696C8E
:10A2D00065642028657272202564290053656E64C8
:10A2E000206175746F204C4520706172616D20751E
:10A2F0007064617465206661696C656420286572AC
:10A30000722025642900646973636F6E6E656374DF
:10A31000656400646973636F6E6E6563742D636F4B
:10A320006D706C657465007363616E2D6265666F38
:10A3300072652D696E6974696174696E6700696E12
:10A340006974696174696E672D66696C7465722DD4
:10A350006C697374006164762D636F6E6E656374EF
:10A3600061626C65006164762D6469722D636F6E45
:10A370006E65637461626C6500646973636F6E6EB1
:10A38000656374696E670062745F636F6E6E00551B
:10A390006E61626C6520746F20616C6C6F636174B8
:10A3A000652062756666657220666F72206F702028
:10A3B000307825303278004E6F20617661696C61AB
:10A3C000626C65204C3243415020636F6E74657837
:10A3D0007420666F7220636F6E6E20257000457862
:10A3E00070656374696E6720757020746F202564D2
:10A3F00020726566732C20676F7420256400616C81
:10A400007265616479206861766520766965772078
:10A410006F6E202570004C32434150206C656E6792
:10A420007468206D69736D617463682028257520D8
:10A43000213D2025752900496E76616C696420698B
:10A4400064656E742076616C756520696E204C328F
:10A450004341502050445500496E76616C69642038
:10A460004C4520636F6E6E20706172616D20727357
:10A47000702073697A652028257520213D20257A72
:10A4800075290052656A656374696E6720756E6B25
:10A490006E6F776E204C32434150205044552063FC
:10A4A0006F64652030782530327800546F6F2073E8
:10A4B0006D616C6C204C32434150207369676E6152
:10A4C0006C696E672050445500546F6F20736D6146
:10A4D0006C6C204C324341502050445520726563CF
:10A4E00065697665640049676E6F72696E6720649E
:10A4F00061746120666F7220756E6B6E6F776E206F
:10A500006368616E6E656C20494420307825303474
:10A510007800636F6E6669670062745F6C326361B6
:10A520007000415454206368616E6E656C206E6FDC
:10A530007420636F6E6E6563746564004572726F3C
:10A5400072207369676E696E67206461746100527E
:10A55000616E206F7574206F662054582062756696
:10A5600066657273206F7220636F6E7465787473A2
:10A570002E004661696C656420746F207375626D8E
:10A580006974206174745F74785F64657374726F4A
:10A59000795F776F726B3A20256400556E61626C4B
:10A5A0006520746F20637265617465206572722026
:10A5B0007273702050445500415454204D5455201E
:10A5C00065786365656465642C206D617820257508
:10A5D0002C2077616E74656420257A7500556E6154
:10A5E000626C6520746F206372656174652072739C
:10A5F000702050445500546F6F20736D616C6C2057
:10A6000041545420504455207265636569766564F1
:10A6100000556E68616E646C65642041545420631B
:10A620006F64652030782530327800496E76616C31
:10A630006964206C656E20257520666F7220636FDB
:10A6400064652030782530327800556E61626C6523
:10A6500020746F2063726561746520555549443AD2
:10A660002073697A6520257500556E61626C6520DE
:10A67000746F2063726561746520555549443A20B2
:10A6800073697A65202564004E6F20617661696C7C
:10A6900061626C652041545420636F6E74657874F8
:10A6A00020666F7220636F6E6E202570004E6F20E3
:10A6B000617661696C61626C652041545420636805
:10A6C000616E6E656C20666F7220636F6E6E202502
:10A6D00070004E6F7420636F6E6E65637465640006
:10A6E000556E61626C6520746F2066696E642041EE
:10A6F0005454206368616E6E656C00476F7420650A
:10A7000072722025642C206E6F742063616C6C69FA
:10A710006E6720415454206362004661696C656431
:10A7200020746F2072652D7375626D6974202573B6
:10A730003A202564004E6F20415454206368616EB6
:10A740006E656C20666F72204D545520257A750019
:10A750004E6F2070656E64696E672041545420729C
:10A7600065717565737400446973636F6E6E6563BC
:10A7700074696E67206661696C6564202865727211
:10A7800020256429004154542054696D656F757407
:10A7900020666F72206465766963652025732E20BC
:10A7A000446973636F6E6E656374696E672E2E2ED7
:10A7B0000062745F61747400756E61626C65207410
:10A7C0006F20736176652053433A206E6F20636675
:10A7D00067206C65667400434D4143207570646169
:10A7E0007465206661696C6564202564004E6F2085
:10A7F000737061636520746F2073746F726520439A
:10A80000434320636667004E6F2073706163652069
:10A81000746F2073746F726520436C69656E742069
:10A82000537570706F7274656420466561747572DB
:10A83000657300556E61626C6520746F20696D7080
:10A840006F727420746865206B657920666F722062
:10A8500041455320434D414320256400434D41432E
:10A86000206F7065726174696F6E20696E69742003
:10A870006661696C656420256400434D4143206630
:10A88000696E697368206661696C6564202564007F
:10A8900052656164206D6574686F64206E6F74200A
:10A8A000736574004661696C656420746F2072651D
:10A8B000616420617474726962757465202570200A
:10A8C0002865727220257A642900496E76616C6968
:10A8D000642072656164206C656E6774683A202537
:10A8E0007A6400434343202570206E6F7420777292
:10A8F000697461626C6500534320726573746F7292
:10A900006520696E6469636174696F6E2066616950
:10A910006C65640062745F67617474004E6F2061DF
:10A920007661696C61626C6520534D5020636F6E77
:10A930007465787420666F7220636F6E6E20257068
:10A940000062745F736D700043616E6E6F7420738C
:10A95000746172742073616D706C696E673A202542
:10A9600064004661696C656420746F20696E697467
:10A9700069616C697A65206465766963653A20254A
:10A9800073004661696C656420746F207365742080
:10A990006275666665723A20256400496E76616C60
:10A9A00069642073656C656374696F6E206F6620DF
:10A9B0006368616E6E656C73004368616E6E656C92
:10A9C000202575206E6F7420636F6E6669677572DF
:10A9D0006564004E6F206368616E6E656C20636F06
:10A9E0006E666967757265640041444320726573E1
:10A9F0006F6C7574696F6E2076616C756520256467
:10AA0000206973206E6F742076616C6964004F76E4
:10AA1000657273616D706C696E6720697320737500
:10AA200070706F7274656420666F722073696E67F0
:10AA30006C65206368616E6E656C206F6E6C79006A
:10AA40004F76657273616D706C696E672076616CAC
:10AA50007565202564206973206E6F742076616CA3
:10AA600069640050726F7669646564206275666619
:10AA7000657220697320746F6F20736D616C6C2038
:10AA80002825752F25752900496E76616C6964202B
:10AA90006368616E6E656C2049443A2025640053FA
:10AAA000656C656374656420414443206761696E29
:10AAB000206973206E6F742076616C696400536541
:10AAC0006C656374656420414443207265666572F9
:10AAD000656E6365206973206E6F742076616C69A2
:10AAE000640053656C656374656420414443206170
:10AAF00063717569736974696F6E2074696D65201F
:10AB00006973206E6F742076616C69640043616EB6
:10AB10006E6F7420636F6E66696775726520636817
:10AB2000616E6E656C2025643A2025640061646363
:10AB3000403430303037303030006164635F6E72E3
:10AB400066785F736161646300636C6F636B40344C
:10AB500030303030303030006866636C6B006C66CB
:10AB6000636C6B00636C6F636B5F636F6E74726FAB
:10AB70006C0072616E646F6D403430303064303020
:10AB8000300063727970746F40353030326130302C
:10AB90003000696E76616C6964206164647265730B
:10ABA000733A2030782530386C783A257A750075FC
:10ABB0006E616C69676E656420616464726573734D
:10ABC0003A2030782530386C783A257A75006E6FE7
:10ABD0007420776F72642D616C69676E65643A20CA
:10ABE00030782530386C783A257A7500666C617358
:10ABF000682D636F6E74726F6C6C657240343030A8
:10AC0000316530303000666C6173685F6E7266006B
:10AC10006770696F403530303030333030006770E6
:10AC2000696F403530303030303030006932630089
:10AC30004E65656420746F207573652074686520A7
:10AC4000696E7465726E616C2064726976657220DB
:10AC5000627566666572206275742069747320730C
:10AC6000697A6520697320696E73756666696369C0
:10AC7000656E7420282575202B202575203E202503
:10AC800075292E2041646A75737420746865207A72
:10AC900065706879722C636F6E6361742D6275667E
:10ACA0002D73697A65206F72207A65706879722CCD
:10ACB000666C6173682D6275662D6D61782D7369A0
:10ACC0007A652070726F7065727479202874686577
:10ACD000206F6E652077697468206772656174659E
:10ACE000722076616C75652920696E207468652014
:10ACF00022257322206E6F64652E00693263403412
:10AD000030303033303030006932635F6E726678D5
:10AD10005F7477696D00756E737570706F727465AE
:10AD20006420737065656400547279696E6720747D
:10AD30006F207472616E73666572206D6F7265202C
:10AD40007468616E20746865206D6178696D756DD9
:10AD50002073697A6520666F722074686973206455
:10AD600065766963653A202564203E2025640042AB
:10AD70007573206E6F7420726561647920666F72DE
:10AD800020646576696365202573004F4452207402
:10AD90006F6F2068696768004E6F742061626C6530
:10ADA00020746F2072656164206465762069640098
:10ADB000496E76616C69642063686970204944005B
:10ADC0004E6F742061626C6520746F20736574200F
:10ADD000424455004661696C656420746F20636F5E
:10ADE0006E666967757265206C6F775F6E6F6973E9
:10ADF00065006F647220696E6974206572726F728B
:10AE00002025640072616E676520696E6974206533
:10AE100072726F72202564004661696C65642074EB
:10AE20006F20696E697469616C697A6520696E74F6
:10AE300065727275707473006869676820706173F9
:10AE400073207265666572656E6365206D6F6465FB
:10AE500020636F6E666967206572726F7220256469
:10AE60000066696C746572207061746820636F6E2F
:10AE7000666967206572726F722025640077616B66
:10AE8000657570206475726174696F6E20636F6E92
:10AE9000666967206572726F72202564006C697341
:10AEA0003264773132403139004C495332445731A2
:10AEB0003200747269676765725F736574206973C5
:10AEC000206E6F7420737570706F727465640055B6
:10AED0006E737570706F727465642073656E736FD6
:10AEE0007220747269676765720025733A20646521
:10AEF00076696365202573206973206E6F742072F4
:10AF0000656164790025733A20696E742D70696EED
:10AF1000206973206F6E20494E54256400436F757D
:10AF20006C64206E6F7420636F6E666967757265FE
:10AF3000206770696F0025733A20696E74206F6E08
:10AF40002025732E2530327500647264795F707528
:10AF50006C73656420636F6E666967206572726FDB
:10AF600072202564004661696C656420746F2061FD
:10AF70006C6C6F6361746520505049204368616E4A
:10AF80006E656C0075617274403430303238303028
:10AF900030007561727440343030303230303000FF
:10AFA000756172745F6E7266785F75617274650048
:10AFB000536F667444657669636520436F6E74727F
:10AFC0006F6C6C6572204153534552543A2025737F
:10AFD0002C20256400536F66744465766963652090
:10AFE000436F6E74726F6C6C6572206275696C640D
:10AFF000207265766973696F6E3A2000456E7472CF
:10B000006F707920736F757263652064657669630C
:10B0100065206E6F74207265616479004661696CA9
:10B02000656420746F20726567697374657220723D
:10B03000616E6420736F7572636520282564290032
:10B04000416C6C6F6361746564206D656D6F7279BE
:10B0500020746F6F206C6F773A20257A75203C2022
:10B060002575004576656E7420627566666572208A
:10B07000746F6F20736D616C6C2E20257A75203E85
:10B0800020257500556E6578706563746564206D64
:10B0900073675F747970653A2025752E205468694E
:10B0A000732069662D656C7365206E656564732019
:10B0B00061206E6577206272616E636800556E6B09
:10B0C0006E6F776E206572726F72207768656E2082
:10B0D00070726F63657373696E6720686369206D52
:10B0E0006573736167652025640062745F686369D6
:10B0F0005F7364630062745F7364635F6863695F56
:10B100006472697665720062745F7364635F637210
:10B110007970746F004D50534C2041535345525435
:10B120003A2025732C202564004D50534C20576F36
:10B13000726B006D70736C5F696E697400556E732D
:10B140007570706F72746564204846434C4B20657F
:10B1500076656E743A202564006E7266785F636C63
:10B160006F636B5F6D70736C006D70736C5F74698F
:10B170006D65736C6F745F73657373696F6E5F6F0A
:10B1800070656E206661696C65643A2025640074A0
:10B19000696D656F757400666C6173685F73796E55
:10B1A000635F6D70736C0074656D70403430303067
:10B1B000633030300074656D705F6E7266355F6D40
:10B1C00070736C005465726D696E616C0048616CDF
:10B1D00074696E672073797374656D00556E6B6E5C
:10B1E0006F776E206572726F72003E3E3E205A4548
:10B1F0005048595220464154414C204552524F52DA
:10B200002025643A202573206F6E20435055202559
:10B2100064004661756C7420647572696E6720699C
:10B220006E746572727570742068616E646C696E9C
:10B23000670A0043757272656E7420746872656186
:10B24000643A202570202825732900435055206535
:10B250007863657074696F6E00556E68616E646CBA
:10B26000656420696E7465727275707400537461E0
:10B27000636B206F766572666C6F77004B65726EDC
:10B28000656C206F6F7073004B65726E656C20701B
:10B29000616E6963006F7300737973776F726B719E
:10B2A000006E616E00286E756C6C29006364696EB7
:10B2B0006F70737578585B616566674145464700F6
:10B2C000C8DA3098F9F034A44B6EBAD30819CC0C14
:10B2D000EA51DA4700F04542494B45010202007A43
:10B2E0002D53927E82144317A7BA27132C02020013
:10B2F0007A2D53927E82144317A7BA27132C020388
:10B30000007A2D53927E82144317A7BA27132C027A
:10B3100003007A2D53927E82144317A7BA27132C69
:10B320000201007A2D53927E82144317A7BA271385
:10B330002C7F7F7F7F7F7F7F7F7F7F7F7F7F7F7F70
:10B340007F7F7F7F7F7F7F7F7F7F7F7F7F7F7F7F0D
:10B350007F7F7F7F7F7F7F7F7F7F7F7F3E7F7F7F3E
:10B360003F3435363738393A3B3C3D7F7F7F407F2D
:10B370007F7F000102030405060708090A0B0C0D74
:10B380000E0F101112131415161718197F7F7F7FD7
:10B390007F7F1A1B1C1D1E1F2021222324252627E8
:10B3A00028292A2B2C2D2E2F303132337F7F7F7F7F
:10B3B0007F206D657373616765732064726F707051
:10B3C0006564202D2D2D0D0A1B5B306D001B5B313C
:10B3D0003B33316D2D2D2D200000010103010003B1
:10B3E0000100FFFFFFFFFFFF00000000000000FF63
:10B3F000FFFFFFFFFF000000000000303132333458
:10B4000035363738396162636465660000000000D4
:10B4100000001000800000805F9B34FB01040002EC
:10B420000000000200000000000000050000000015
:10B430000000000000000000000000056174745F5F
:10B4400074785F64657374726F795F776F726B5F26
:10B4500068616E646C65720000070E091C1B121592
:10B46000383F363124232A2D060105010401070245
:10B4700003010502020103020504010101020103A7
:10B48000010401060108010C01100118012001400E
:10B4900001800001020304050607001001110212D9
:10B4A00003130414051506160717080808080808EA
:10B4B00008081818181818181818282828282828CC
:10B4C00028283838383838383838484848484848BC
:10B4D000484858585858585858580020303030303C
:10B4E0003030303030303030303000010900000072
:10B4F0000D010203040506070800000000000054C7
:10B500005452205245474745530010141400001C64
:10B510002030401C2000001C2030400040616E00A4
:10B520006E66696E69747900616E006E66696E6937
:04B53000747900002A
:10B53C00FFFFFFFFFF1F00001F00000000000000C6
:10B54C001D40000000000000FFFFFFFF1FFF000078
:10B55C00BAABBABA10101010000000000080004006
:10B56C0000000000000000000C00000000000000C3
:10B57C0000FF7F0000000000F3210300000000002A
:10B58C002722030000000000858402000000000058
:10B59C004722030000000000052203000000000009
:10B5AC0050CE0200FF000000280103000100000043
:10B5BC00000000000000000000000000000000007F
:10B5CC00000000000000000000000000000000006F
:10B5DC00000000000000000000000000000000005F
:10B5EC00000000000000000000000000000000004F
:10B5FC00000000000000000000000000000000003F
:10B60C00000000000000000000000000000000002E
:10B61C00000000000000000000000000000000001E
:10B62C00000000000000000000000000000000000E
:10B63C0000000000000000000000000000000000FE
:10B64C0000000000000000000000000000000000EE
:10B65C0000000000000000000000000000000000DE
:10B66C0000000000000000000000000000000000CE
:10B67C00000000000000000025D8030000000000BE
:10B68C0000000000000000000000000000000000AE
:10B69C00000000000000000000000000000000009E
:10B6AC00000000000000000000000000000000008E
:10B6BC00000000000000000000000000000000007E
:10B6CC00000000000000000000000000000000006E
:10B6DC00000000000000000000000000000000005E
:10B6EC00000000000000000000000000000000004E
:10B6FC00000000000000000000000000BC57050026
:10B70C0000000000940600209406002000000000B9
:10B71C0001000000A4060020A40600200000000088
:10B72C00010000000000000000000000000000000C
:10B73C0000000000000000000000000000000000FD
:10B74C0000000000000000000000000000000000ED
:10B75C0000000000000000000000000000000000DD
:10B76C0000000000000000000000000000000000CD
:10B77C0000000000000000000000000000000000BD
:10B78C0000000000000000000000000000000000AD
:10B79C00000000000000000000000000000000009D
:10B7AC00EDB20500000008000000000000000000E1
:10B7BC0000000000E963030000000000000000002E
:10B7CC000FB3050000001000000000005BF3040044
:10B7DC0000000000000000003BF8040075060500A6
:10B7EC0090630500546C050000000200606C0500BD
:10B7FC00000002006C6C050000000200F00B002041
:10B80C003A000000DC0B00203A000000A00B0020E6
:10B81C003A0000008C0B00203A000000C80B0020FE
:10B82C003A000000040C00203A000000780B0020C5
:10B83C003A0000002C0C00203A0000000000000030
:10B84C00C110050000000000000000000060004076
:10B85C0000000000000000000000000000000000DC
:10B86C0000000000000000000000000000000000CC
:10B87C0000000000000000000000000000000000BC
:10B88C0000000000000000000000000000000000AC
:10B89C00000000000000000000000000000000009C
:10B8AC00000000000000000000000000000000008C
:10B8BC00000000000000000000000000000000007C
:10B8CC00000000000000000000000000000000006C
:10B8DC00000000000000000000000000000000005C
:10B8EC0081DA0300000000000000000000000000EE
:10B8FC009DC60300000000000000000000000000D6
:10B90C007DEB0300000000000000000000000000C0
:10B91C00A5E6030000000000000000007DFA030013
:10B92C008D09040000000000000000000000000071
:10B93C0039FC03000D200500D72005005DFA03003B
:10B94C000000000000000000910604000000000050
:10B95C0000000000806C0500000002008C6C0500EB
:10B96C0000000A009C6C0500000020000000000094
:10B97C00000000000000000000000000052405008D
:10B98C000000000080000000000000009D27050062
:10B99C00000000000000000000000000CD2A05009F
:10B9AC00000000000000000000000000CD2A05008F
:10B9BC00000000008001000000000000292C0500A0
:10B9CC0000000000000000000000000000009801D2
:10B9DC0000000101372B0500100000007D2C040035
:10B9EC001068050098910020FFFF00000000000087
:10B9FC0000000000000000000000000035320400D0
:10BA0C0000000000000000000000000007310500ED
:10BA1C0000000000B409002000000000000000003D
:10BA2C00000000000000000000000000AA910020AF
:10BA3C0020000000000000000000000000000000DA
:10BA4C00000000000731050000000000EC09002098
:10BA5C0000000000000000000000000000000000DA
:10BA6C0000000000CC91002020000000000000002D
:10BA7C00000000000090D003FF00000090020000C6
:10BA8C00100A0020100A0020474605004346050016
:10BA9C00000000005DC404007C0A0020740A002031
:10BAAC006C0A002000000000640A0020B5C90400E4
:10BABC0001C9040035C904007DC90400540A0020E2
:10BACC005C0A0020D05500203A00003AD4550020E2
:10BADC003A00003AD85500203A00003ADC550020D4
:10BAEC003A00003AE05500203A00003AE4550020B4
:10BAFC003A00003A35030000CB0000005100000072
:10BB0C001C560020FC5500204C0A0020500A002036
:10BB1C00A80A0020380A0020300A00202C0A002035
:10BB2C00280A00200800030001007A2D53927E821F
:09BB3C00144317A7BA27132C06C5
:10BB450000000000000000000000000000000000F0
:0FBB5500000000000000000000000000000000E1
:10BB640000000000000000000000000000000000D1
:10BB740000000000000000000000000000000000C1
:10BB840000000000000000000000000000000000B1
:08BB94000000000000000000A9
:04BB9C0000000000A5
:10BBA000240B0020240B00205CF00020000000008B
:10BBB000010000002400000000000000400B0020F5
:10BBC000400B0020C0E50020000000000100000044
:10BBD000A0000000000000005C0B00205C0B0020B7
:10BBE00080F00020000000000300000010000000B2
:04BBF0000000000051
:10BBF400780B0020780B00200000000000000000FB
:10BC04000E0000008C0B00208C0B002000000000B4
:10BC1400000000000E000000A00B0020A00B00207C
:10BC240000000000000000000E000000B40B002023
:10BC3400B40B002000000000000000000E00000013
:10BC4400C80B0020C80B002000000000000000000A
:10BC54000E000000DC0B0020DC0B002000000000C4
:10BC6400000000000E000000F00B0020F00B00208C
:10BC740000000000000000000E000000040C002082
:10BC8400040C002000000000000000000E00000072
:10BC9400180C0020180C0020000000000000000018
:10BCA4000E0000002C0C00202C0C002000000000D2
:08BCB400000000000E0000007A
:10BCBC00400C0020400C002000000000010000009F
:10BCCC00500C0020500C002000000000FFFFFFFF74
:10BCDC000000000000000000680C0020680C002030
:10BCEC000000000000000000780C0020780C002000
:10BCFC000300030010000000000000003C6605007B
:10BD0C00D0EE002000000000000000009C0C002081
:10BD1C009C0C00200300030010000000F9F9030044
:10BD2C00D8660500E4EF00200000000000000000D1
:10BD3C00C00C0020C00C0020030003000000000019
:10BD4C0000000000F464050090EB002000000000EF
:10BD5C0000000000E40C0020E40C002001000100B5
:10BD6C0010000000A1E503002866050014EE002079
:10BD7C000000000000000000080D0020080D00204D
:10BD8C00030003000000000000000000F065050047
:10BD9C00CCED002000000000000000002C0D002065
:10BDAC002C0D00200C000C0004000000D1C003007E
:10BDBC00E0640500B4E90020000000000000000071
:10BDCC00500D0020500D002001000100000000006B
:0CBDDC000000000008650500DCEC002001
:04BDE80015E015E06D
:040000033000B60112
:00000001FF
